image_id,ship_id,modality,image_path
opt_000001,id_000001,optical,optical/opt_000001.tif
opt_000002,id_000002,optical,optical/opt_000002.tif
opt_000003,id_000003,optical,optical/opt_000003.tif
opt_000004,id_000004,optical,optical/opt_000004.tif
opt_000005,id_000005,optical,optical/opt_000005.tif
opt_000006,id_000006,optical,optical/opt_000006.tif
opt_000007,id_000007,optical,optical/opt_000007.tif
opt_000008,id_000008,optical,optical/opt_000008.tif
opt_000009,id_000009,optical,optical/opt_000009.tif
opt_000010,id_000010,optical,optical/opt_000010.tif
opt_000011,id_000011,optical,optical/opt_000011.tif
opt_000012,id_000012,optical,optical/opt_000012.tif
opt_000013,id_000013,optical,optical/opt_000013.tif
opt_000014,id_000014,optical,optical/opt_000014.tif
opt_000015,id_000015,optical,optical/opt_000015.tif
opt_000016,id_000016,optical,optical/opt_000016.tif
opt_000017,id_000017,optical,optical/opt_000017.tif
opt_000018,id_000018,optical,optical/opt_000018.tif
opt_000019,id_000019,optical,optical/opt_000019.tif
opt_000020,id_000020,optical,optical/opt_000020.tif
opt_000021,id_000021,optical,optical/opt_000021.tif
opt_000022,id_000022,optical,optical/opt_000022.tif
opt_000023,id_000023,optical,optical/opt_000023.tif
opt_000024,id_000024,optical,optical/opt_000024.tif
opt_000025,id_000025,optical,optical/opt_000025.tif
opt_000026,id_000026,optical,optical/opt_000026.tif
opt_000027,id_000027,optical,optical/opt_000027.tif
opt_000028,id_000028,optical,optical/opt_000028.tif
opt_000029,id_000029,optical,optical/opt_000029.tif
opt_000030,id_000030,optical,optical/opt_000030.tif
opt_000031,id_000031,optical,optical/opt_000031.tif
opt_000032,id_000032,optical,optical/opt_000032.tif
opt_000033,id_000033,optical,optical/opt_000033.tif
opt_000034,id_000033,optical,optical/opt_000034.tif
opt_000035,id_000033,optical,optical/opt_000035.tif
opt_000036,id_000034,optical,optical/opt_000036.tif
opt_000037,id_000035,optical,optical/opt_000037.tif
opt_000038,id_000036,optical,optical/opt_000038.tif
opt_000039,id_000037,optical,optical/opt_000039.tif
opt_000040,id_000038,optical,optical/opt_000040.tif
opt_000041,id_000039,optical,optical/opt_000041.tif
opt_000042,id_000040,optical,optical/opt_000042.tif
opt_000043,id_000041,optical,optical/opt_000043.tif
opt_000044,id_000042,optical,optical/opt_000044.tif
opt_000045,id_000043,optical,optical/opt_000045.tif
opt_000046,id_000044,optical,optical/opt_000046.tif
opt_000047,id_000045,optical,optical/opt_000047.tif
opt_000048,id_000046,optical,optical/opt_000048.tif
opt_000049,id_000047,optical,optical/opt_000049.tif
opt_000050,id_000048,optical,optical/opt_000050.tif
opt_000051,id_000049,optical,optical/opt_000051.tif
opt_000052,id_000050,optical,optical/opt_000052.tif
opt_000053,id_000051,optical,optical/opt_000053.tif
opt_000054,id_000052,optical,optical/opt_000054.tif
opt_000055,id_000053,optical,optical/opt_000055.tif
opt_000056,id_000054,optical,optical/opt_000056.tif
opt_000057,id_000055,optical,optical/opt_000057.tif
opt_000058,id_000056,optical,optical/opt_000058.tif
opt_000059,id_000057,optical,optical/opt_000059.tif
opt_000060,id_000058,optical,optical/opt_000060.tif
opt_000061,id_000059,optical,optical/opt_000061.tif
opt_000062,id_000060,optical,optical/opt_000062.tif
opt_000063,id_000061,optical,optical/opt_000063.tif
opt_000064,id_000062,optical,optical/opt_000064.tif
opt_000065,id_000063,optical,optical/opt_000065.tif
opt_000066,id_000064,optical,optical/opt_000066.tif
opt_000067,id_000065,optical,optical/opt_000067.tif
opt_000068,id_000066,optical,optical/opt_000068.tif
opt_000069,id_000067,optical,optical/opt_000069.tif
opt_000070,id_000067,optical,optical/opt_000070.tif
opt_000071,id_000068,optical,optical/opt_000071.tif
opt_000072,id_000069,optical,optical/opt_000072.tif
opt_000073,id_000069,optical,optical/opt_000073.tif
opt_000074,id_000070,optical,optical/opt_000074.tif
opt_000075,id_000071,optical,optical/opt_000075.tif
opt_000076,id_000072,optical,optical/opt_000076.tif
opt_000077,id_000073,optical,optical/opt_000077.tif
opt_000078,id_000074,optical,optical/opt_000078.tif
opt_000079,id_000075,optical,optical/opt_000079.tif
opt_000080,id_000076,optical,optical/opt_000080.tif
opt_000081,id_000077,optical,optical/opt_000081.tif
opt_000082,id_000078,optical,optical/opt_000082.tif
opt_000083,id_000079,optical,optical/opt_000083.tif
opt_000084,id_000080,optical,optical/opt_000084.tif
opt_000085,id_000081,optical,optical/opt_000085.tif
opt_000086,id_000082,optical,optical/opt_000086.tif
opt_000087,id_000083,optical,optical/opt_000087.tif
opt_000088,id_000083,optical,optical/opt_000088.tif
opt_000089,id_000084,optical,optical/opt_000089.tif
opt_000090,id_000085,optical,optical/opt_000090.tif
opt_000091,id_000086,optical,optical/opt_000091.tif
opt_000092,id_000087,optical,optical/opt_000092.tif
opt_000093,id_000088,optical,optical/opt_000093.tif
opt_000094,id_000089,optical,optical/opt_000094.tif
opt_000095,id_000090,optical,optical/opt_000095.tif
opt_000096,id_000091,optical,optical/opt_000096.tif
opt_000097,id_000092,optical,optical/opt_000097.tif
opt_000098,id_000093,optical,optical/opt_000098.tif
opt_000099,id_000094,optical,optical/opt_000099.tif
opt_000100,id_000095,optical,optical/opt_000100.tif
opt_000101,id_000096,optical,optical/opt_000101.tif
opt_000102,id_000097,optical,optical/opt_000102.tif
opt_000103,id_000098,optical,optical/opt_000103.tif
opt_000104,id_000099,optical,optical/opt_000104.tif
opt_000105,id_000100,optical,optical/opt_000105.tif
opt_000106,id_000101,optical,optical/opt_000106.tif
opt_000107,id_000102,optical,optical/opt_000107.tif
opt_000108,id_000103,optical,optical/opt_000108.tif
opt_000109,id_000104,optical,optical/opt_000109.tif
opt_000110,id_000105,optical,optical/opt_000110.tif
opt_000111,id_000106,optical,optical/opt_000111.tif
opt_000112,id_000107,optical,optical/opt_000112.tif
opt_000113,id_000108,optical,optical/opt_000113.tif
opt_000114,id_000109,optical,optical/opt_000114.tif
opt_000115,id_000110,optical,optical/opt_000115.tif
opt_000116,id_000111,optical,optical/opt_000116.tif
opt_000117,id_000112,optical,optical/opt_000117.tif
opt_000118,id_000113,optical,optical/opt_000118.tif
opt_000119,id_000114,optical,optical/opt_000119.tif
opt_000120,id_000115,optical,optical/opt_000120.tif
opt_000121,id_000116,optical,optical/opt_000121.tif
opt_000122,id_000117,optical,optical/opt_000122.tif
opt_000123,id_000118,optical,optical/opt_000123.tif
opt_000124,id_000118,optical,optical/opt_000124.tif
opt_000125,id_000119,optical,optical/opt_000125.tif
opt_000126,id_000120,optical,optical/opt_000126.tif
opt_000127,id_000121,optical,optical/opt_000127.tif
opt_000128,id_000122,optical,optical/opt_000128.tif
opt_000129,id_000123,optical,optical/opt_000129.tif
opt_000130,id_000124,optical,optical/opt_000130.tif
opt_000131,id_000125,optical,optical/opt_000131.tif
opt_000132,id_000126,optical,optical/opt_000132.tif
opt_000133,id_000127,optical,optical/opt_000133.tif
opt_000134,id_000128,optical,optical/opt_000134.tif
opt_000135,id_000129,optical,optical/opt_000135.tif
opt_000136,id_000130,optical,optical/opt_000136.tif
opt_000137,id_000131,optical,optical/opt_000137.tif
opt_000138,id_000132,optical,optical/opt_000138.tif
opt_000139,id_000133,optical,optical/opt_000139.tif
opt_000140,id_000134,optical,optical/opt_000140.tif
opt_000141,id_000134,optical,optical/opt_000141.tif
opt_000142,id_000135,optical,optical/opt_000142.tif
opt_000143,id_000136,optical,optical/opt_000143.tif
opt_000144,id_000137,optical,optical/opt_000144.tif
opt_000145,id_000138,optical,optical/opt_000145.tif
opt_000146,id_000139,optical,optical/opt_000146.tif
opt_000147,id_000140,optical,optical/opt_000147.tif
opt_000148,id_000141,optical,optical/opt_000148.tif
opt_000149,id_000142,optical,optical/opt_000149.tif
opt_000150,id_000143,optical,optical/opt_000150.tif
opt_000151,id_000144,optical,optical/opt_000151.tif
opt_000152,id_000145,optical,optical/opt_000152.tif
opt_000153,id_000146,optical,optical/opt_000153.tif
opt_000154,id_000147,optical,optical/opt_000154.tif
opt_000155,id_000148,optical,optical/opt_000155.tif
opt_000156,id_000149,optical,optical/opt_000156.tif
opt_000157,id_000150,optical,optical/opt_000157.tif
opt_000158,id_000151,optical,optical/opt_000158.tif
opt_000159,id_000152,optical,optical/opt_000159.tif
opt_000160,id_000153,optical,optical/opt_000160.tif
opt_000161,id_000154,optical,optical/opt_000161.tif
opt_000162,id_000155,optical,optical/opt_000162.tif
opt_000163,id_000156,optical,optical/opt_000163.tif
opt_000164,id_000157,optical,optical/opt_000164.tif
opt_000165,id_000158,optical,optical/opt_000165.tif
opt_000166,id_000159,optical,optical/opt_000166.tif
opt_000167,id_000160,optical,optical/opt_000167.tif
opt_000168,id_000161,optical,optical/opt_000168.tif
opt_000169,id_000162,optical,optical/opt_000169.tif
opt_000170,id_000163,optical,optical/opt_000170.tif
opt_000171,id_000163,optical,optical/opt_000171.tif
opt_000172,id_000163,optical,optical/opt_000172.tif
opt_000173,id_000164,optical,optical/opt_000173.tif
opt_000174,id_000165,optical,optical/opt_000174.tif
opt_000175,id_000166,optical,optical/opt_000175.tif
opt_000176,id_000167,optical,optical/opt_000176.tif
opt_000177,id_000168,optical,optical/opt_000177.tif
opt_000178,id_000169,optical,optical/opt_000178.tif
opt_000179,id_000170,optical,optical/opt_000179.tif
opt_000180,id_000171,optical,optical/opt_000180.tif
opt_000181,id_000172,optical,optical/opt_000181.tif
opt_000182,id_000173,optical,optical/opt_000182.tif
opt_000183,id_000174,optical,optical/opt_000183.tif
opt_000184,id_000175,optical,optical/opt_000184.tif
opt_000185,id_000176,optical,optical/opt_000185.tif
opt_000186,id_000177,optical,optical/opt_000186.tif
opt_000187,id_000178,optical,optical/opt_000187.tif
opt_000188,id_000179,optical,optical/opt_000188.tif
opt_000189,id_000180,optical,optical/opt_000189.tif
opt_000190,id_000181,optical,optical/opt_000190.tif
opt_000191,id_000182,optical,optical/opt_000191.tif
opt_000192,id_000183,optical,optical/opt_000192.tif
opt_000193,id_000184,optical,optical/opt_000193.tif
opt_000194,id_000185,optical,optical/opt_000194.tif
opt_000195,id_000186,optical,optical/opt_000195.tif
opt_000196,id_000187,optical,optical/opt_000196.tif
opt_000197,id_000188,optical,optical/opt_000197.tif
opt_000198,id_000189,optical,optical/opt_000198.tif
opt_000199,id_000190,optical,optical/opt_000199.tif
opt_000200,id_000191,optical,optical/opt_000200.tif
opt_000201,id_000192,optical,optical/opt_000201.tif
opt_000202,id_000193,optical,optical/opt_000202.tif
opt_000203,id_000194,optical,optical/opt_000203.tif
opt_000204,id_000194,optical,optical/opt_000204.tif
opt_000205,id_000194,optical,optical/opt_000205.tif
opt_000206,id_000195,optical,optical/opt_000206.tif
opt_000207,id_000196,optical,optical/opt_000207.tif
opt_000208,id_000197,optical,optical/opt_000208.tif
opt_000209,id_000198,optical,optical/opt_000209.tif
opt_000210,id_000199,optical,optical/opt_000210.tif
opt_000211,id_000200,optical,optical/opt_000211.tif
opt_000212,id_000201,optical,optical/opt_000212.tif
opt_000213,id_000202,optical,optical/opt_000213.tif
opt_000214,id_000203,optical,optical/opt_000214.tif
opt_000215,id_000204,optical,optical/opt_000215.tif
opt_000216,id_000205,optical,optical/opt_000216.tif
opt_000217,id_000206,optical,optical/opt_000217.tif
opt_000218,id_000207,optical,optical/opt_000218.tif
opt_000219,id_000208,optical,optical/opt_000219.tif
opt_000220,id_000209,optical,optical/opt_000220.tif
opt_000221,id_000210,optical,optical/opt_000221.tif
opt_000222,id_000211,optical,optical/opt_000222.tif
opt_000223,id_000212,optical,optical/opt_000223.tif
opt_000224,id_000213,optical,optical/opt_000224.tif
opt_000225,id_000214,optical,optical/opt_000225.tif
opt_000226,id_000215,optical,optical/opt_000226.tif
opt_000227,id_000216,optical,optical/opt_000227.tif
opt_000228,id_000217,optical,optical/opt_000228.tif
opt_000229,id_000217,optical,optical/opt_000229.tif
opt_000230,id_000217,optical,optical/opt_000230.tif
opt_000231,id_000218,optical,optical/opt_000231.tif
opt_000232,id_000219,optical,optical/opt_000232.tif
opt_000233,id_000220,optical,optical/opt_000233.tif
opt_000234,id_000221,optical,optical/opt_000234.tif
opt_000235,id_000222,optical,optical/opt_000235.tif
opt_000236,id_000223,optical,optical/opt_000236.tif
opt_000237,id_000224,optical,optical/opt_000237.tif
opt_000238,id_000225,optical,optical/opt_000238.tif
opt_000239,id_000226,optical,optical/opt_000239.tif
opt_000240,id_000227,optical,optical/opt_000240.tif
opt_000241,id_000227,optical,optical/opt_000241.tif
opt_000242,id_000228,optical,optical/opt_000242.tif
opt_000243,id_000229,optical,optical/opt_000243.tif
opt_000244,id_000230,optical,optical/opt_000244.tif
opt_000245,id_000231,optical,optical/opt_000245.tif
opt_000246,id_000232,optical,optical/opt_000246.tif
opt_000247,id_000233,optical,optical/opt_000247.tif
opt_000248,id_000234,optical,optical/opt_000248.tif
opt_000249,id_000235,optical,optical/opt_000249.tif
opt_000250,id_000236,optical,optical/opt_000250.tif
opt_000251,id_000237,optical,optical/opt_000251.tif
opt_000252,id_000238,optical,optical/opt_000252.tif
opt_000253,id_000239,optical,optical/opt_000253.tif
opt_000254,id_000240,optical,optical/opt_000254.tif
opt_000255,id_000241,optical,optical/opt_000255.tif
opt_000256,id_000242,optical,optical/opt_000256.tif
opt_000257,id_000243,optical,optical/opt_000257.tif
opt_000258,id_000244,optical,optical/opt_000258.tif
opt_000259,id_000245,optical,optical/opt_000259.tif
opt_000260,id_000246,optical,optical/opt_000260.tif
opt_000261,id_000247,optical,optical/opt_000261.tif
opt_000262,id_000248,optical,optical/opt_000262.tif
opt_000263,id_000249,optical,optical/opt_000263.tif
opt_000264,id_000250,optical,optical/opt_000264.tif
opt_000265,id_000251,optical,optical/opt_000265.tif
opt_000266,id_000252,optical,optical/opt_000266.tif
opt_000267,id_000253,optical,optical/opt_000267.tif
opt_000268,id_000254,optical,optical/opt_000268.tif
opt_000269,id_000255,optical,optical/opt_000269.tif
opt_000270,id_000256,optical,optical/opt_000270.tif
opt_000271,id_000257,optical,optical/opt_000271.tif
opt_000272,id_000258,optical,optical/opt_000272.tif
opt_000273,id_000259,optical,optical/opt_000273.tif
opt_000274,id_000260,optical,optical/opt_000274.tif
opt_000275,id_000261,optical,optical/opt_000275.tif
opt_000276,id_000262,optical,optical/opt_000276.tif
opt_000277,id_000263,optical,optical/opt_000277.tif
opt_000278,id_000264,optical,optical/opt_000278.tif
opt_000279,id_000265,optical,optical/opt_000279.tif
opt_000280,id_000266,optical,optical/opt_000280.tif
opt_000281,id_000267,optical,optical/opt_000281.tif
opt_000282,id_000268,optical,optical/opt_000282.tif
opt_000283,id_000269,optical,optical/opt_000283.tif
opt_000284,id_000270,optical,optical/opt_000284.tif
opt_000285,id_000271,optical,optical/opt_000285.tif
opt_000286,id_000271,optical,optical/opt_000286.tif
opt_000287,id_000272,optical,optical/opt_000287.tif
opt_000288,id_000273,optical,optical/opt_000288.tif
opt_000289,id_000274,optical,optical/opt_000289.tif
opt_000290,id_000275,optical,optical/opt_000290.tif
opt_000291,id_000276,optical,optical/opt_000291.tif
opt_000292,id_000277,optical,optical/opt_000292.tif
opt_000293,id_000278,optical,optical/opt_000293.tif
opt_000294,id_000279,optical,optical/opt_000294.tif
opt_000295,id_000280,optical,optical/opt_000295.tif
opt_000296,id_000281,optical,optical/opt_000296.tif
opt_000297,id_000282,optical,optical/opt_000297.tif
opt_000298,id_000283,optical,optical/opt_000298.tif
opt_000299,id_000284,optical,optical/opt_000299.tif
opt_000300,id_000285,optical,optical/opt_000300.tif
opt_000301,id_000286,optical,optical/opt_000301.tif
opt_000302,id_000287,optical,optical/opt_000302.tif
opt_000303,id_000287,optical,optical/opt_000303.tif
opt_000304,id_000288,optical,optical/opt_000304.tif
opt_000305,id_000289,optical,optical/opt_000305.tif
opt_000306,id_000290,optical,optical/opt_000306.tif
opt_000307,id_000291,optical,optical/opt_000307.tif
opt_000308,id_000292,optical,optical/opt_000308.tif
opt_000309,id_000293,optical,optical/opt_000309.tif
opt_000310,id_000294,optical,optical/opt_000310.tif
opt_000311,id_000295,optical,optical/opt_000311.tif
opt_000312,id_000296,optical,optical/opt_000312.tif
opt_000313,id_000297,optical,optical/opt_000313.tif
opt_000314,id_000298,optical,optical/opt_000314.tif
opt_000315,id_000299,optical,optical/opt_000315.tif
opt_000316,id_000300,optical,optical/opt_000316.tif
opt_000317,id_000301,optical,optical/opt_000317.tif
opt_000318,id_000302,optical,optical/opt_000318.tif
opt_000319,id_000303,optical,optical/opt_000319.tif
opt_000320,id_000303,optical,optical/opt_000320.tif
opt_000321,id_000303,optical,optical/opt_000321.tif
opt_000322,id_000304,optical,optical/opt_000322.tif
opt_000323,id_000305,optical,optical/opt_000323.tif
opt_000324,id_000306,optical,optical/opt_000324.tif
opt_000325,id_000307,optical,optical/opt_000325.tif
opt_000326,id_000308,optical,optical/opt_000326.tif
opt_000327,id_000309,optical,optical/opt_000327.tif
opt_000328,id_000310,optical,optical/opt_000328.tif
opt_000329,id_000311,optical,optical/opt_000329.tif
opt_000330,id_000312,optical,optical/opt_000330.tif
opt_000331,id_000313,optical,optical/opt_000331.tif
opt_000332,id_000314,optical,optical/opt_000332.tif
opt_000333,id_000315,optical,optical/opt_000333.tif
opt_000334,id_000316,optical,optical/opt_000334.tif
opt_000335,id_000317,optical,optical/opt_000335.tif
opt_000336,id_000318,optical,optical/opt_000336.tif
opt_000337,id_000319,optical,optical/opt_000337.tif
opt_000338,id_000320,optical,optical/opt_000338.tif
opt_000339,id_000321,optical,optical/opt_000339.tif
opt_000340,id_000322,optical,optical/opt_000340.tif
opt_000341,id_000323,optical,optical/opt_000341.tif
opt_000342,id_000324,optical,optical/opt_000342.tif
opt_000343,id_000325,optical,optical/opt_000343.tif
opt_000344,id_000326,optical,optical/opt_000344.tif
opt_000345,id_000327,optical,optical/opt_000345.tif
opt_000346,id_000328,optical,optical/opt_000346.tif
opt_000347,id_000329,optical,optical/opt_000347.tif
opt_000348,id_000330,optical,optical/opt_000348.tif
opt_000349,id_000331,optical,optical/opt_000349.tif
opt_000350,id_000332,optical,optical/opt_000350.tif
opt_000351,id_000333,optical,optical/opt_000351.tif
opt_000352,id_000334,optical,optical/opt_000352.tif
opt_000353,id_000335,optical,optical/opt_000353.tif
opt_000354,id_000336,optical,optical/opt_000354.tif
opt_000355,id_000337,optical,optical/opt_000355.tif
opt_000356,id_000338,optical,optical/opt_000356.tif
opt_000357,id_000339,optical,optical/opt_000357.tif
opt_000358,id_000340,optical,optical/opt_000358.tif
opt_000359,id_000341,optical,optical/opt_000359.tif
opt_000360,id_000342,optical,optical/opt_000360.tif
opt_000361,id_000343,optical,optical/opt_000361.tif
opt_000362,id_000344,optical,optical/opt_000362.tif
opt_000363,id_000345,optical,optical/opt_000363.tif
opt_000364,id_000346,optical,optical/opt_000364.tif
opt_000365,id_000346,optical,optical/opt_000365.tif
opt_000366,id_000347,optical,optical/opt_000366.tif
opt_000367,id_000348,optical,optical/opt_000367.tif
opt_000368,id_000349,optical,optical/opt_000368.tif
opt_000369,id_000350,optical,optical/opt_000369.tif
opt_000370,id_000351,optical,optical/opt_000370.tif
opt_000371,id_000352,optical,optical/opt_000371.tif
opt_000372,id_000353,optical,optical/opt_000372.tif
opt_000373,id_000353,optical,optical/opt_000373.tif
opt_000374,id_000354,optical,optical/opt_000374.tif
opt_000375,id_000355,optical,optical/opt_000375.tif
opt_000376,id_000356,optical,optical/opt_000376.tif
opt_000377,id_000357,optical,optical/opt_000377.tif
opt_000378,id_000358,optical,optical/opt_000378.tif
opt_000379,id_000358,optical,optical/opt_000379.tif
opt_000380,id_000358,optical,optical/opt_000380.tif
opt_000381,id_000359,optical,optical/opt_000381.tif
opt_000382,id_000360,optical,optical/opt_000382.tif
opt_000383,id_000361,optical,optical/opt_000383.tif
opt_000384,id_000362,optical,optical/opt_000384.tif
opt_000385,id_000363,optical,optical/opt_000385.tif
opt_000386,id_000364,optical,optical/opt_000386.tif
opt_000387,id_000365,optical,optical/opt_000387.tif
opt_000388,id_000366,optical,optical/opt_000388.tif
opt_000389,id_000367,optical,optical/opt_000389.tif
opt_000390,id_000368,optical,optical/opt_000390.tif
opt_000391,id_000368,optical,optical/opt_000391.tif
opt_000392,id_000369,optical,optical/opt_000392.tif
opt_000393,id_000370,optical,optical/opt_000393.tif
opt_000394,id_000371,optical,optical/opt_000394.tif
opt_000395,id_000372,optical,optical/opt_000395.tif
opt_000396,id_000373,optical,optical/opt_000396.tif
opt_000397,id_000374,optical,optical/opt_000397.tif
opt_000398,id_000375,optical,optical/opt_000398.tif
opt_000399,id_000376,optical,optical/opt_000399.tif
opt_000400,id_000377,optical,optical/opt_000400.tif
opt_000401,id_000378,optical,optical/opt_000401.tif
opt_000402,id_000379,optical,optical/opt_000402.tif
opt_000403,id_000380,optical,optical/opt_000403.tif
opt_000404,id_000381,optical,optical/opt_000404.tif
opt_000405,id_000382,optical,optical/opt_000405.tif
opt_000406,id_000383,optical,optical/opt_000406.tif
opt_000407,id_000384,optical,optical/opt_000407.tif
opt_000408,id_000385,optical,optical/opt_000408.tif
opt_000409,id_000386,optical,optical/opt_000409.tif
opt_000410,id_000387,optical,optical/opt_000410.tif
opt_000411,id_000388,optical,optical/opt_000411.tif
opt_000412,id_000388,optical,optical/opt_000412.tif
opt_000413,id_000388,optical,optical/opt_000413.tif
opt_000414,id_000389,optical,optical/opt_000414.tif
opt_000415,id_000390,optical,optical/opt_000415.tif
opt_000416,id_000391,optical,optical/opt_000416.tif
opt_000417,id_000392,optical,optical/opt_000417.tif
opt_000418,id_000393,optical,optical/opt_000418.tif
opt_000419,id_000394,optical,optical/opt_000419.tif
opt_000420,id_000395,optical,optical/opt_000420.tif
opt_000421,id_000396,optical,optical/opt_000421.tif
opt_000422,id_000397,optical,optical/opt_000422.tif
opt_000423,id_000398,optical,optical/opt_000423.tif
opt_000424,id_000398,optical,optical/opt_000424.tif
opt_000425,id_000399,optical,optical/opt_000425.tif
opt_000426,id_000400,optical,optical/opt_000426.tif
opt_000427,id_000401,optical,optical/opt_000427.tif
opt_000428,id_000402,optical,optical/opt_000428.tif
opt_000429,id_000403,optical,optical/opt_000429.tif
opt_000430,id_000404,optical,optical/opt_000430.tif
opt_000431,id_000405,optical,optical/opt_000431.tif
opt_000432,id_000406,optical,optical/opt_000432.tif
opt_000433,id_000407,optical,optical/opt_000433.tif
opt_000434,id_000408,optical,optical/opt_000434.tif
opt_000435,id_000409,optical,optical/opt_000435.tif
opt_000436,id_000410,optical,optical/opt_000436.tif
opt_000437,id_000411,optical,optical/opt_000437.tif
opt_000438,id_000412,optical,optical/opt_000438.tif
opt_000439,id_000413,optical,optical/opt_000439.tif
opt_000440,id_000414,optical,optical/opt_000440.tif
opt_000441,id_000415,optical,optical/opt_000441.tif
opt_000442,id_000416,optical,optical/opt_000442.tif
opt_000443,id_000417,optical,optical/opt_000443.tif
opt_000444,id_000418,optical,optical/opt_000444.tif
opt_000445,id_000419,optical,optical/opt_000445.tif
opt_000446,id_000420,optical,optical/opt_000446.tif
opt_000447,id_000421,optical,optical/opt_000447.tif
opt_000448,id_000422,optical,optical/opt_000448.tif
opt_000449,id_000423,optical,optical/opt_000449.tif
opt_000450,id_000424,optical,optical/opt_000450.tif
opt_000451,id_000425,optical,optical/opt_000451.tif
opt_000452,id_000426,optical,optical/opt_000452.tif
opt_000453,id_000427,optical,optical/opt_000453.tif
opt_000454,id_000428,optical,optical/opt_000454.tif
opt_000455,id_000429,optical,optical/opt_000455.tif
opt_000456,id_000430,optical,optical/opt_000456.tif
opt_000457,id_000431,optical,optical/opt_000457.tif
opt_000458,id_000431,optical,optical/opt_000458.tif
opt_000459,id_000432,optical,optical/opt_000459.tif
opt_000460,id_000433,optical,optical/opt_000460.tif
opt_000461,id_000434,optical,optical/opt_000461.tif
opt_000462,id_000435,optical,optical/opt_000462.tif
opt_000463,id_000436,optical,optical/opt_000463.tif
opt_000464,id_000437,optical,optical/opt_000464.tif
opt_000465,id_000438,optical,optical/opt_000465.tif
opt_000466,id_000439,optical,optical/opt_000466.tif
opt_000467,id_000440,optical,optical/opt_000467.tif
opt_000468,id_000441,optical,optical/opt_000468.tif
opt_000469,id_000442,optical,optical/opt_000469.tif
opt_000470,id_000443,optical,optical/opt_000470.tif
opt_000471,id_000444,optical,optical/opt_000471.tif
opt_000472,id_000445,optical,optical/opt_000472.tif
opt_000473,id_000446,optical,optical/opt_000473.tif
opt_000474,id_000447,optical,optical/opt_000474.tif
opt_000475,id_000448,optical,optical/opt_000475.tif
opt_000476,id_000449,optical,optical/opt_000476.tif
opt_000477,id_000450,optical,optical/opt_000477.tif
opt_000478,id_000451,optical,optical/opt_000478.tif
opt_000479,id_000452,optical,optical/opt_000479.tif
opt_000480,id_000453,optical,optical/opt_000480.tif
opt_000481,id_000454,optical,optical/opt_000481.tif
opt_000482,id_000455,optical,optical/opt_000482.tif
opt_000483,id_000456,optical,optical/opt_000483.tif
opt_000484,id_000456,optical,optical/opt_000484.tif
opt_000485,id_000457,optical,optical/opt_000485.tif
opt_000486,id_000458,optical,optical/opt_000486.tif
opt_000487,id_000459,optical,optical/opt_000487.tif
opt_000488,id_000460,optical,optical/opt_000488.tif
opt_000489,id_000461,optical,optical/opt_000489.tif
opt_000490,id_000462,optical,optical/opt_000490.tif
opt_000491,id_000463,optical,optical/opt_000491.tif
opt_000492,id_000463,optical,optical/opt_000492.tif
opt_000493,id_000464,optical,optical/opt_000493.tif
opt_000494,id_000465,optical,optical/opt_000494.tif
opt_000495,id_000466,optical,optical/opt_000495.tif
opt_000496,id_000467,optical,optical/opt_000496.tif
opt_000497,id_000468,optical,optical/opt_000497.tif
opt_000498,id_000469,optical,optical/opt_000498.tif
opt_000499,id_000470,optical,optical/opt_000499.tif
opt_000500,id_000471,optical,optical/opt_000500.tif
opt_000501,id_000472,optical,optical/opt_000501.tif
opt_000502,id_000473,optical,optical/opt_000502.tif
opt_000503,id_000474,optical,optical/opt_000503.tif
opt_000504,id_000475,optical,optical/opt_000504.tif
opt_000505,id_000476,optical,optical/opt_000505.tif
opt_000506,id_000477,optical,optical/opt_000506.tif
opt_000507,id_000478,optical,optical/opt_000507.tif
opt_000508,id_000479,optical,optical/opt_000508.tif
opt_000509,id_000480,optical,optical/opt_000509.tif
opt_000510,id_000481,optical,optical/opt_000510.tif
opt_000511,id_000481,optical,optical/opt_000511.tif
opt_000512,id_000482,optical,optical/opt_000512.tif
opt_000513,id_000483,optical,optical/opt_000513.tif
opt_000514,id_000484,optical,optical/opt_000514.tif
opt_000515,id_000485,optical,optical/opt_000515.tif
opt_000516,id_000486,optical,optical/opt_000516.tif
opt_000517,id_000487,optical,optical/opt_000517.tif
opt_000518,id_000488,optical,optical/opt_000518.tif
opt_000519,id_000489,optical,optical/opt_000519.tif
opt_000520,id_000490,optical,optical/opt_000520.tif
opt_000521,id_000491,optical,optical/opt_000521.tif
opt_000522,id_000492,optical,optical/opt_000522.tif
opt_000523,id_000493,optical,optical/opt_000523.tif
opt_000524,id_000494,optical,optical/opt_000524.tif
opt_000525,id_000495,optical,optical/opt_000525.tif
opt_000526,id_000496,optical,optical/opt_000526.tif
opt_000527,id_000496,optical,optical/opt_000527.tif
opt_000528,id_000496,optical,optical/opt_000528.tif
opt_000529,id_000497,optical,optical/opt_000529.tif
opt_000530,id_000498,optical,optical/opt_000530.tif
opt_000531,id_000499,optical,optical/opt_000531.tif
opt_000532,id_000500,optical,optical/opt_000532.tif
opt_000533,id_000501,optical,optical/opt_000533.tif
opt_000534,id_000502,optical,optical/opt_000534.tif
opt_000535,id_000503,optical,optical/opt_000535.tif
opt_000536,id_000504,optical,optical/opt_000536.tif
opt_000537,id_000505,optical,optical/opt_000537.tif
opt_000538,id_000506,optical,optical/opt_000538.tif
opt_000539,id_000507,optical,optical/opt_000539.tif
opt_000540,id_000508,optical,optical/opt_000540.tif
opt_000541,id_000509,optical,optical/opt_000541.tif
opt_000542,id_000510,optical,optical/opt_000542.tif
opt_000543,id_000511,optical,optical/opt_000543.tif
opt_000544,id_000512,optical,optical/opt_000544.tif
opt_000545,id_000513,optical,optical/opt_000545.tif
opt_000546,id_000514,optical,optical/opt_000546.tif
opt_000547,id_000515,optical,optical/opt_000547.tif
opt_000548,id_000516,optical,optical/opt_000548.tif
opt_000549,id_000516,optical,optical/opt_000549.tif
opt_000550,id_000517,optical,optical/opt_000550.tif
opt_000551,id_000518,optical,optical/opt_000551.tif
opt_000552,id_000519,optical,optical/opt_000552.tif
opt_000553,id_000520,optical,optical/opt_000553.tif
opt_000554,id_000521,optical,optical/opt_000554.tif
opt_000555,id_000522,optical,optical/opt_000555.tif
opt_000556,id_000523,optical,optical/opt_000556.tif
opt_000557,id_000524,optical,optical/opt_000557.tif
opt_000558,id_000524,optical,optical/opt_000558.tif
opt_000559,id_000525,optical,optical/opt_000559.tif
opt_000560,id_000526,optical,optical/opt_000560.tif
opt_000561,id_000527,optical,optical/opt_000561.tif
opt_000562,id_000528,optical,optical/opt_000562.tif
opt_000563,id_000529,optical,optical/opt_000563.tif
opt_000564,id_000530,optical,optical/opt_000564.tif
opt_000565,id_000531,optical,optical/opt_000565.tif
opt_000566,id_000532,optical,optical/opt_000566.tif
opt_000567,id_000533,optical,optical/opt_000567.tif
opt_000568,id_000534,optical,optical/opt_000568.tif
opt_000569,id_000535,optical,optical/opt_000569.tif
opt_000570,id_000536,optical,optical/opt_000570.tif
opt_000571,id_000537,optical,optical/opt_000571.tif
opt_000572,id_000538,optical,optical/opt_000572.tif
opt_000573,id_000539,optical,optical/opt_000573.tif
opt_000574,id_000540,optical,optical/opt_000574.tif
opt_000575,id_000541,optical,optical/opt_000575.tif
opt_000576,id_000542,optical,optical/opt_000576.tif
opt_000577,id_000543,optical,optical/opt_000577.tif
opt_000578,id_000544,optical,optical/opt_000578.tif
opt_000579,id_000545,optical,optical/opt_000579.tif
opt_000580,id_000546,optical,optical/opt_000580.tif
opt_000581,id_000547,optical,optical/opt_000581.tif
opt_000582,id_000548,optical,optical/opt_000582.tif
opt_000583,id_000549,optical,optical/opt_000583.tif
opt_000584,id_000550,optical,optical/opt_000584.tif
opt_000585,id_000551,optical,optical/opt_000585.tif
opt_000586,id_000552,optical,optical/opt_000586.tif
opt_000587,id_000553,optical,optical/opt_000587.tif
opt_000588,id_000554,optical,optical/opt_000588.tif
opt_000589,id_000555,optical,optical/opt_000589.tif
opt_000590,id_000556,optical,optical/opt_000590.tif
opt_000591,id_000557,optical,optical/opt_000591.tif
opt_000592,id_000558,optical,optical/opt_000592.tif
opt_000593,id_000559,optical,optical/opt_000593.tif
opt_000594,id_000560,optical,optical/opt_000594.tif
opt_000595,id_000561,optical,optical/opt_000595.tif
opt_000596,id_000561,optical,optical/opt_000596.tif
opt_000597,id_000561,optical,optical/opt_000597.tif
opt_000598,id_000562,optical,optical/opt_000598.tif
opt_000599,id_000563,optical,optical/opt_000599.tif
opt_000600,id_000564,optical,optical/opt_000600.tif
opt_000601,id_000564,optical,optical/opt_000601.tif
opt_000602,id_000565,optical,optical/opt_000602.tif
opt_000603,id_000566,optical,optical/opt_000603.tif
opt_000604,id_000567,optical,optical/opt_000604.tif
opt_000605,id_000568,optical,optical/opt_000605.tif
opt_000606,id_000569,optical,optical/opt_000606.tif
opt_000607,id_000570,optical,optical/opt_000607.tif
opt_000608,id_000571,optical,optical/opt_000608.tif
opt_000609,id_000572,optical,optical/opt_000609.tif
opt_000610,id_000573,optical,optical/opt_000610.tif
opt_000611,id_000574,optical,optical/opt_000611.tif
opt_000612,id_000574,optical,optical/opt_000612.tif
opt_000613,id_000574,optical,optical/opt_000613.tif
opt_000614,id_000575,optical,optical/opt_000614.tif
opt_000615,id_000575,optical,optical/opt_000615.tif
opt_000616,id_000575,optical,optical/opt_000616.tif
opt_000617,id_000576,optical,optical/opt_000617.tif
opt_000618,id_000577,optical,optical/opt_000618.tif
opt_000619,id_000578,optical,optical/opt_000619.tif
opt_000620,id_000579,optical,optical/opt_000620.tif
opt_000621,id_000580,optical,optical/opt_000621.tif
opt_000622,id_000581,optical,optical/opt_000622.tif
opt_000623,id_000582,optical,optical/opt_000623.tif
opt_000624,id_000583,optical,optical/opt_000624.tif
opt_000625,id_000584,optical,optical/opt_000625.tif
opt_000626,id_000585,optical,optical/opt_000626.tif
opt_000627,id_000585,optical,optical/opt_000627.tif
opt_000628,id_000586,optical,optical/opt_000628.tif
opt_000629,id_000587,optical,optical/opt_000629.tif
opt_000630,id_000588,optical,optical/opt_000630.tif
opt_000631,id_000588,optical,optical/opt_000631.tif
opt_000632,id_000588,optical,optical/opt_000632.tif
opt_000633,id_000589,optical,optical/opt_000633.tif
opt_000634,id_000590,optical,optical/opt_000634.tif
opt_000635,id_000591,optical,optical/opt_000635.tif
opt_000636,id_000591,optical,optical/opt_000636.tif
opt_000637,id_000592,optical,optical/opt_000637.tif
opt_000638,id_000593,optical,optical/opt_000638.tif
opt_000639,id_000594,optical,optical/opt_000639.tif
opt_000640,id_000595,optical,optical/opt_000640.tif
opt_000641,id_000596,optical,optical/opt_000641.tif
opt_000642,id_000597,optical,optical/opt_000642.tif
opt_000643,id_000598,optical,optical/opt_000643.tif
opt_000644,id_000599,optical,optical/opt_000644.tif
opt_000645,id_000600,optical,optical/opt_000645.tif
opt_000646,id_000601,optical,optical/opt_000646.tif
opt_000647,id_000602,optical,optical/opt_000647.tif
opt_000648,id_000603,optical,optical/opt_000648.tif
opt_000649,id_000604,optical,optical/opt_000649.tif
opt_000650,id_000605,optical,optical/opt_000650.tif
opt_000651,id_000606,optical,optical/opt_000651.tif
opt_000652,id_000607,optical,optical/opt_000652.tif
opt_000653,id_000608,optical,optical/opt_000653.tif
opt_000654,id_000609,optical,optical/opt_000654.tif
opt_000655,id_000610,optical,optical/opt_000655.tif
opt_000656,id_000611,optical,optical/opt_000656.tif
opt_000657,id_000612,optical,optical/opt_000657.tif
opt_000658,id_000613,optical,optical/opt_000658.tif
opt_000659,id_000614,optical,optical/opt_000659.tif
opt_000660,id_000615,optical,optical/opt_000660.tif
opt_000661,id_000616,optical,optical/opt_000661.tif
opt_000662,id_000617,optical,optical/opt_000662.tif
opt_000663,id_000618,optical,optical/opt_000663.tif
opt_000664,id_000618,optical,optical/opt_000664.tif
opt_000665,id_000618,optical,optical/opt_000665.tif
opt_000666,id_000619,optical,optical/opt_000666.tif
opt_000667,id_000620,optical,optical/opt_000667.tif
opt_000668,id_000621,optical,optical/opt_000668.tif
opt_000669,id_000622,optical,optical/opt_000669.tif
opt_000670,id_000623,optical,optical/opt_000670.tif
opt_000671,id_000624,optical,optical/opt_000671.tif
opt_000672,id_000625,optical,optical/opt_000672.tif
opt_000673,id_000626,optical,optical/opt_000673.tif
opt_000674,id_000627,optical,optical/opt_000674.tif
opt_000675,id_000628,optical,optical/opt_000675.tif
opt_000676,id_000629,optical,optical/opt_000676.tif
opt_000677,id_000630,optical,optical/opt_000677.tif
opt_000678,id_000631,optical,optical/opt_000678.tif
opt_000679,id_000632,optical,optical/opt_000679.tif
opt_000680,id_000633,optical,optical/opt_000680.tif
opt_000681,id_000634,optical,optical/opt_000681.tif
opt_000682,id_000634,optical,optical/opt_000682.tif
opt_000683,id_000635,optical,optical/opt_000683.tif
opt_000684,id_000636,optical,optical/opt_000684.tif
opt_000685,id_000637,optical,optical/opt_000685.tif
opt_000686,id_000638,optical,optical/opt_000686.tif
opt_000687,id_000639,optical,optical/opt_000687.tif
opt_000688,id_000640,optical,optical/opt_000688.tif
opt_000689,id_000641,optical,optical/opt_000689.tif
opt_000690,id_000642,optical,optical/opt_000690.tif
opt_000691,id_000643,optical,optical/opt_000691.tif
opt_000692,id_000644,optical,optical/opt_000692.tif
opt_000693,id_000645,optical,optical/opt_000693.tif
opt_000694,id_000646,optical,optical/opt_000694.tif
opt_000695,id_000647,optical,optical/opt_000695.tif
opt_000696,id_000648,optical,optical/opt_000696.tif
opt_000697,id_000649,optical,optical/opt_000697.tif
opt_000698,id_000650,optical,optical/opt_000698.tif
opt_000699,id_000651,optical,optical/opt_000699.tif
opt_000700,id_000652,optical,optical/opt_000700.tif
opt_000701,id_000653,optical,optical/opt_000701.tif
opt_000702,id_000654,optical,optical/opt_000702.tif
opt_000703,id_000654,optical,optical/opt_000703.tif
opt_000704,id_000655,optical,optical/opt_000704.tif
opt_000705,id_000656,optical,optical/opt_000705.tif
opt_000706,id_000657,optical,optical/opt_000706.tif
opt_000707,id_000658,optical,optical/opt_000707.tif
opt_000708,id_000659,optical,optical/opt_000708.tif
opt_000709,id_000660,optical,optical/opt_000709.tif
opt_000710,id_000661,optical,optical/opt_000710.tif
opt_000711,id_000662,optical,optical/opt_000711.tif
opt_000712,id_000663,optical,optical/opt_000712.tif
opt_000713,id_000664,optical,optical/opt_000713.tif
opt_000714,id_000665,optical,optical/opt_000714.tif
opt_000715,id_000666,optical,optical/opt_000715.tif
opt_000716,id_000667,optical,optical/opt_000716.tif
opt_000717,id_000668,optical,optical/opt_000717.tif
opt_000718,id_000669,optical,optical/opt_000718.tif
opt_000719,id_000670,optical,optical/opt_000719.tif
opt_000720,id_000670,optical,optical/opt_000720.tif
opt_000721,id_000670,optical,optical/opt_000721.tif
opt_000722,id_000671,optical,optical/opt_000722.tif
opt_000723,id_000672,optical,optical/opt_000723.tif
opt_000724,id_000673,optical,optical/opt_000724.tif
opt_000725,id_000674,optical,optical/opt_000725.tif
opt_000726,id_000675,optical,optical/opt_000726.tif
opt_000727,id_000676,optical,optical/opt_000727.tif
opt_000728,id_000677,optical,optical/opt_000728.tif
opt_000729,id_000678,optical,optical/opt_000729.tif
opt_000730,id_000679,optical,optical/opt_000730.tif
opt_000731,id_000680,optical,optical/opt_000731.tif
opt_000732,id_000681,optical,optical/opt_000732.tif
opt_000733,id_000682,optical,optical/opt_000733.tif
opt_000734,id_000683,optical,optical/opt_000734.tif
opt_000735,id_000684,optical,optical/opt_000735.tif
opt_000736,id_000685,optical,optical/opt_000736.tif
opt_000737,id_000686,optical,optical/opt_000737.tif
opt_000738,id_000687,optical,optical/opt_000738.tif
opt_000739,id_000688,optical,optical/opt_000739.tif
opt_000740,id_000689,optical,optical/opt_000740.tif
opt_000741,id_000690,optical,optical/opt_000741.tif
opt_000742,id_000691,optical,optical/opt_000742.tif
opt_000743,id_000692,optical,optical/opt_000743.tif
opt_000744,id_000693,optical,optical/opt_000744.tif
opt_000745,id_000694,optical,optical/opt_000745.tif
opt_000746,id_000695,optical,optical/opt_000746.tif
opt_000747,id_000696,optical,optical/opt_000747.tif
opt_000748,id_000697,optical,optical/opt_000748.tif
opt_000749,id_000698,optical,optical/opt_000749.tif
opt_000750,id_000699,optical,optical/opt_000750.tif
opt_000751,id_000700,optical,optical/opt_000751.tif
opt_000752,id_000701,optical,optical/opt_000752.tif
opt_000753,id_000702,optical,optical/opt_000753.tif
opt_000754,id_000703,optical,optical/opt_000754.tif
opt_000755,id_000704,optical,optical/opt_000755.tif
opt_000756,id_000705,optical,optical/opt_000756.tif
opt_000757,id_000706,optical,optical/opt_000757.tif
opt_000758,id_000707,optical,optical/opt_000758.tif
opt_000759,id_000708,optical,optical/opt_000759.tif
opt_000760,id_000709,optical,optical/opt_000760.tif
opt_000761,id_000710,optical,optical/opt_000761.tif
opt_000762,id_000711,optical,optical/opt_000762.tif
opt_000763,id_000712,optical,optical/opt_000763.tif
opt_000764,id_000713,optical,optical/opt_000764.tif
opt_000765,id_000714,optical,optical/opt_000765.tif
opt_000766,id_000715,optical,optical/opt_000766.tif
opt_000767,id_000716,optical,optical/opt_000767.tif
opt_000768,id_000717,optical,optical/opt_000768.tif
opt_000769,id_000717,optical,optical/opt_000769.tif
opt_000770,id_000717,optical,optical/opt_000770.tif
opt_000771,id_000718,optical,optical/opt_000771.tif
opt_000772,id_000719,optical,optical/opt_000772.tif
opt_000773,id_000720,optical,optical/opt_000773.tif
opt_000774,id_000721,optical,optical/opt_000774.tif
opt_000775,id_000722,optical,optical/opt_000775.tif
opt_000776,id_000723,optical,optical/opt_000776.tif
opt_000777,id_000724,optical,optical/opt_000777.tif
opt_000778,id_000725,optical,optical/opt_000778.tif
opt_000779,id_000726,optical,optical/opt_000779.tif
opt_000780,id_000727,optical,optical/opt_000780.tif
opt_000781,id_000728,optical,optical/opt_000781.tif
opt_000782,id_000729,optical,optical/opt_000782.tif
opt_000783,id_000730,optical,optical/opt_000783.tif
opt_000784,id_000731,optical,optical/opt_000784.tif
opt_000785,id_000732,optical,optical/opt_000785.tif
opt_000786,id_000733,optical,optical/opt_000786.tif
opt_000787,id_000733,optical,optical/opt_000787.tif
opt_000788,id_000734,optical,optical/opt_000788.tif
opt_000789,id_000735,optical,optical/opt_000789.tif
opt_000790,id_000736,optical,optical/opt_000790.tif
opt_000791,id_000737,optical,optical/opt_000791.tif
opt_000792,id_000738,optical,optical/opt_000792.tif
opt_000793,id_000739,optical,optical/opt_000793.tif
opt_000794,id_000740,optical,optical/opt_000794.tif
opt_000795,id_000741,optical,optical/opt_000795.tif
opt_000796,id_000742,optical,optical/opt_000796.tif
opt_000797,id_000743,optical,optical/opt_000797.tif
opt_000798,id_000744,optical,optical/opt_000798.tif
opt_000799,id_000745,optical,optical/opt_000799.tif
opt_000800,id_000746,optical,optical/opt_000800.tif
opt_000801,id_000747,optical,optical/opt_000801.tif
opt_000802,id_000748,optical,optical/opt_000802.tif
opt_000803,id_000749,optical,optical/opt_000803.tif
opt_000804,id_000750,optical,optical/opt_000804.tif
opt_000805,id_000751,optical,optical/opt_000805.tif
opt_000806,id_000752,optical,optical/opt_000806.tif
opt_000807,id_000752,optical,optical/opt_000807.tif
opt_000808,id_000753,optical,optical/opt_000808.tif
opt_000809,id_000754,optical,optical/opt_000809.tif
opt_000810,id_000755,optical,optical/opt_000810.tif
opt_000811,id_000756,optical,optical/opt_000811.tif
opt_000812,id_000757,optical,optical/opt_000812.tif
opt_000813,id_000758,optical,optical/opt_000813.tif
opt_000814,id_000759,optical,optical/opt_000814.tif
opt_000815,id_000760,optical,optical/opt_000815.tif
opt_000816,id_000761,optical,optical/opt_000816.tif
opt_000817,id_000762,optical,optical/opt_000817.tif
opt_000818,id_000763,optical,optical/opt_000818.tif
opt_000819,id_000763,optical,optical/opt_000819.tif
opt_000820,id_000763,optical,optical/opt_000820.tif
opt_000821,id_000764,optical,optical/opt_000821.tif
opt_000822,id_000765,optical,optical/opt_000822.tif
opt_000823,id_000766,optical,optical/opt_000823.tif
opt_000824,id_000767,optical,optical/opt_000824.tif
opt_000825,id_000768,optical,optical/opt_000825.tif
opt_000826,id_000769,optical,optical/opt_000826.tif
opt_000827,id_000770,optical,optical/opt_000827.tif
opt_000828,id_000771,optical,optical/opt_000828.tif
opt_000829,id_000772,optical,optical/opt_000829.tif
opt_000830,id_000773,optical,optical/opt_000830.tif
opt_000831,id_000774,optical,optical/opt_000831.tif
opt_000832,id_000775,optical,optical/opt_000832.tif
opt_000833,id_000776,optical,optical/opt_000833.tif
opt_000834,id_000777,optical,optical/opt_000834.tif
opt_000835,id_000778,optical,optical/opt_000835.tif
opt_000836,id_000779,optical,optical/opt_000836.tif
opt_000837,id_000780,optical,optical/opt_000837.tif
opt_000838,id_000781,optical,optical/opt_000838.tif
opt_000839,id_000782,optical,optical/opt_000839.tif
opt_000840,id_000783,optical,optical/opt_000840.tif
opt_000841,id_000784,optical,optical/opt_000841.tif
opt_000842,id_000785,optical,optical/opt_000842.tif
opt_000843,id_000786,optical,optical/opt_000843.tif
opt_000844,id_000787,optical,optical/opt_000844.tif
opt_000845,id_000787,optical,optical/opt_000845.tif
opt_000846,id_000787,optical,optical/opt_000846.tif
opt_000847,id_000788,optical,optical/opt_000847.tif
opt_000848,id_000789,optical,optical/opt_000848.tif
opt_000849,id_000790,optical,optical/opt_000849.tif
opt_000850,id_000791,optical,optical/opt_000850.tif
opt_000851,id_000792,optical,optical/opt_000851.tif
opt_000852,id_000793,optical,optical/opt_000852.tif
opt_000853,id_000793,optical,optical/opt_000853.tif
opt_000854,id_000794,optical,optical/opt_000854.tif
opt_000855,id_000795,optical,optical/opt_000855.tif
opt_000856,id_000796,optical,optical/opt_000856.tif
opt_000857,id_000797,optical,optical/opt_000857.tif
opt_000858,id_000798,optical,optical/opt_000858.tif
opt_000859,id_000799,optical,optical/opt_000859.tif
opt_000860,id_000800,optical,optical/opt_000860.tif
opt_000861,id_000801,optical,optical/opt_000861.tif
opt_000862,id_000802,optical,optical/opt_000862.tif
opt_000863,id_000803,optical,optical/opt_000863.tif
opt_000864,id_000804,optical,optical/opt_000864.tif
opt_000865,id_000804,optical,optical/opt_000865.tif
opt_000866,id_000804,optical,optical/opt_000866.tif
opt_000867,id_000805,optical,optical/opt_000867.tif
opt_000868,id_000806,optical,optical/opt_000868.tif
opt_000869,id_000807,optical,optical/opt_000869.tif
opt_000870,id_000808,optical,optical/opt_000870.tif
opt_000871,id_000809,optical,optical/opt_000871.tif
opt_000872,id_000810,optical,optical/opt_000872.tif
opt_000873,id_000811,optical,optical/opt_000873.tif
opt_000874,id_000812,optical,optical/opt_000874.tif
opt_000875,id_000813,optical,optical/opt_000875.tif
opt_000876,id_000814,optical,optical/opt_000876.tif
opt_000877,id_000814,optical,optical/opt_000877.tif
opt_000878,id_000814,optical,optical/opt_000878.tif
opt_000879,id_000815,optical,optical/opt_000879.tif
opt_000880,id_000816,optical,optical/opt_000880.tif
opt_000881,id_000817,optical,optical/opt_000881.tif
opt_000882,id_000818,optical,optical/opt_000882.tif
opt_000883,id_000819,optical,optical/opt_000883.tif
opt_000884,id_000820,optical,optical/opt_000884.tif
opt_000885,id_000821,optical,optical/opt_000885.tif
opt_000886,id_000822,optical,optical/opt_000886.tif
opt_000887,id_000823,optical,optical/opt_000887.tif
opt_000888,id_000824,optical,optical/opt_000888.tif
opt_000889,id_000825,optical,optical/opt_000889.tif
opt_000890,id_000826,optical,optical/opt_000890.tif
opt_000891,id_000827,optical,optical/opt_000891.tif
opt_000892,id_000828,optical,optical/opt_000892.tif
opt_000893,id_000829,optical,optical/opt_000893.tif
opt_000894,id_000830,optical,optical/opt_000894.tif
opt_000895,id_000831,optical,optical/opt_000895.tif
opt_000896,id_000832,optical,optical/opt_000896.tif
opt_000897,id_000833,optical,optical/opt_000897.tif
opt_000898,id_000834,optical,optical/opt_000898.tif
opt_000899,id_000835,optical,optical/opt_000899.tif
opt_000900,id_000836,optical,optical/opt_000900.tif
opt_000901,id_000837,optical,optical/opt_000901.tif
opt_000902,id_000838,optical,optical/opt_000902.tif
opt_000903,id_000839,optical,optical/opt_000903.tif
opt_000904,id_000840,optical,optical/opt_000904.tif
opt_000905,id_000841,optical,optical/opt_000905.tif
opt_000906,id_000842,optical,optical/opt_000906.tif
opt_000907,id_000843,optical,optical/opt_000907.tif
opt_000908,id_000844,optical,optical/opt_000908.tif
opt_000909,id_000845,optical,optical/opt_000909.tif
opt_000910,id_000846,optical,optical/opt_000910.tif
opt_000911,id_000847,optical,optical/opt_000911.tif
opt_000912,id_000848,optical,optical/opt_000912.tif
opt_000913,id_000849,optical,optical/opt_000913.tif
opt_000914,id_000849,optical,optical/opt_000914.tif
opt_000915,id_000849,optical,optical/opt_000915.tif
opt_000916,id_000850,optical,optical/opt_000916.tif
opt_000917,id_000851,optical,optical/opt_000917.tif
opt_000918,id_000852,optical,optical/opt_000918.tif
opt_000919,id_000853,optical,optical/opt_000919.tif
opt_000920,id_000854,optical,optical/opt_000920.tif
opt_000921,id_000855,optical,optical/opt_000921.tif
opt_000922,id_000856,optical,optical/opt_000922.tif
opt_000923,id_000857,optical,optical/opt_000923.tif
opt_000924,id_000858,optical,optical/opt_000924.tif
opt_000925,id_000859,optical,optical/opt_000925.tif
opt_000926,id_000860,optical,optical/opt_000926.tif
opt_000927,id_000861,optical,optical/opt_000927.tif
opt_000928,id_000862,optical,optical/opt_000928.tif
opt_000929,id_000863,optical,optical/opt_000929.tif
opt_000930,id_000864,optical,optical/opt_000930.tif
opt_000931,id_000865,optical,optical/opt_000931.tif
opt_000932,id_000866,optical,optical/opt_000932.tif
opt_000933,id_000867,optical,optical/opt_000933.tif
opt_000934,id_000868,optical,optical/opt_000934.tif
opt_000935,id_000869,optical,optical/opt_000935.tif
opt_000936,id_000870,optical,optical/opt_000936.tif
opt_000937,id_000871,optical,optical/opt_000937.tif
opt_000938,id_000872,optical,optical/opt_000938.tif
opt_000939,id_000873,optical,optical/opt_000939.tif
opt_000940,id_000874,optical,optical/opt_000940.tif
opt_000941,id_000875,optical,optical/opt_000941.tif
opt_000942,id_000876,optical,optical/opt_000942.tif
opt_000943,id_000877,optical,optical/opt_000943.tif
opt_000944,id_000877,optical,optical/opt_000944.tif
opt_000945,id_000878,optical,optical/opt_000945.tif
opt_000946,id_000879,optical,optical/opt_000946.tif
opt_000947,id_000880,optical,optical/opt_000947.tif
opt_000948,id_000881,optical,optical/opt_000948.tif
opt_000949,id_000881,optical,optical/opt_000949.tif
opt_000950,id_000882,optical,optical/opt_000950.tif
opt_000951,id_000883,optical,optical/opt_000951.tif
opt_000952,id_000884,optical,optical/opt_000952.tif
opt_000953,id_000885,optical,optical/opt_000953.tif
opt_000954,id_000886,optical,optical/opt_000954.tif
opt_000955,id_000887,optical,optical/opt_000955.tif
opt_000956,id_000888,optical,optical/opt_000956.tif
opt_000957,id_000889,optical,optical/opt_000957.tif
opt_000958,id_000889,optical,optical/opt_000958.tif
opt_000959,id_000890,optical,optical/opt_000959.tif
opt_000960,id_000891,optical,optical/opt_000960.tif
opt_000961,id_000892,optical,optical/opt_000961.tif
opt_000962,id_000893,optical,optical/opt_000962.tif
opt_000963,id_000894,optical,optical/opt_000963.tif
opt_000964,id_000895,optical,optical/opt_000964.tif
opt_000965,id_000896,optical,optical/opt_000965.tif
opt_000966,id_000897,optical,optical/opt_000966.tif
opt_000967,id_000898,optical,optical/opt_000967.tif
opt_000968,id_000899,optical,optical/opt_000968.tif
opt_000969,id_000900,optical,optical/opt_000969.tif
opt_000970,id_000901,optical,optical/opt_000970.tif
opt_000971,id_000902,optical,optical/opt_000971.tif
opt_000972,id_000903,optical,optical/opt_000972.tif
opt_000973,id_000904,optical,optical/opt_000973.tif
opt_000974,id_000905,optical,optical/opt_000974.tif
opt_000975,id_000906,optical,optical/opt_000975.tif
opt_000976,id_000907,optical,optical/opt_000976.tif
opt_000977,id_000908,optical,optical/opt_000977.tif
opt_000978,id_000909,optical,optical/opt_000978.tif
opt_000979,id_000910,optical,optical/opt_000979.tif
opt_000980,id_000911,optical,optical/opt_000980.tif
opt_000981,id_000912,optical,optical/opt_000981.tif
opt_000982,id_000913,optical,optical/opt_000982.tif
opt_000983,id_000914,optical,optical/opt_000983.tif
opt_000984,id_000915,optical,optical/opt_000984.tif
opt_000985,id_000916,optical,optical/opt_000985.tif
opt_000986,id_000917,optical,optical/opt_000986.tif
opt_000987,id_000918,optical,optical/opt_000987.tif
opt_000988,id_000919,optical,optical/opt_000988.tif
opt_000989,id_000920,optical,optical/opt_000989.tif
opt_000990,id_000921,optical,optical/opt_000990.tif
opt_000991,id_000922,optical,optical/opt_000991.tif
opt_000992,id_000923,optical,optical/opt_000992.tif
opt_000993,id_000924,optical,optical/opt_000993.tif
opt_000994,id_000925,optical,optical/opt_000994.tif
opt_000995,id_000926,optical,optical/opt_000995.tif
opt_000996,id_000927,optical,optical/opt_000996.tif
opt_000997,id_000928,optical,optical/opt_000997.tif
opt_000998,id_000929,optical,optical/opt_000998.tif
opt_000999,id_000930,optical,optical/opt_000999.tif
opt_001000,id_000931,optical,optical/opt_001000.tif
opt_001001,id_000932,optical,optical/opt_001001.tif
opt_001002,id_000933,optical,optical/opt_001002.tif
opt_001003,id_000934,optical,optical/opt_001003.tif
opt_001004,id_000934,optical,optical/opt_001004.tif
opt_001005,id_000935,optical,optical/opt_001005.tif
opt_001006,id_000936,optical,optical/opt_001006.tif
opt_001007,id_000937,optical,optical/opt_001007.tif
opt_001008,id_000938,optical,optical/opt_001008.tif
opt_001009,id_000939,optical,optical/opt_001009.tif
opt_001010,id_000940,optical,optical/opt_001010.tif
opt_001011,id_000941,optical,optical/opt_001011.tif
opt_001012,id_000942,optical,optical/opt_001012.tif
opt_001013,id_000943,optical,optical/opt_001013.tif
opt_001014,id_000944,optical,optical/opt_001014.tif
opt_001015,id_000945,optical,optical/opt_001015.tif
opt_001016,id_000946,optical,optical/opt_001016.tif
opt_001017,id_000947,optical,optical/opt_001017.tif
opt_001018,id_000948,optical,optical/opt_001018.tif
opt_001019,id_000949,optical,optical/opt_001019.tif
opt_001020,id_000950,optical,optical/opt_001020.tif
opt_001021,id_000951,optical,optical/opt_001021.tif
opt_001022,id_000952,optical,optical/opt_001022.tif
opt_001023,id_000953,optical,optical/opt_001023.tif
opt_001024,id_000954,optical,optical/opt_001024.tif
opt_001025,id_000955,optical,optical/opt_001025.tif
opt_001026,id_000956,optical,optical/opt_001026.tif
opt_001027,id_000957,optical,optical/opt_001027.tif
opt_001028,id_000958,optical,optical/opt_001028.tif
opt_001029,id_000959,optical,optical/opt_001029.tif
opt_001030,id_000960,optical,optical/opt_001030.tif
opt_001031,id_000961,optical,optical/opt_001031.tif
opt_001032,id_000962,optical,optical/opt_001032.tif
opt_001033,id_000963,optical,optical/opt_001033.tif
opt_001034,id_000964,optical,optical/opt_001034.tif
opt_001035,id_000965,optical,optical/opt_001035.tif
opt_001036,id_000966,optical,optical/opt_001036.tif
opt_001037,id_000967,optical,optical/opt_001037.tif
opt_001038,id_000968,optical,optical/opt_001038.tif
opt_001039,id_000968,optical,optical/opt_001039.tif
opt_001040,id_000969,optical,optical/opt_001040.tif
opt_001041,id_000970,optical,optical/opt_001041.tif
opt_001042,id_000971,optical,optical/opt_001042.tif
opt_001043,id_000972,optical,optical/opt_001043.tif
opt_001044,id_000973,optical,optical/opt_001044.tif
opt_001045,id_000974,optical,optical/opt_001045.tif
opt_001046,id_000975,optical,optical/opt_001046.tif
opt_001047,id_000976,optical,optical/opt_001047.tif
opt_001048,id_000977,optical,optical/opt_001048.tif
opt_001049,id_000978,optical,optical/opt_001049.tif
opt_001050,id_000978,optical,optical/opt_001050.tif
opt_001051,id_000978,optical,optical/opt_001051.tif
opt_001052,id_000979,optical,optical/opt_001052.tif
opt_001053,id_000980,optical,optical/opt_001053.tif
opt_001054,id_000981,optical,optical/opt_001054.tif
opt_001055,id_000982,optical,optical/opt_001055.tif
opt_001056,id_000983,optical,optical/opt_001056.tif
opt_001057,id_000984,optical,optical/opt_001057.tif
opt_001058,id_000985,optical,optical/opt_001058.tif
opt_001059,id_000986,optical,optical/opt_001059.tif
opt_001060,id_000987,optical,optical/opt_001060.tif
opt_001061,id_000988,optical,optical/opt_001061.tif
opt_001062,id_000989,optical,optical/opt_001062.tif
opt_001063,id_000990,optical,optical/opt_001063.tif
opt_001064,id_000991,optical,optical/opt_001064.tif
opt_001065,id_000992,optical,optical/opt_001065.tif
opt_001066,id_000993,optical,optical/opt_001066.tif
opt_001067,id_000994,optical,optical/opt_001067.tif
opt_001068,id_000995,optical,optical/opt_001068.tif
opt_001069,id_000996,optical,optical/opt_001069.tif
opt_001070,id_000997,optical,optical/opt_001070.tif
opt_001071,id_000998,optical,optical/opt_001071.tif
opt_001072,id_000999,optical,optical/opt_001072.tif
opt_001073,id_001000,optical,optical/opt_001073.tif
opt_001074,id_001001,optical,optical/opt_001074.tif
opt_001075,id_001002,optical,optical/opt_001075.tif
opt_001076,id_001003,optical,optical/opt_001076.tif
opt_001077,id_001004,optical,optical/opt_001077.tif
opt_001078,id_001005,optical,optical/opt_001078.tif
opt_001079,id_001006,optical,optical/opt_001079.tif
opt_001080,id_001007,optical,optical/opt_001080.tif
opt_001081,id_001008,optical,optical/opt_001081.tif
opt_001082,id_001009,optical,optical/opt_001082.tif
opt_001083,id_001010,optical,optical/opt_001083.tif
opt_001084,id_001011,optical,optical/opt_001084.tif
opt_001085,id_001012,optical,optical/opt_001085.tif
opt_001086,id_001013,optical,optical/opt_001086.tif
opt_001087,id_001014,optical,optical/opt_001087.tif
opt_001088,id_001015,optical,optical/opt_001088.tif
opt_001089,id_001016,optical,optical/opt_001089.tif
opt_001090,id_001017,optical,optical/opt_001090.tif
opt_001091,id_001018,optical,optical/opt_001091.tif
opt_001092,id_001019,optical,optical/opt_001092.tif
opt_001093,id_001020,optical,optical/opt_001093.tif
opt_001094,id_001021,optical,optical/opt_001094.tif
opt_001095,id_001022,optical,optical/opt_001095.tif
opt_001096,id_001023,optical,optical/opt_001096.tif
opt_001097,id_001024,optical,optical/opt_001097.tif
opt_001098,id_001025,optical,optical/opt_001098.tif
opt_001099,id_001026,optical,optical/opt_001099.tif
opt_001100,id_001027,optical,optical/opt_001100.tif
opt_001101,id_001028,optical,optical/opt_001101.tif
opt_001102,id_001029,optical,optical/opt_001102.tif
opt_001103,id_001030,optical,optical/opt_001103.tif
opt_001104,id_001031,optical,optical/opt_001104.tif
opt_001105,id_001032,optical,optical/opt_001105.tif
opt_001106,id_001033,optical,optical/opt_001106.tif
opt_001107,id_001034,optical,optical/opt_001107.tif
opt_001108,id_001035,optical,optical/opt_001108.tif
opt_001109,id_001036,optical,optical/opt_001109.tif
opt_001110,id_001036,optical,optical/opt_001110.tif
opt_001111,id_001036,optical,optical/opt_001111.tif
opt_001112,id_001037,optical,optical/opt_001112.tif
opt_001113,id_001038,optical,optical/opt_001113.tif
opt_001114,id_001039,optical,optical/opt_001114.tif
opt_001115,id_001040,optical,optical/opt_001115.tif
opt_001116,id_001041,optical,optical/opt_001116.tif
opt_001117,id_001042,optical,optical/opt_001117.tif
opt_001118,id_001043,optical,optical/opt_001118.tif
opt_001119,id_001044,optical,optical/opt_001119.tif
opt_001120,id_001045,optical,optical/opt_001120.tif
opt_001121,id_001046,optical,optical/opt_001121.tif
opt_001122,id_001047,optical,optical/opt_001122.tif
opt_001123,id_001048,optical,optical/opt_001123.tif
opt_001124,id_001049,optical,optical/opt_001124.tif
opt_001125,id_001050,optical,optical/opt_001125.tif
opt_001126,id_001051,optical,optical/opt_001126.tif
opt_001127,id_001052,optical,optical/opt_001127.tif
opt_001128,id_001052,optical,optical/opt_001128.tif
opt_001129,id_001052,optical,optical/opt_001129.tif
opt_001130,id_001053,optical,optical/opt_001130.tif
opt_001131,id_001054,optical,optical/opt_001131.tif
opt_001132,id_001055,optical,optical/opt_001132.tif
opt_001133,id_001056,optical,optical/opt_001133.tif
opt_001134,id_001057,optical,optical/opt_001134.tif
opt_001135,id_001058,optical,optical/opt_001135.tif
opt_001136,id_001059,optical,optical/opt_001136.tif
opt_001137,id_001060,optical,optical/opt_001137.tif
opt_001138,id_001061,optical,optical/opt_001138.tif
opt_001139,id_001062,optical,optical/opt_001139.tif
opt_001140,id_001063,optical,optical/opt_001140.tif
opt_001141,id_001064,optical,optical/opt_001141.tif
opt_001142,id_001065,optical,optical/opt_001142.tif
opt_001143,id_001066,optical,optical/opt_001143.tif
opt_001144,id_001067,optical,optical/opt_001144.tif
opt_001145,id_001068,optical,optical/opt_001145.tif
opt_001146,id_001069,optical,optical/opt_001146.tif
opt_001147,id_001070,optical,optical/opt_001147.tif
opt_001148,id_001071,optical,optical/opt_001148.tif
opt_001149,id_001072,optical,optical/opt_001149.tif
opt_001150,id_001073,optical,optical/opt_001150.tif
opt_001151,id_001074,optical,optical/opt_001151.tif
opt_001152,id_001075,optical,optical/opt_001152.tif
opt_001153,id_001076,optical,optical/opt_001153.tif
opt_001154,id_001077,optical,optical/opt_001154.tif
opt_001155,id_001078,optical,optical/opt_001155.tif
opt_001156,id_001078,optical,optical/opt_001156.tif
opt_001157,id_001078,optical,optical/opt_001157.tif
opt_001158,id_001079,optical,optical/opt_001158.tif
opt_001159,id_001079,optical,optical/opt_001159.tif
opt_001160,id_001080,optical,optical/opt_001160.tif
opt_001161,id_001081,optical,optical/opt_001161.tif
opt_001162,id_001082,optical,optical/opt_001162.tif
opt_001163,id_001083,optical,optical/opt_001163.tif
opt_001164,id_001084,optical,optical/opt_001164.tif
opt_001165,id_001085,optical,optical/opt_001165.tif
opt_001166,id_001086,optical,optical/opt_001166.tif
opt_001167,id_001087,optical,optical/opt_001167.tif
opt_001168,id_001088,optical,optical/opt_001168.tif
opt_001169,id_001089,optical,optical/opt_001169.tif
opt_001170,id_001090,optical,optical/opt_001170.tif
opt_001171,id_001091,optical,optical/opt_001171.tif
opt_001172,id_001092,optical,optical/opt_001172.tif
opt_001173,id_001093,optical,optical/opt_001173.tif
opt_001174,id_001094,optical,optical/opt_001174.tif
opt_001175,id_001095,optical,optical/opt_001175.tif
opt_001176,id_001096,optical,optical/opt_001176.tif
opt_001177,id_001097,optical,optical/opt_001177.tif
opt_001178,id_001098,optical,optical/opt_001178.tif
opt_001179,id_001099,optical,optical/opt_001179.tif
opt_001180,id_001100,optical,optical/opt_001180.tif
opt_001181,id_001101,optical,optical/opt_001181.tif
opt_001182,id_001102,optical,optical/opt_001182.tif
opt_001183,id_001103,optical,optical/opt_001183.tif
opt_001184,id_001104,optical,optical/opt_001184.tif
opt_001185,id_001104,optical,optical/opt_001185.tif
opt_001186,id_001105,optical,optical/opt_001186.tif
opt_001187,id_001106,optical,optical/opt_001187.tif
opt_001188,id_001107,optical,optical/opt_001188.tif
opt_001189,id_001108,optical,optical/opt_001189.tif
opt_001190,id_001109,optical,optical/opt_001190.tif
opt_001191,id_001110,optical,optical/opt_001191.tif
opt_001192,id_001111,optical,optical/opt_001192.tif
opt_001193,id_001111,optical,optical/opt_001193.tif
opt_001194,id_001111,optical,optical/opt_001194.tif
opt_001195,id_001112,optical,optical/opt_001195.tif
opt_001196,id_001113,optical,optical/opt_001196.tif
opt_001197,id_001114,optical,optical/opt_001197.tif
opt_001198,id_001115,optical,optical/opt_001198.tif
opt_001199,id_001116,optical,optical/opt_001199.tif
opt_001200,id_001117,optical,optical/opt_001200.tif
opt_001201,id_001118,optical,optical/opt_001201.tif
opt_001202,id_001119,optical,optical/opt_001202.tif
opt_001203,id_001120,optical,optical/opt_001203.tif
opt_001204,id_001121,optical,optical/opt_001204.tif
opt_001205,id_001122,optical,optical/opt_001205.tif
opt_001206,id_001123,optical,optical/opt_001206.tif
opt_001207,id_001124,optical,optical/opt_001207.tif
opt_001208,id_001125,optical,optical/opt_001208.tif
opt_001209,id_001125,optical,optical/opt_001209.tif
opt_001210,id_001126,optical,optical/opt_001210.tif
opt_001211,id_001127,optical,optical/opt_001211.tif
opt_001212,id_001128,optical,optical/opt_001212.tif
opt_001213,id_001129,optical,optical/opt_001213.tif
opt_001214,id_001130,optical,optical/opt_001214.tif
opt_001215,id_001131,optical,optical/opt_001215.tif
opt_001216,id_001132,optical,optical/opt_001216.tif
opt_001217,id_001133,optical,optical/opt_001217.tif
opt_001218,id_001134,optical,optical/opt_001218.tif
opt_001219,id_001135,optical,optical/opt_001219.tif
opt_001220,id_001136,optical,optical/opt_001220.tif
opt_001221,id_001137,optical,optical/opt_001221.tif
opt_001222,id_001138,optical,optical/opt_001222.tif
opt_001223,id_001139,optical,optical/opt_001223.tif
opt_001224,id_001139,optical,optical/opt_001224.tif
opt_001225,id_001140,optical,optical/opt_001225.tif
opt_001226,id_001141,optical,optical/opt_001226.tif
opt_001227,id_001142,optical,optical/opt_001227.tif
opt_001228,id_001143,optical,optical/opt_001228.tif
opt_001229,id_001144,optical,optical/opt_001229.tif
opt_001230,id_001145,optical,optical/opt_001230.tif
opt_001231,id_001146,optical,optical/opt_001231.tif
opt_001232,id_001147,optical,optical/opt_001232.tif
opt_001233,id_001147,optical,optical/opt_001233.tif
opt_001234,id_001148,optical,optical/opt_001234.tif
opt_001235,id_001149,optical,optical/opt_001235.tif
opt_001236,id_001150,optical,optical/opt_001236.tif
opt_001237,id_001151,optical,optical/opt_001237.tif
opt_001238,id_001152,optical,optical/opt_001238.tif
opt_001239,id_001153,optical,optical/opt_001239.tif
opt_001240,id_001154,optical,optical/opt_001240.tif
opt_001241,id_001155,optical,optical/opt_001241.tif
opt_001242,id_001156,optical,optical/opt_001242.tif
opt_001243,id_001157,optical,optical/opt_001243.tif
opt_001244,id_001158,optical,optical/opt_001244.tif
opt_001245,id_001159,optical,optical/opt_001245.tif
opt_001246,id_001159,optical,optical/opt_001246.tif
opt_001247,id_001159,optical,optical/opt_001247.tif
opt_001248,id_001160,optical,optical/opt_001248.tif
opt_001249,id_001161,optical,optical/opt_001249.tif
opt_001250,id_001162,optical,optical/opt_001250.tif
opt_001251,id_001163,optical,optical/opt_001251.tif
opt_001252,id_001164,optical,optical/opt_001252.tif
opt_001253,id_001165,optical,optical/opt_001253.tif
opt_001254,id_001166,optical,optical/opt_001254.tif
opt_001255,id_001167,optical,optical/opt_001255.tif
opt_001256,id_001168,optical,optical/opt_001256.tif
opt_001257,id_001168,optical,optical/opt_001257.tif
opt_001258,id_001169,optical,optical/opt_001258.tif
opt_001259,id_001170,optical,optical/opt_001259.tif
opt_001260,id_001171,optical,optical/opt_001260.tif
opt_001261,id_001172,optical,optical/opt_001261.tif
opt_001262,id_001173,optical,optical/opt_001262.tif
opt_001263,id_001173,optical,optical/opt_001263.tif
opt_001264,id_001173,optical,optical/opt_001264.tif
opt_001265,id_001174,optical,optical/opt_001265.tif
opt_001266,id_001175,optical,optical/opt_001266.tif
opt_001267,id_001176,optical,optical/opt_001267.tif
opt_001268,id_001177,optical,optical/opt_001268.tif
opt_001269,id_001178,optical,optical/opt_001269.tif
opt_001270,id_001178,optical,optical/opt_001270.tif
opt_001271,id_001179,optical,optical/opt_001271.tif
opt_001272,id_001180,optical,optical/opt_001272.tif
opt_001273,id_001181,optical,optical/opt_001273.tif
opt_001274,id_001182,optical,optical/opt_001274.tif
opt_001275,id_001183,optical,optical/opt_001275.tif
opt_001276,id_001183,optical,optical/opt_001276.tif
opt_001277,id_001183,optical,optical/opt_001277.tif
opt_001278,id_001184,optical,optical/opt_001278.tif
opt_001279,id_001185,optical,optical/opt_001279.tif
opt_001280,id_001186,optical,optical/opt_001280.tif
opt_001281,id_001186,optical,optical/opt_001281.tif
opt_001282,id_001187,optical,optical/opt_001282.tif
opt_001283,id_001188,optical,optical/opt_001283.tif
opt_001284,id_001188,optical,optical/opt_001284.tif
opt_001285,id_001188,optical,optical/opt_001285.tif
opt_001286,id_001189,optical,optical/opt_001286.tif
opt_001287,id_001189,optical,optical/opt_001287.tif
opt_001288,id_001190,optical,optical/opt_001288.tif
opt_001289,id_001191,optical,optical/opt_001289.tif
opt_001290,id_001192,optical,optical/opt_001290.tif
opt_001291,id_001193,optical,optical/opt_001291.tif
opt_001292,id_001194,optical,optical/opt_001292.tif
opt_001293,id_001195,optical,optical/opt_001293.tif
opt_001294,id_001196,optical,optical/opt_001294.tif
opt_001295,id_001197,optical,optical/opt_001295.tif
opt_001296,id_001198,optical,optical/opt_001296.tif
opt_001297,id_001199,optical,optical/opt_001297.tif
opt_001298,id_001200,optical,optical/opt_001298.tif
opt_001299,id_001201,optical,optical/opt_001299.tif
opt_001300,id_001202,optical,optical/opt_001300.tif
opt_001301,id_001203,optical,optical/opt_001301.tif
opt_001302,id_001204,optical,optical/opt_001302.tif
opt_001303,id_001205,optical,optical/opt_001303.tif
opt_001304,id_001206,optical,optical/opt_001304.tif
opt_001305,id_001207,optical,optical/opt_001305.tif
opt_001306,id_001208,optical,optical/opt_001306.tif
opt_001307,id_001208,optical,optical/opt_001307.tif
opt_001308,id_001208,optical,optical/opt_001308.tif
opt_001309,id_001209,optical,optical/opt_001309.tif
opt_001310,id_001210,optical,optical/opt_001310.tif
opt_001311,id_001211,optical,optical/opt_001311.tif
opt_001312,id_001212,optical,optical/opt_001312.tif
opt_001313,id_001213,optical,optical/opt_001313.tif
opt_001314,id_001214,optical,optical/opt_001314.tif
opt_001315,id_001215,optical,optical/opt_001315.tif
opt_001316,id_001216,optical,optical/opt_001316.tif
opt_001317,id_001217,optical,optical/opt_001317.tif
opt_001318,id_001218,optical,optical/opt_001318.tif
opt_001319,id_001219,optical,optical/opt_001319.tif
opt_001320,id_001220,optical,optical/opt_001320.tif
opt_001321,id_001221,optical,optical/opt_001321.tif
opt_001322,id_001222,optical,optical/opt_001322.tif
opt_001323,id_001223,optical,optical/opt_001323.tif
opt_001324,id_001224,optical,optical/opt_001324.tif
opt_001325,id_001225,optical,optical/opt_001325.tif
opt_001326,id_001225,optical,optical/opt_001326.tif
opt_001327,id_001225,optical,optical/opt_001327.tif
opt_001328,id_001226,optical,optical/opt_001328.tif
opt_001329,id_001227,optical,optical/opt_001329.tif
opt_001330,id_001228,optical,optical/opt_001330.tif
opt_001331,id_001229,optical,optical/opt_001331.tif
opt_001332,id_001230,optical,optical/opt_001332.tif
opt_001333,id_001231,optical,optical/opt_001333.tif
opt_001334,id_001232,optical,optical/opt_001334.tif
opt_001335,id_001233,optical,optical/opt_001335.tif
opt_001336,id_001234,optical,optical/opt_001336.tif
opt_001337,id_001235,optical,optical/opt_001337.tif
opt_001338,id_001236,optical,optical/opt_001338.tif
opt_001339,id_001237,optical,optical/opt_001339.tif
opt_001340,id_001238,optical,optical/opt_001340.tif
opt_001341,id_001239,optical,optical/opt_001341.tif
opt_001342,id_001240,optical,optical/opt_001342.tif
opt_001343,id_001241,optical,optical/opt_001343.tif
opt_001344,id_001242,optical,optical/opt_001344.tif
opt_001345,id_001243,optical,optical/opt_001345.tif
opt_001346,id_001244,optical,optical/opt_001346.tif
opt_001347,id_001245,optical,optical/opt_001347.tif
opt_001348,id_001245,optical,optical/opt_001348.tif
opt_001349,id_001245,optical,optical/opt_001349.tif
opt_001350,id_001246,optical,optical/opt_001350.tif
opt_001351,id_001246,optical,optical/opt_001351.tif
opt_001352,id_001247,optical,optical/opt_001352.tif
opt_001353,id_001248,optical,optical/opt_001353.tif
opt_001354,id_001249,optical,optical/opt_001354.tif
opt_001355,id_001250,optical,optical/opt_001355.tif
opt_001356,id_001251,optical,optical/opt_001356.tif
opt_001357,id_001252,optical,optical/opt_001357.tif
opt_001358,id_001253,optical,optical/opt_001358.tif
opt_001359,id_001254,optical,optical/opt_001359.tif
opt_001360,id_001255,optical,optical/opt_001360.tif
opt_001361,id_001256,optical,optical/opt_001361.tif
opt_001362,id_001257,optical,optical/opt_001362.tif
opt_001363,id_001258,optical,optical/opt_001363.tif
opt_001364,id_001259,optical,optical/opt_001364.tif
opt_001365,id_001260,optical,optical/opt_001365.tif
opt_001366,id_001261,optical,optical/opt_001366.tif
opt_001367,id_001262,optical,optical/opt_001367.tif
opt_001368,id_001263,optical,optical/opt_001368.tif
opt_001369,id_001264,optical,optical/opt_001369.tif
opt_001370,id_001265,optical,optical/opt_001370.tif
opt_001371,id_001266,optical,optical/opt_001371.tif
opt_001372,id_001267,optical,optical/opt_001372.tif
opt_001373,id_001268,optical,optical/opt_001373.tif
opt_001374,id_001269,optical,optical/opt_001374.tif
opt_001375,id_001270,optical,optical/opt_001375.tif
opt_001376,id_001271,optical,optical/opt_001376.tif
opt_001377,id_001272,optical,optical/opt_001377.tif
opt_001378,id_001273,optical,optical/opt_001378.tif
opt_001379,id_001274,optical,optical/opt_001379.tif
opt_001380,id_001275,optical,optical/opt_001380.tif
opt_001381,id_001276,optical,optical/opt_001381.tif
opt_001382,id_001277,optical,optical/opt_001382.tif
opt_001383,id_001278,optical,optical/opt_001383.tif
opt_001384,id_001279,optical,optical/opt_001384.tif
opt_001385,id_001280,optical,optical/opt_001385.tif
opt_001386,id_001280,optical,optical/opt_001386.tif
opt_001387,id_001281,optical,optical/opt_001387.tif
opt_001388,id_001282,optical,optical/opt_001388.tif
opt_001389,id_001283,optical,optical/opt_001389.tif
opt_001390,id_001284,optical,optical/opt_001390.tif
opt_001391,id_001285,optical,optical/opt_001391.tif
opt_001392,id_001286,optical,optical/opt_001392.tif
opt_001393,id_001287,optical,optical/opt_001393.tif
opt_001394,id_001288,optical,optical/opt_001394.tif
opt_001395,id_001289,optical,optical/opt_001395.tif
opt_001396,id_001290,optical,optical/opt_001396.tif
opt_001397,id_001291,optical,optical/opt_001397.tif
opt_001398,id_001292,optical,optical/opt_001398.tif
opt_001399,id_001293,optical,optical/opt_001399.tif
opt_001400,id_001294,optical,optical/opt_001400.tif
opt_001401,id_001295,optical,optical/opt_001401.tif
opt_001402,id_001296,optical,optical/opt_001402.tif
opt_001403,id_001297,optical,optical/opt_001403.tif
opt_001404,id_001298,optical,optical/opt_001404.tif
opt_001405,id_001299,optical,optical/opt_001405.tif
opt_001406,id_001300,optical,optical/opt_001406.tif
opt_001407,id_001301,optical,optical/opt_001407.tif
opt_001408,id_001301,optical,optical/opt_001408.tif
opt_001409,id_001301,optical,optical/opt_001409.tif
opt_001410,id_001302,optical,optical/opt_001410.tif
opt_001411,id_001303,optical,optical/opt_001411.tif
opt_001412,id_001304,optical,optical/opt_001412.tif
opt_001413,id_001305,optical,optical/opt_001413.tif
opt_001414,id_001306,optical,optical/opt_001414.tif
opt_001415,id_001307,optical,optical/opt_001415.tif
opt_001416,id_001308,optical,optical/opt_001416.tif
opt_001417,id_001309,optical,optical/opt_001417.tif
opt_001418,id_001310,optical,optical/opt_001418.tif
opt_001419,id_001311,optical,optical/opt_001419.tif
opt_001420,id_001312,optical,optical/opt_001420.tif
opt_001421,id_001313,optical,optical/opt_001421.tif
opt_001422,id_001314,optical,optical/opt_001422.tif
opt_001423,id_001315,optical,optical/opt_001423.tif
opt_001424,id_001316,optical,optical/opt_001424.tif
opt_001425,id_001317,optical,optical/opt_001425.tif
opt_001426,id_001318,optical,optical/opt_001426.tif
opt_001427,id_001319,optical,optical/opt_001427.tif
opt_001428,id_001320,optical,optical/opt_001428.tif
opt_001429,id_001321,optical,optical/opt_001429.tif
opt_001430,id_001322,optical,optical/opt_001430.tif
opt_001431,id_001323,optical,optical/opt_001431.tif
opt_001432,id_001324,optical,optical/opt_001432.tif
opt_001433,id_001325,optical,optical/opt_001433.tif
opt_001434,id_001325,optical,optical/opt_001434.tif
opt_001435,id_001326,optical,optical/opt_001435.tif
opt_001436,id_001327,optical,optical/opt_001436.tif
opt_001437,id_001328,optical,optical/opt_001437.tif
opt_001438,id_001329,optical,optical/opt_001438.tif
opt_001439,id_001330,optical,optical/opt_001439.tif
opt_001440,id_001331,optical,optical/opt_001440.tif
opt_001441,id_001332,optical,optical/opt_001441.tif
opt_001442,id_001333,optical,optical/opt_001442.tif
opt_001443,id_001333,optical,optical/opt_001443.tif
opt_001444,id_001334,optical,optical/opt_001444.tif
opt_001445,id_001335,optical,optical/opt_001445.tif
opt_001446,id_001336,optical,optical/opt_001446.tif
opt_001447,id_001337,optical,optical/opt_001447.tif
opt_001448,id_001338,optical,optical/opt_001448.tif
opt_001449,id_001339,optical,optical/opt_001449.tif
opt_001450,id_001339,optical,optical/opt_001450.tif
opt_001451,id_001339,optical,optical/opt_001451.tif
opt_001452,id_001340,optical,optical/opt_001452.tif
opt_001453,id_001341,optical,optical/opt_001453.tif
opt_001454,id_001342,optical,optical/opt_001454.tif
opt_001455,id_001343,optical,optical/opt_001455.tif
opt_001456,id_001344,optical,optical/opt_001456.tif
opt_001457,id_001345,optical,optical/opt_001457.tif
opt_001458,id_001346,optical,optical/opt_001458.tif
opt_001459,id_001347,optical,optical/opt_001459.tif
opt_001460,id_001348,optical,optical/opt_001460.tif
opt_001461,id_001349,optical,optical/opt_001461.tif
opt_001462,id_001350,optical,optical/opt_001462.tif
opt_001463,id_001351,optical,optical/opt_001463.tif
opt_001464,id_001352,optical,optical/opt_001464.tif
opt_001465,id_001353,optical,optical/opt_001465.tif
opt_001466,id_001354,optical,optical/opt_001466.tif
opt_001467,id_001355,optical,optical/opt_001467.tif
opt_001468,id_001356,optical,optical/opt_001468.tif
opt_001469,id_001357,optical,optical/opt_001469.tif
opt_001470,id_001358,optical,optical/opt_001470.tif
opt_001471,id_001359,optical,optical/opt_001471.tif
opt_001472,id_001360,optical,optical/opt_001472.tif
opt_001473,id_001361,optical,optical/opt_001473.tif
opt_001474,id_001362,optical,optical/opt_001474.tif
opt_001475,id_001363,optical,optical/opt_001475.tif
opt_001476,id_001364,optical,optical/opt_001476.tif
opt_001477,id_001364,optical,optical/opt_001477.tif
opt_001478,id_001364,optical,optical/opt_001478.tif
opt_001479,id_001365,optical,optical/opt_001479.tif
opt_001480,id_001366,optical,optical/opt_001480.tif
opt_001481,id_001367,optical,optical/opt_001481.tif
opt_001482,id_001367,optical,optical/opt_001482.tif
opt_001483,id_001368,optical,optical/opt_001483.tif
opt_001484,id_001369,optical,optical/opt_001484.tif
opt_001485,id_001370,optical,optical/opt_001485.tif
opt_001486,id_001371,optical,optical/opt_001486.tif
opt_001487,id_001372,optical,optical/opt_001487.tif
opt_001488,id_001372,optical,optical/opt_001488.tif
opt_001489,id_001372,optical,optical/opt_001489.tif
opt_001490,id_001373,optical,optical/opt_001490.tif
opt_001491,id_001374,optical,optical/opt_001491.tif
opt_001492,id_001375,optical,optical/opt_001492.tif
opt_001493,id_001376,optical,optical/opt_001493.tif
opt_001494,id_001377,optical,optical/opt_001494.tif
opt_001495,id_001378,optical,optical/opt_001495.tif
opt_001496,id_001379,optical,optical/opt_001496.tif
opt_001497,id_001380,optical,optical/opt_001497.tif
opt_001498,id_001381,optical,optical/opt_001498.tif
opt_001499,id_001382,optical,optical/opt_001499.tif
opt_001500,id_001383,optical,optical/opt_001500.tif
opt_001501,id_001384,optical,optical/opt_001501.tif
opt_001502,id_001385,optical,optical/opt_001502.tif
opt_001503,id_001386,optical,optical/opt_001503.tif
opt_001504,id_001387,optical,optical/opt_001504.tif
opt_001505,id_001388,optical,optical/opt_001505.tif
opt_001506,id_001389,optical,optical/opt_001506.tif
opt_001507,id_001390,optical,optical/opt_001507.tif
opt_001508,id_001391,optical,optical/opt_001508.tif
opt_001509,id_001392,optical,optical/opt_001509.tif
opt_001510,id_001393,optical,optical/opt_001510.tif
opt_001511,id_001394,optical,optical/opt_001511.tif
opt_001512,id_001395,optical,optical/opt_001512.tif
opt_001513,id_001396,optical,optical/opt_001513.tif
opt_001514,id_001397,optical,optical/opt_001514.tif
opt_001515,id_001398,optical,optical/opt_001515.tif
opt_001516,id_001398,optical,optical/opt_001516.tif
opt_001517,id_001399,optical,optical/opt_001517.tif
opt_001518,id_001400,optical,optical/opt_001518.tif
opt_001519,id_001401,optical,optical/opt_001519.tif
opt_001520,id_001402,optical,optical/opt_001520.tif
opt_001521,id_001403,optical,optical/opt_001521.tif
opt_001522,id_001404,optical,optical/opt_001522.tif
opt_001523,id_001405,optical,optical/opt_001523.tif
opt_001524,id_001406,optical,optical/opt_001524.tif
opt_001525,id_001407,optical,optical/opt_001525.tif
opt_001526,id_001408,optical,optical/opt_001526.tif
opt_001527,id_001409,optical,optical/opt_001527.tif
opt_001528,id_001410,optical,optical/opt_001528.tif
opt_001529,id_001411,optical,optical/opt_001529.tif
opt_001530,id_001412,optical,optical/opt_001530.tif
opt_001531,id_001413,optical,optical/opt_001531.tif
opt_001532,id_001414,optical,optical/opt_001532.tif
opt_001533,id_001415,optical,optical/opt_001533.tif
opt_001534,id_001416,optical,optical/opt_001534.tif
opt_001535,id_001417,optical,optical/opt_001535.tif
opt_001536,id_001418,optical,optical/opt_001536.tif
opt_001537,id_001419,optical,optical/opt_001537.tif
opt_001538,id_001420,optical,optical/opt_001538.tif
opt_001539,id_001421,optical,optical/opt_001539.tif
opt_001540,id_001422,optical,optical/opt_001540.tif
opt_001541,id_001423,optical,optical/opt_001541.tif
opt_001542,id_001424,optical,optical/opt_001542.tif
opt_001543,id_001425,optical,optical/opt_001543.tif
opt_001544,id_001426,optical,optical/opt_001544.tif
opt_001545,id_001427,optical,optical/opt_001545.tif
opt_001546,id_001427,optical,optical/opt_001546.tif
opt_001547,id_001428,optical,optical/opt_001547.tif
opt_001548,id_001429,optical,optical/opt_001548.tif
opt_001549,id_001430,optical,optical/opt_001549.tif
opt_001550,id_001431,optical,optical/opt_001550.tif
opt_001551,id_001432,optical,optical/opt_001551.tif
opt_001552,id_001433,optical,optical/opt_001552.tif
opt_001553,id_001434,optical,optical/opt_001553.tif
opt_001554,id_001435,optical,optical/opt_001554.tif
opt_001555,id_001436,optical,optical/opt_001555.tif
opt_001556,id_001437,optical,optical/opt_001556.tif
opt_001557,id_001438,optical,optical/opt_001557.tif
opt_001558,id_001439,optical,optical/opt_001558.tif
opt_001559,id_001440,optical,optical/opt_001559.tif
opt_001560,id_001441,optical,optical/opt_001560.tif
opt_001561,id_001442,optical,optical/opt_001561.tif
opt_001562,id_001442,optical,optical/opt_001562.tif
opt_001563,id_001443,optical,optical/opt_001563.tif
opt_001564,id_001444,optical,optical/opt_001564.tif
opt_001565,id_001445,optical,optical/opt_001565.tif
opt_001566,id_001446,optical,optical/opt_001566.tif
opt_001567,id_001447,optical,optical/opt_001567.tif
opt_001568,id_001448,optical,optical/opt_001568.tif
opt_001569,id_001449,optical,optical/opt_001569.tif
opt_001570,id_001450,optical,optical/opt_001570.tif
opt_001571,id_001451,optical,optical/opt_001571.tif
opt_001572,id_001452,optical,optical/opt_001572.tif
opt_001573,id_001453,optical,optical/opt_001573.tif
opt_001574,id_001454,optical,optical/opt_001574.tif
opt_001575,id_001455,optical,optical/opt_001575.tif
opt_001576,id_001456,optical,optical/opt_001576.tif
opt_001577,id_001457,optical,optical/opt_001577.tif
opt_001578,id_001458,optical,optical/opt_001578.tif
opt_001579,id_001459,optical,optical/opt_001579.tif
opt_001580,id_001460,optical,optical/opt_001580.tif
opt_001581,id_001461,optical,optical/opt_001581.tif
opt_001582,id_001462,optical,optical/opt_001582.tif
opt_001583,id_001463,optical,optical/opt_001583.tif
opt_001584,id_001464,optical,optical/opt_001584.tif
opt_001585,id_001464,optical,optical/opt_001585.tif
opt_001586,id_001465,optical,optical/opt_001586.tif
opt_001587,id_001466,optical,optical/opt_001587.tif
opt_001588,id_001467,optical,optical/opt_001588.tif
opt_001589,id_001468,optical,optical/opt_001589.tif
opt_001590,id_001469,optical,optical/opt_001590.tif
opt_001591,id_001470,optical,optical/opt_001591.tif
opt_001592,id_001471,optical,optical/opt_001592.tif
opt_001593,id_001472,optical,optical/opt_001593.tif
opt_001594,id_001473,optical,optical/opt_001594.tif
opt_001595,id_001474,optical,optical/opt_001595.tif
opt_001596,id_001475,optical,optical/opt_001596.tif
opt_001597,id_001476,optical,optical/opt_001597.tif
opt_001598,id_001477,optical,optical/opt_001598.tif
opt_001599,id_001478,optical,optical/opt_001599.tif
opt_001600,id_001479,optical,optical/opt_001600.tif
opt_001601,id_001480,optical,optical/opt_001601.tif
opt_001602,id_001481,optical,optical/opt_001602.tif
opt_001603,id_001482,optical,optical/opt_001603.tif
opt_001604,id_001482,optical,optical/opt_001604.tif
opt_001605,id_001483,optical,optical/opt_001605.tif
opt_001606,id_001484,optical,optical/opt_001606.tif
opt_001607,id_001485,optical,optical/opt_001607.tif
opt_001608,id_001486,optical,optical/opt_001608.tif
opt_001609,id_001487,optical,optical/opt_001609.tif
opt_001610,id_001488,optical,optical/opt_001610.tif
opt_001611,id_001489,optical,optical/opt_001611.tif
opt_001612,id_001490,optical,optical/opt_001612.tif
opt_001613,id_001491,optical,optical/opt_001613.tif
opt_001614,id_001491,optical,optical/opt_001614.tif
opt_001615,id_001491,optical,optical/opt_001615.tif
opt_001616,id_001492,optical,optical/opt_001616.tif
opt_001617,id_001493,optical,optical/opt_001617.tif
opt_001618,id_001494,optical,optical/opt_001618.tif
opt_001619,id_001495,optical,optical/opt_001619.tif
opt_001620,id_001496,optical,optical/opt_001620.tif
opt_001621,id_001497,optical,optical/opt_001621.tif
opt_001622,id_001498,optical,optical/opt_001622.tif
opt_001623,id_001499,optical,optical/opt_001623.tif
opt_001624,id_001500,optical,optical/opt_001624.tif
opt_001625,id_001501,optical,optical/opt_001625.tif
opt_001626,id_001502,optical,optical/opt_001626.tif
opt_001627,id_001503,optical,optical/opt_001627.tif
opt_001628,id_001504,optical,optical/opt_001628.tif
opt_001629,id_001505,optical,optical/opt_001629.tif
opt_001630,id_001506,optical,optical/opt_001630.tif
opt_001631,id_001507,optical,optical/opt_001631.tif
opt_001632,id_001508,optical,optical/opt_001632.tif
opt_001633,id_001509,optical,optical/opt_001633.tif
opt_001634,id_001510,optical,optical/opt_001634.tif
opt_001635,id_001511,optical,optical/opt_001635.tif
opt_001636,id_001512,optical,optical/opt_001636.tif
opt_001637,id_001513,optical,optical/opt_001637.tif
opt_001638,id_001514,optical,optical/opt_001638.tif
opt_001639,id_001515,optical,optical/opt_001639.tif
opt_001640,id_001515,optical,optical/opt_001640.tif
opt_001641,id_001515,optical,optical/opt_001641.tif
opt_001642,id_001516,optical,optical/opt_001642.tif
opt_001643,id_001517,optical,optical/opt_001643.tif
opt_001644,id_001518,optical,optical/opt_001644.tif
opt_001645,id_001519,optical,optical/opt_001645.tif
opt_001646,id_001520,optical,optical/opt_001646.tif
opt_001647,id_001521,optical,optical/opt_001647.tif
opt_001648,id_001522,optical,optical/opt_001648.tif
opt_001649,id_001523,optical,optical/opt_001649.tif
opt_001650,id_001524,optical,optical/opt_001650.tif
opt_001651,id_001525,optical,optical/opt_001651.tif
opt_001652,id_001526,optical,optical/opt_001652.tif
opt_001653,id_001527,optical,optical/opt_001653.tif
opt_001654,id_001527,optical,optical/opt_001654.tif
opt_001655,id_001527,optical,optical/opt_001655.tif
opt_001656,id_001528,optical,optical/opt_001656.tif
opt_001657,id_001529,optical,optical/opt_001657.tif
opt_001658,id_001530,optical,optical/opt_001658.tif
opt_001659,id_001531,optical,optical/opt_001659.tif
opt_001660,id_001532,optical,optical/opt_001660.tif
opt_001661,id_001533,optical,optical/opt_001661.tif
opt_001662,id_001534,optical,optical/opt_001662.tif
opt_001663,id_001535,optical,optical/opt_001663.tif
opt_001664,id_001536,optical,optical/opt_001664.tif
opt_001665,id_001537,optical,optical/opt_001665.tif
opt_001666,id_001538,optical,optical/opt_001666.tif
opt_001667,id_001539,optical,optical/opt_001667.tif
opt_001668,id_001540,optical,optical/opt_001668.tif
opt_001669,id_001541,optical,optical/opt_001669.tif
opt_001670,id_001542,optical,optical/opt_001670.tif
opt_001671,id_001543,optical,optical/opt_001671.tif
opt_001672,id_001544,optical,optical/opt_001672.tif
opt_001673,id_001545,optical,optical/opt_001673.tif
opt_001674,id_001546,optical,optical/opt_001674.tif
opt_001675,id_001547,optical,optical/opt_001675.tif
opt_001676,id_001548,optical,optical/opt_001676.tif
opt_001677,id_001549,optical,optical/opt_001677.tif
opt_001678,id_001550,optical,optical/opt_001678.tif
opt_001679,id_001551,optical,optical/opt_001679.tif
opt_001680,id_001552,optical,optical/opt_001680.tif
opt_001681,id_001553,optical,optical/opt_001681.tif
opt_001682,id_001554,optical,optical/opt_001682.tif
opt_001683,id_001555,optical,optical/opt_001683.tif
opt_001684,id_001556,optical,optical/opt_001684.tif
opt_001685,id_001557,optical,optical/opt_001685.tif
opt_001686,id_001558,optical,optical/opt_001686.tif
opt_001687,id_001559,optical,optical/opt_001687.tif
opt_001688,id_001560,optical,optical/opt_001688.tif
opt_001689,id_001560,optical,optical/opt_001689.tif
opt_001690,id_001561,optical,optical/opt_001690.tif
opt_001691,id_001562,optical,optical/opt_001691.tif
opt_001692,id_001563,optical,optical/opt_001692.tif
opt_001693,id_001564,optical,optical/opt_001693.tif
opt_001694,id_001565,optical,optical/opt_001694.tif
opt_001695,id_001566,optical,optical/opt_001695.tif
opt_001696,id_001567,optical,optical/opt_001696.tif
opt_001697,id_001568,optical,optical/opt_001697.tif
opt_001698,id_001569,optical,optical/opt_001698.tif
opt_001699,id_001570,optical,optical/opt_001699.tif
opt_001700,id_001571,optical,optical/opt_001700.tif
opt_001701,id_001572,optical,optical/opt_001701.tif
opt_001702,id_001573,optical,optical/opt_001702.tif
opt_001703,id_001574,optical,optical/opt_001703.tif
opt_001704,id_001574,optical,optical/opt_001704.tif
opt_001705,id_001574,optical,optical/opt_001705.tif
opt_001706,id_001575,optical,optical/opt_001706.tif
opt_001707,id_001576,optical,optical/opt_001707.tif
opt_001708,id_001577,optical,optical/opt_001708.tif
opt_001709,id_001577,optical,optical/opt_001709.tif
opt_001710,id_001577,optical,optical/opt_001710.tif
opt_001711,id_001578,optical,optical/opt_001711.tif
opt_001712,id_001579,optical,optical/opt_001712.tif
opt_001713,id_001580,optical,optical/opt_001713.tif
opt_001714,id_001581,optical,optical/opt_001714.tif
opt_001715,id_001582,optical,optical/opt_001715.tif
opt_001716,id_001583,optical,optical/opt_001716.tif
opt_001717,id_001584,optical,optical/opt_001717.tif
opt_001718,id_001585,optical,optical/opt_001718.tif
opt_001719,id_001586,optical,optical/opt_001719.tif
opt_001720,id_001587,optical,optical/opt_001720.tif
opt_001721,id_001588,optical,optical/opt_001721.tif
opt_001722,id_001589,optical,optical/opt_001722.tif
opt_001723,id_001590,optical,optical/opt_001723.tif
opt_001724,id_001591,optical,optical/opt_001724.tif
opt_001725,id_001592,optical,optical/opt_001725.tif
opt_001726,id_001593,optical,optical/opt_001726.tif
opt_001727,id_001594,optical,optical/opt_001727.tif
opt_001728,id_001595,optical,optical/opt_001728.tif
opt_001729,id_001596,optical,optical/opt_001729.tif
opt_001730,id_001597,optical,optical/opt_001730.tif
opt_001731,id_001598,optical,optical/opt_001731.tif
opt_001732,id_001599,optical,optical/opt_001732.tif
opt_001733,id_001600,optical,optical/opt_001733.tif
opt_001734,id_001601,optical,optical/opt_001734.tif
opt_001735,id_001602,optical,optical/opt_001735.tif
opt_001736,id_001603,optical,optical/opt_001736.tif
opt_001737,id_001604,optical,optical/opt_001737.tif
opt_001738,id_001605,optical,optical/opt_001738.tif
opt_001739,id_001606,optical,optical/opt_001739.tif
opt_001740,id_001607,optical,optical/opt_001740.tif
opt_001741,id_001608,optical,optical/opt_001741.tif
opt_001742,id_001609,optical,optical/opt_001742.tif
opt_001743,id_001610,optical,optical/opt_001743.tif
opt_001744,id_001611,optical,optical/opt_001744.tif
opt_001745,id_001612,optical,optical/opt_001745.tif
opt_001746,id_001613,optical,optical/opt_001746.tif
opt_001747,id_001614,optical,optical/opt_001747.tif
opt_001748,id_001615,optical,optical/opt_001748.tif
opt_001749,id_001616,optical,optical/opt_001749.tif
opt_001750,id_001617,optical,optical/opt_001750.tif
opt_001751,id_001618,optical,optical/opt_001751.tif
opt_001752,id_001619,optical,optical/opt_001752.tif
opt_001753,id_001620,optical,optical/opt_001753.tif
opt_001754,id_001621,optical,optical/opt_001754.tif
opt_001755,id_001622,optical,optical/opt_001755.tif
opt_001756,id_001623,optical,optical/opt_001756.tif
opt_001757,id_001624,optical,optical/opt_001757.tif
opt_001758,id_001625,optical,optical/opt_001758.tif
opt_001759,id_001626,optical,optical/opt_001759.tif
opt_001760,id_001626,optical,optical/opt_001760.tif
opt_001761,id_001627,optical,optical/opt_001761.tif
opt_001762,id_001628,optical,optical/opt_001762.tif
opt_001763,id_001629,optical,optical/opt_001763.tif
opt_001764,id_001630,optical,optical/opt_001764.tif
opt_001765,id_001631,optical,optical/opt_001765.tif
opt_001766,id_001631,optical,optical/opt_001766.tif
opt_001767,id_001632,optical,optical/opt_001767.tif
opt_001768,id_001633,optical,optical/opt_001768.tif
opt_001769,id_001634,optical,optical/opt_001769.tif
opt_001770,id_001635,optical,optical/opt_001770.tif
opt_001771,id_001636,optical,optical/opt_001771.tif
opt_001772,id_001637,optical,optical/opt_001772.tif
opt_001773,id_001638,optical,optical/opt_001773.tif
opt_001774,id_001639,optical,optical/opt_001774.tif
opt_001775,id_001640,optical,optical/opt_001775.tif
opt_001776,id_001641,optical,optical/opt_001776.tif
opt_001777,id_001642,optical,optical/opt_001777.tif
opt_001778,id_001643,optical,optical/opt_001778.tif
opt_001779,id_001644,optical,optical/opt_001779.tif
opt_001780,id_001645,optical,optical/opt_001780.tif
opt_001781,id_001645,optical,optical/opt_001781.tif
opt_001782,id_001646,optical,optical/opt_001782.tif
opt_001783,id_001647,optical,optical/opt_001783.tif
opt_001784,id_001648,optical,optical/opt_001784.tif
opt_001785,id_001649,optical,optical/opt_001785.tif
opt_001786,id_001650,optical,optical/opt_001786.tif
opt_001787,id_001651,optical,optical/opt_001787.tif
opt_001788,id_001652,optical,optical/opt_001788.tif
opt_001789,id_001653,optical,optical/opt_001789.tif
opt_001790,id_001654,optical,optical/opt_001790.tif
opt_001791,id_001654,optical,optical/opt_001791.tif
opt_001792,id_001654,optical,optical/opt_001792.tif
opt_001793,id_001655,optical,optical/opt_001793.tif
opt_001794,id_001656,optical,optical/opt_001794.tif
opt_001795,id_001657,optical,optical/opt_001795.tif
opt_001796,id_001658,optical,optical/opt_001796.tif
opt_001797,id_001659,optical,optical/opt_001797.tif
opt_001798,id_001660,optical,optical/opt_001798.tif
opt_001799,id_001661,optical,optical/opt_001799.tif
opt_001800,id_001662,optical,optical/opt_001800.tif
opt_001801,id_001663,optical,optical/opt_001801.tif
opt_001802,id_001664,optical,optical/opt_001802.tif
opt_001803,id_001665,optical,optical/opt_001803.tif
opt_001804,id_001666,optical,optical/opt_001804.tif
opt_001805,id_001667,optical,optical/opt_001805.tif
opt_001806,id_001668,optical,optical/opt_001806.tif
opt_001807,id_001669,optical,optical/opt_001807.tif
opt_001808,id_001670,optical,optical/opt_001808.tif
opt_001809,id_001671,optical,optical/opt_001809.tif
opt_001810,id_001672,optical,optical/opt_001810.tif
opt_001811,id_001673,optical,optical/opt_001811.tif
opt_001812,id_001674,optical,optical/opt_001812.tif
opt_001813,id_001675,optical,optical/opt_001813.tif
opt_001814,id_001676,optical,optical/opt_001814.tif
opt_001815,id_001677,optical,optical/opt_001815.tif
opt_001816,id_001678,optical,optical/opt_001816.tif
opt_001817,id_001679,optical,optical/opt_001817.tif
opt_001818,id_001680,optical,optical/opt_001818.tif
opt_001819,id_001681,optical,optical/opt_001819.tif
opt_001820,id_001681,optical,optical/opt_001820.tif
opt_001821,id_001682,optical,optical/opt_001821.tif
opt_001822,id_001683,optical,optical/opt_001822.tif
opt_001823,id_001684,optical,optical/opt_001823.tif
opt_001824,id_001685,optical,optical/opt_001824.tif
opt_001825,id_001686,optical,optical/opt_001825.tif
opt_001826,id_001687,optical,optical/opt_001826.tif
opt_001827,id_001688,optical,optical/opt_001827.tif
opt_001828,id_001689,optical,optical/opt_001828.tif
opt_001829,id_001690,optical,optical/opt_001829.tif
opt_001830,id_001691,optical,optical/opt_001830.tif
opt_001831,id_001692,optical,optical/opt_001831.tif
opt_001832,id_001693,optical,optical/opt_001832.tif
opt_001833,id_001693,optical,optical/opt_001833.tif
opt_001834,id_001694,optical,optical/opt_001834.tif
opt_001835,id_001695,optical,optical/opt_001835.tif
opt_001836,id_001696,optical,optical/opt_001836.tif
opt_001837,id_001697,optical,optical/opt_001837.tif
opt_001838,id_001698,optical,optical/opt_001838.tif
opt_001839,id_001699,optical,optical/opt_001839.tif
opt_001840,id_001700,optical,optical/opt_001840.tif
opt_001841,id_001701,optical,optical/opt_001841.tif
opt_001842,id_001702,optical,optical/opt_001842.tif
opt_001843,id_001703,optical,optical/opt_001843.tif
opt_001844,id_001704,optical,optical/opt_001844.tif
opt_001845,id_001705,optical,optical/opt_001845.tif
opt_001846,id_001706,optical,optical/opt_001846.tif
opt_001847,id_001707,optical,optical/opt_001847.tif
opt_001848,id_001708,optical,optical/opt_001848.tif
opt_001849,id_001709,optical,optical/opt_001849.tif
opt_001850,id_001710,optical,optical/opt_001850.tif
opt_001851,id_001711,optical,optical/opt_001851.tif
opt_001852,id_001712,optical,optical/opt_001852.tif
opt_001853,id_001713,optical,optical/opt_001853.tif
opt_001854,id_001713,optical,optical/opt_001854.tif
opt_001855,id_001714,optical,optical/opt_001855.tif
opt_001856,id_001715,optical,optical/opt_001856.tif
opt_001857,id_001716,optical,optical/opt_001857.tif
opt_001858,id_001717,optical,optical/opt_001858.tif
opt_001859,id_001718,optical,optical/opt_001859.tif
opt_001860,id_001719,optical,optical/opt_001860.tif
opt_001861,id_001720,optical,optical/opt_001861.tif
opt_001862,id_001721,optical,optical/opt_001862.tif
opt_001863,id_001722,optical,optical/opt_001863.tif
opt_001864,id_001723,optical,optical/opt_001864.tif
opt_001865,id_001724,optical,optical/opt_001865.tif
opt_001866,id_001724,optical,optical/opt_001866.tif
opt_001867,id_001725,optical,optical/opt_001867.tif
opt_001868,id_001726,optical,optical/opt_001868.tif
opt_001869,id_001727,optical,optical/opt_001869.tif
opt_001870,id_001728,optical,optical/opt_001870.tif
opt_001871,id_001729,optical,optical/opt_001871.tif
opt_001872,id_001729,optical,optical/opt_001872.tif
opt_001873,id_001730,optical,optical/opt_001873.tif
opt_001874,id_001731,optical,optical/opt_001874.tif
opt_001875,id_001732,optical,optical/opt_001875.tif
opt_001876,id_001733,optical,optical/opt_001876.tif
opt_001877,id_001734,optical,optical/opt_001877.tif
opt_001878,id_001735,optical,optical/opt_001878.tif
opt_001879,id_001736,optical,optical/opt_001879.tif
opt_001880,id_001737,optical,optical/opt_001880.tif
opt_001881,id_001738,optical,optical/opt_001881.tif
opt_001882,id_001739,optical,optical/opt_001882.tif
opt_001883,id_001740,optical,optical/opt_001883.tif
opt_001884,id_001741,optical,optical/opt_001884.tif
opt_001885,id_001742,optical,optical/opt_001885.tif
opt_001886,id_001743,optical,optical/opt_001886.tif
opt_001887,id_001744,optical,optical/opt_001887.tif
opt_001888,id_001745,optical,optical/opt_001888.tif
opt_001889,id_001746,optical,optical/opt_001889.tif
opt_001890,id_001747,optical,optical/opt_001890.tif
opt_001891,id_001748,optical,optical/opt_001891.tif
opt_001892,id_001749,optical,optical/opt_001892.tif
opt_001893,id_001750,optical,optical/opt_001893.tif
opt_001894,id_001751,optical,optical/opt_001894.tif
opt_001895,id_001752,optical,optical/opt_001895.tif
opt_001896,id_001753,optical,optical/opt_001896.tif
opt_001897,id_001754,optical,optical/opt_001897.tif
opt_001898,id_001755,optical,optical/opt_001898.tif
opt_001899,id_001756,optical,optical/opt_001899.tif
opt_001900,id_001757,optical,optical/opt_001900.tif
opt_001901,id_001758,optical,optical/opt_001901.tif
opt_001902,id_001759,optical,optical/opt_001902.tif
opt_001903,id_001760,optical,optical/opt_001903.tif
opt_001904,id_001761,optical,optical/opt_001904.tif
opt_001905,id_001762,optical,optical/opt_001905.tif
opt_001906,id_001763,optical,optical/opt_001906.tif
opt_001907,id_001764,optical,optical/opt_001907.tif
opt_001908,id_001765,optical,optical/opt_001908.tif
opt_001909,id_001766,optical,optical/opt_001909.tif
opt_001910,id_001767,optical,optical/opt_001910.tif
opt_001911,id_001768,optical,optical/opt_001911.tif
opt_001912,id_001769,optical,optical/opt_001912.tif
opt_001913,id_001770,optical,optical/opt_001913.tif
opt_001914,id_001771,optical,optical/opt_001914.tif
opt_001915,id_001772,optical,optical/opt_001915.tif
opt_001916,id_001773,optical,optical/opt_001916.tif
opt_001917,id_001774,optical,optical/opt_001917.tif
opt_001918,id_001775,optical,optical/opt_001918.tif
opt_001919,id_001776,optical,optical/opt_001919.tif
opt_001920,id_001777,optical,optical/opt_001920.tif
opt_001921,id_001778,optical,optical/opt_001921.tif
opt_001922,id_001779,optical,optical/opt_001922.tif
opt_001923,id_001780,optical,optical/opt_001923.tif
opt_001924,id_001781,optical,optical/opt_001924.tif
opt_001925,id_001782,optical,optical/opt_001925.tif
opt_001926,id_001783,optical,optical/opt_001926.tif
opt_001927,id_001784,optical,optical/opt_001927.tif
opt_001928,id_001785,optical,optical/opt_001928.tif
opt_001929,id_001786,optical,optical/opt_001929.tif
opt_001930,id_001787,optical,optical/opt_001930.tif
opt_001931,id_001788,optical,optical/opt_001931.tif
opt_001932,id_001789,optical,optical/opt_001932.tif
opt_001933,id_001790,optical,optical/opt_001933.tif
opt_001934,id_001791,optical,optical/opt_001934.tif
opt_001935,id_001792,optical,optical/opt_001935.tif
opt_001936,id_001793,optical,optical/opt_001936.tif
opt_001937,id_001793,optical,optical/opt_001937.tif
opt_001938,id_001793,optical,optical/opt_001938.tif
opt_001939,id_001794,optical,optical/opt_001939.tif
opt_001940,id_001795,optical,optical/opt_001940.tif
opt_001941,id_001796,optical,optical/opt_001941.tif
opt_001942,id_001797,optical,optical/opt_001942.tif
opt_001943,id_001798,optical,optical/opt_001943.tif
opt_001944,id_001799,optical,optical/opt_001944.tif
opt_001945,id_001800,optical,optical/opt_001945.tif
opt_001946,id_001801,optical,optical/opt_001946.tif
opt_001947,id_001801,optical,optical/opt_001947.tif
opt_001948,id_001801,optical,optical/opt_001948.tif
opt_001949,id_001802,optical,optical/opt_001949.tif
opt_001950,id_001803,optical,optical/opt_001950.tif
opt_001951,id_001804,optical,optical/opt_001951.tif
opt_001952,id_001805,optical,optical/opt_001952.tif
opt_001953,id_001806,optical,optical/opt_001953.tif
opt_001954,id_001807,optical,optical/opt_001954.tif
opt_001955,id_001808,optical,optical/opt_001955.tif
opt_001956,id_001808,optical,optical/opt_001956.tif
opt_001957,id_001808,optical,optical/opt_001957.tif
opt_001958,id_001809,optical,optical/opt_001958.tif
opt_001959,id_001810,optical,optical/opt_001959.tif
opt_001960,id_001811,optical,optical/opt_001960.tif
opt_001961,id_001812,optical,optical/opt_001961.tif
opt_001962,id_001813,optical,optical/opt_001962.tif
opt_001963,id_001814,optical,optical/opt_001963.tif
opt_001964,id_001815,optical,optical/opt_001964.tif
opt_001965,id_001816,optical,optical/opt_001965.tif
opt_001966,id_001817,optical,optical/opt_001966.tif
opt_001967,id_001818,optical,optical/opt_001967.tif
opt_001968,id_001819,optical,optical/opt_001968.tif
opt_001969,id_001820,optical,optical/opt_001969.tif
opt_001970,id_001821,optical,optical/opt_001970.tif
opt_001971,id_001822,optical,optical/opt_001971.tif
opt_001972,id_001823,optical,optical/opt_001972.tif
opt_001973,id_001824,optical,optical/opt_001973.tif
opt_001974,id_001825,optical,optical/opt_001974.tif
opt_001975,id_001826,optical,optical/opt_001975.tif
opt_001976,id_001827,optical,optical/opt_001976.tif
opt_001977,id_001828,optical,optical/opt_001977.tif
opt_001978,id_001829,optical,optical/opt_001978.tif
opt_001979,id_001830,optical,optical/opt_001979.tif
opt_001980,id_001831,optical,optical/opt_001980.tif
opt_001981,id_001832,optical,optical/opt_001981.tif
opt_001982,id_001833,optical,optical/opt_001982.tif
opt_001983,id_001834,optical,optical/opt_001983.tif
opt_001984,id_001835,optical,optical/opt_001984.tif
opt_001985,id_001836,optical,optical/opt_001985.tif
opt_001986,id_001837,optical,optical/opt_001986.tif
opt_001987,id_001838,optical,optical/opt_001987.tif
opt_001988,id_001839,optical,optical/opt_001988.tif
opt_001989,id_001840,optical,optical/opt_001989.tif
opt_001990,id_001841,optical,optical/opt_001990.tif
opt_001991,id_001842,optical,optical/opt_001991.tif
opt_001992,id_001843,optical,optical/opt_001992.tif
opt_001993,id_001843,optical,optical/opt_001993.tif
opt_001994,id_001843,optical,optical/opt_001994.tif
opt_001995,id_001844,optical,optical/opt_001995.tif
opt_001996,id_001845,optical,optical/opt_001996.tif
opt_001997,id_001846,optical,optical/opt_001997.tif
opt_001998,id_001847,optical,optical/opt_001998.tif
opt_001999,id_001848,optical,optical/opt_001999.tif
opt_002000,id_001849,optical,optical/opt_002000.tif
opt_002001,id_001850,optical,optical/opt_002001.tif
opt_002002,id_001851,optical,optical/opt_002002.tif
opt_002003,id_001852,optical,optical/opt_002003.tif
opt_002004,id_001853,optical,optical/opt_002004.tif
opt_002005,id_001854,optical,optical/opt_002005.tif
opt_002006,id_001855,optical,optical/opt_002006.tif
opt_002007,id_001856,optical,optical/opt_002007.tif
opt_002008,id_001857,optical,optical/opt_002008.tif
opt_002009,id_001858,optical,optical/opt_002009.tif
opt_002010,id_001859,optical,optical/opt_002010.tif
opt_002011,id_001860,optical,optical/opt_002011.tif
opt_002012,id_001861,optical,optical/opt_002012.tif
opt_002013,id_001862,optical,optical/opt_002013.tif
opt_002014,id_001863,optical,optical/opt_002014.tif
opt_002015,id_001864,optical,optical/opt_002015.tif
opt_002016,id_001865,optical,optical/opt_002016.tif
opt_002017,id_001866,optical,optical/opt_002017.tif
opt_002018,id_001867,optical,optical/opt_002018.tif
opt_002019,id_001868,optical,optical/opt_002019.tif
opt_002020,id_001868,optical,optical/opt_002020.tif
opt_002021,id_001868,optical,optical/opt_002021.tif
opt_002022,id_001869,optical,optical/opt_002022.tif
opt_002023,id_001870,optical,optical/opt_002023.tif
opt_002024,id_001871,optical,optical/opt_002024.tif
opt_002025,id_001872,optical,optical/opt_002025.tif
opt_002026,id_001873,optical,optical/opt_002026.tif
opt_002027,id_001874,optical,optical/opt_002027.tif
opt_002028,id_001875,optical,optical/opt_002028.tif
opt_002029,id_001876,optical,optical/opt_002029.tif
opt_002030,id_001877,optical,optical/opt_002030.tif
opt_002031,id_001878,optical,optical/opt_002031.tif
opt_002032,id_001879,optical,optical/opt_002032.tif
opt_002033,id_001880,optical,optical/opt_002033.tif
opt_002034,id_001881,optical,optical/opt_002034.tif
opt_002035,id_001882,optical,optical/opt_002035.tif
opt_002036,id_001883,optical,optical/opt_002036.tif
opt_002037,id_001884,optical,optical/opt_002037.tif
opt_002038,id_001885,optical,optical/opt_002038.tif
opt_002039,id_001886,optical,optical/opt_002039.tif
opt_002040,id_001887,optical,optical/opt_002040.tif
opt_002041,id_001888,optical,optical/opt_002041.tif
opt_002042,id_001889,optical,optical/opt_002042.tif
opt_002043,id_001890,optical,optical/opt_002043.tif
opt_002044,id_001891,optical,optical/opt_002044.tif
opt_002045,id_001892,optical,optical/opt_002045.tif
opt_002046,id_001893,optical,optical/opt_002046.tif
opt_002047,id_001894,optical,optical/opt_002047.tif
opt_002048,id_001895,optical,optical/opt_002048.tif
opt_002049,id_001896,optical,optical/opt_002049.tif
opt_002050,id_001897,optical,optical/opt_002050.tif
opt_002051,id_001898,optical,optical/opt_002051.tif
opt_002052,id_001899,optical,optical/opt_002052.tif
opt_002053,id_001900,optical,optical/opt_002053.tif
opt_002054,id_001901,optical,optical/opt_002054.tif
opt_002055,id_001902,optical,optical/opt_002055.tif
opt_002056,id_001903,optical,optical/opt_002056.tif
opt_002057,id_001904,optical,optical/opt_002057.tif
opt_002058,id_001905,optical,optical/opt_002058.tif
opt_002059,id_001906,optical,optical/opt_002059.tif
opt_002060,id_001906,optical,optical/opt_002060.tif
opt_002061,id_001907,optical,optical/opt_002061.tif
opt_002062,id_001908,optical,optical/opt_002062.tif
opt_002063,id_001909,optical,optical/opt_002063.tif
opt_002064,id_001910,optical,optical/opt_002064.tif
opt_002065,id_001911,optical,optical/opt_002065.tif
opt_002066,id_001912,optical,optical/opt_002066.tif
opt_002067,id_001913,optical,optical/opt_002067.tif
opt_002068,id_001914,optical,optical/opt_002068.tif
opt_002069,id_001915,optical,optical/opt_002069.tif
opt_002070,id_001915,optical,optical/opt_002070.tif
opt_002071,id_001915,optical,optical/opt_002071.tif
opt_002072,id_001916,optical,optical/opt_002072.tif
opt_002073,id_001917,optical,optical/opt_002073.tif
opt_002074,id_001917,optical,optical/opt_002074.tif
opt_002075,id_001917,optical,optical/opt_002075.tif
opt_002076,id_001918,optical,optical/opt_002076.tif
opt_002077,id_001919,optical,optical/opt_002077.tif
opt_002078,id_001920,optical,optical/opt_002078.tif
opt_002079,id_001921,optical,optical/opt_002079.tif
opt_002080,id_001922,optical,optical/opt_002080.tif
opt_002081,id_001923,optical,optical/opt_002081.tif
opt_002082,id_001924,optical,optical/opt_002082.tif
opt_002083,id_001925,optical,optical/opt_002083.tif
opt_002084,id_001926,optical,optical/opt_002084.tif
opt_002085,id_001927,optical,optical/opt_002085.tif
opt_002086,id_001928,optical,optical/opt_002086.tif
opt_002087,id_001929,optical,optical/opt_002087.tif
opt_002088,id_001930,optical,optical/opt_002088.tif
opt_002089,id_001930,optical,optical/opt_002089.tif
opt_002090,id_001931,optical,optical/opt_002090.tif
opt_002091,id_001932,optical,optical/opt_002091.tif
opt_002092,id_001933,optical,optical/opt_002092.tif
opt_002093,id_001934,optical,optical/opt_002093.tif
opt_002094,id_001935,optical,optical/opt_002094.tif
opt_002095,id_001936,optical,optical/opt_002095.tif
opt_002096,id_001937,optical,optical/opt_002096.tif
opt_002097,id_001938,optical,optical/opt_002097.tif
opt_002098,id_001939,optical,optical/opt_002098.tif
opt_002099,id_001940,optical,optical/opt_002099.tif
opt_002100,id_001941,optical,optical/opt_002100.tif
opt_002101,id_001942,optical,optical/opt_002101.tif
opt_002102,id_001943,optical,optical/opt_002102.tif
opt_002103,id_001944,optical,optical/opt_002103.tif
opt_002104,id_001945,optical,optical/opt_002104.tif
opt_002105,id_001945,optical,optical/opt_002105.tif
opt_002106,id_001946,optical,optical/opt_002106.tif
opt_002107,id_001946,optical,optical/opt_002107.tif
opt_002108,id_001946,optical,optical/opt_002108.tif
opt_002109,id_001947,optical,optical/opt_002109.tif
opt_002110,id_001948,optical,optical/opt_002110.tif
opt_002111,id_001949,optical,optical/opt_002111.tif
opt_002112,id_001950,optical,optical/opt_002112.tif
opt_002113,id_001951,optical,optical/opt_002113.tif
opt_002114,id_001952,optical,optical/opt_002114.tif
opt_002115,id_001953,optical,optical/opt_002115.tif
opt_002116,id_001954,optical,optical/opt_002116.tif
opt_002117,id_001955,optical,optical/opt_002117.tif
opt_002118,id_001956,optical,optical/opt_002118.tif
opt_002119,id_001957,optical,optical/opt_002119.tif
opt_002120,id_001958,optical,optical/opt_002120.tif
opt_002121,id_001959,optical,optical/opt_002121.tif
opt_002122,id_001960,optical,optical/opt_002122.tif
opt_002123,id_001961,optical,optical/opt_002123.tif
opt_002124,id_001962,optical,optical/opt_002124.tif
opt_002125,id_001963,optical,optical/opt_002125.tif
opt_002126,id_001964,optical,optical/opt_002126.tif
opt_002127,id_001965,optical,optical/opt_002127.tif
opt_002128,id_001966,optical,optical/opt_002128.tif
opt_002129,id_001967,optical,optical/opt_002129.tif
opt_002130,id_001968,optical,optical/opt_002130.tif
opt_002131,id_001969,optical,optical/opt_002131.tif
opt_002132,id_001970,optical,optical/opt_002132.tif
opt_002133,id_001971,optical,optical/opt_002133.tif
opt_002134,id_001972,optical,optical/opt_002134.tif
opt_002135,id_001973,optical,optical/opt_002135.tif
opt_002136,id_001974,optical,optical/opt_002136.tif
opt_002137,id_001975,optical,optical/opt_002137.tif
opt_002138,id_001976,optical,optical/opt_002138.tif
opt_002139,id_001977,optical,optical/opt_002139.tif
opt_002140,id_001978,optical,optical/opt_002140.tif
opt_002141,id_001979,optical,optical/opt_002141.tif
opt_002142,id_001980,optical,optical/opt_002142.tif
opt_002143,id_001981,optical,optical/opt_002143.tif
opt_002144,id_001981,optical,optical/opt_002144.tif
opt_002145,id_001982,optical,optical/opt_002145.tif
opt_002146,id_001983,optical,optical/opt_002146.tif
opt_002147,id_001984,optical,optical/opt_002147.tif
opt_002148,id_001985,optical,optical/opt_002148.tif
opt_002149,id_001986,optical,optical/opt_002149.tif
opt_002150,id_001987,optical,optical/opt_002150.tif
opt_002151,id_001988,optical,optical/opt_002151.tif
opt_002152,id_001989,optical,optical/opt_002152.tif
opt_002153,id_001990,optical,optical/opt_002153.tif
opt_002154,id_001991,optical,optical/opt_002154.tif
opt_002155,id_001992,optical,optical/opt_002155.tif
opt_002156,id_001992,optical,optical/opt_002156.tif
opt_002157,id_001993,optical,optical/opt_002157.tif
opt_002158,id_001994,optical,optical/opt_002158.tif
opt_002159,id_001995,optical,optical/opt_002159.tif
opt_002160,id_001996,optical,optical/opt_002160.tif
opt_002161,id_001997,optical,optical/opt_002161.tif
opt_002162,id_001998,optical,optical/opt_002162.tif
opt_002163,id_001999,optical,optical/opt_002163.tif
opt_002164,id_002000,optical,optical/opt_002164.tif
opt_002165,id_002001,optical,optical/opt_002165.tif
opt_002166,id_002002,optical,optical/opt_002166.tif
opt_002167,id_002003,optical,optical/opt_002167.tif
opt_002168,id_002004,optical,optical/opt_002168.tif
opt_002169,id_002005,optical,optical/opt_002169.tif
opt_002170,id_002006,optical,optical/opt_002170.tif
opt_002171,id_002007,optical,optical/opt_002171.tif
opt_002172,id_002008,optical,optical/opt_002172.tif
opt_002173,id_002009,optical,optical/opt_002173.tif
opt_002174,id_002010,optical,optical/opt_002174.tif
opt_002175,id_002011,optical,optical/opt_002175.tif
opt_002176,id_002012,optical,optical/opt_002176.tif
opt_002177,id_002013,optical,optical/opt_002177.tif
opt_002178,id_002014,optical,optical/opt_002178.tif
opt_002179,id_002015,optical,optical/opt_002179.tif
opt_002180,id_002016,optical,optical/opt_002180.tif
opt_002181,id_002017,optical,optical/opt_002181.tif
opt_002182,id_002018,optical,optical/opt_002182.tif
opt_002183,id_002019,optical,optical/opt_002183.tif
opt_002184,id_002020,optical,optical/opt_002184.tif
opt_002185,id_002021,optical,optical/opt_002185.tif
opt_002186,id_002022,optical,optical/opt_002186.tif
opt_002187,id_002023,optical,optical/opt_002187.tif
opt_002188,id_002024,optical,optical/opt_002188.tif
opt_002189,id_002025,optical,optical/opt_002189.tif
opt_002190,id_002026,optical,optical/opt_002190.tif
opt_002191,id_002027,optical,optical/opt_002191.tif
opt_002192,id_002028,optical,optical/opt_002192.tif
opt_002193,id_002029,optical,optical/opt_002193.tif
opt_002194,id_002030,optical,optical/opt_002194.tif
opt_002195,id_002030,optical,optical/opt_002195.tif
opt_002196,id_002031,optical,optical/opt_002196.tif
opt_002197,id_002032,optical,optical/opt_002197.tif
opt_002198,id_002033,optical,optical/opt_002198.tif
opt_002199,id_002034,optical,optical/opt_002199.tif
opt_002200,id_002035,optical,optical/opt_002200.tif
opt_002201,id_002036,optical,optical/opt_002201.tif
opt_002202,id_002037,optical,optical/opt_002202.tif
opt_002203,id_002038,optical,optical/opt_002203.tif
opt_002204,id_002039,optical,optical/opt_002204.tif
opt_002205,id_002040,optical,optical/opt_002205.tif
opt_002206,id_002041,optical,optical/opt_002206.tif
opt_002207,id_002042,optical,optical/opt_002207.tif
opt_002208,id_002043,optical,optical/opt_002208.tif
opt_002209,id_002044,optical,optical/opt_002209.tif
opt_002210,id_002045,optical,optical/opt_002210.tif
opt_002211,id_002046,optical,optical/opt_002211.tif
opt_002212,id_002047,optical,optical/opt_002212.tif
opt_002213,id_002048,optical,optical/opt_002213.tif
opt_002214,id_002049,optical,optical/opt_002214.tif
opt_002215,id_002050,optical,optical/opt_002215.tif
opt_002216,id_002051,optical,optical/opt_002216.tif
opt_002217,id_002052,optical,optical/opt_002217.tif
opt_002218,id_002052,optical,optical/opt_002218.tif
opt_002219,id_002052,optical,optical/opt_002219.tif
opt_002220,id_002053,optical,optical/opt_002220.tif
opt_002221,id_002054,optical,optical/opt_002221.tif
opt_002222,id_002055,optical,optical/opt_002222.tif
opt_002223,id_002056,optical,optical/opt_002223.tif
opt_002224,id_002057,optical,optical/opt_002224.tif
opt_002225,id_002058,optical,optical/opt_002225.tif
opt_002226,id_002059,optical,optical/opt_002226.tif
opt_002227,id_002060,optical,optical/opt_002227.tif
opt_002228,id_002061,optical,optical/opt_002228.tif
opt_002229,id_002062,optical,optical/opt_002229.tif
opt_002230,id_002063,optical,optical/opt_002230.tif
opt_002231,id_002064,optical,optical/opt_002231.tif
opt_002232,id_002065,optical,optical/opt_002232.tif
opt_002233,id_002066,optical,optical/opt_002233.tif
opt_002234,id_002067,optical,optical/opt_002234.tif
opt_002235,id_002068,optical,optical/opt_002235.tif
opt_002236,id_002069,optical,optical/opt_002236.tif
opt_002237,id_002070,optical,optical/opt_002237.tif
opt_002238,id_002071,optical,optical/opt_002238.tif
opt_002239,id_002072,optical,optical/opt_002239.tif
opt_002240,id_002073,optical,optical/opt_002240.tif
opt_002241,id_002074,optical,optical/opt_002241.tif
opt_002242,id_002075,optical,optical/opt_002242.tif
opt_002243,id_002076,optical,optical/opt_002243.tif
opt_002244,id_002077,optical,optical/opt_002244.tif
opt_002245,id_002077,optical,optical/opt_002245.tif
opt_002246,id_002078,optical,optical/opt_002246.tif
opt_002247,id_002079,optical,optical/opt_002247.tif
opt_002248,id_002080,optical,optical/opt_002248.tif
opt_002249,id_002081,optical,optical/opt_002249.tif
opt_002250,id_002082,optical,optical/opt_002250.tif
opt_002251,id_002083,optical,optical/opt_002251.tif
opt_002252,id_002084,optical,optical/opt_002252.tif
opt_002253,id_002085,optical,optical/opt_002253.tif
opt_002254,id_002086,optical,optical/opt_002254.tif
opt_002255,id_002087,optical,optical/opt_002255.tif
opt_002256,id_002087,optical,optical/opt_002256.tif
opt_002257,id_002087,optical,optical/opt_002257.tif
opt_002258,id_002088,optical,optical/opt_002258.tif
opt_002259,id_002089,optical,optical/opt_002259.tif
opt_002260,id_002090,optical,optical/opt_002260.tif
opt_002261,id_002091,optical,optical/opt_002261.tif
opt_002262,id_002092,optical,optical/opt_002262.tif
opt_002263,id_002093,optical,optical/opt_002263.tif
opt_002264,id_002094,optical,optical/opt_002264.tif
opt_002265,id_002095,optical,optical/opt_002265.tif
opt_002266,id_002096,optical,optical/opt_002266.tif
opt_002267,id_002097,optical,optical/opt_002267.tif
opt_002268,id_002098,optical,optical/opt_002268.tif
opt_002269,id_002099,optical,optical/opt_002269.tif
opt_002270,id_002100,optical,optical/opt_002270.tif
opt_002271,id_002101,optical,optical/opt_002271.tif
opt_002272,id_002102,optical,optical/opt_002272.tif
opt_002273,id_002103,optical,optical/opt_002273.tif
opt_002274,id_002104,optical,optical/opt_002274.tif
opt_002275,id_002104,optical,optical/opt_002275.tif
opt_002276,id_002105,optical,optical/opt_002276.tif
opt_002277,id_002106,optical,optical/opt_002277.tif
opt_002278,id_002106,optical,optical/opt_002278.tif
opt_002279,id_002107,optical,optical/opt_002279.tif
opt_002280,id_002108,optical,optical/opt_002280.tif
opt_002281,id_002109,optical,optical/opt_002281.tif
opt_002282,id_002110,optical,optical/opt_002282.tif
opt_002283,id_002111,optical,optical/opt_002283.tif
opt_002284,id_002112,optical,optical/opt_002284.tif
opt_002285,id_002113,optical,optical/opt_002285.tif
opt_002286,id_002114,optical,optical/opt_002286.tif
opt_002287,id_002115,optical,optical/opt_002287.tif
opt_002288,id_002116,optical,optical/opt_002288.tif
opt_002289,id_002117,optical,optical/opt_002289.tif
opt_002290,id_002118,optical,optical/opt_002290.tif
opt_002291,id_002119,optical,optical/opt_002291.tif
opt_002292,id_002120,optical,optical/opt_002292.tif
opt_002293,id_002121,optical,optical/opt_002293.tif
opt_002294,id_002122,optical,optical/opt_002294.tif
opt_002295,id_002123,optical,optical/opt_002295.tif
opt_002296,id_002124,optical,optical/opt_002296.tif
opt_002297,id_002125,optical,optical/opt_002297.tif
opt_002298,id_002126,optical,optical/opt_002298.tif
opt_002299,id_002127,optical,optical/opt_002299.tif
opt_002300,id_002128,optical,optical/opt_002300.tif
opt_002301,id_002129,optical,optical/opt_002301.tif
opt_002302,id_002130,optical,optical/opt_002302.tif
opt_002303,id_002131,optical,optical/opt_002303.tif
opt_002304,id_002132,optical,optical/opt_002304.tif
opt_002305,id_002133,optical,optical/opt_002305.tif
opt_002306,id_002134,optical,optical/opt_002306.tif
opt_002307,id_002135,optical,optical/opt_002307.tif
opt_002308,id_002136,optical,optical/opt_002308.tif
opt_002309,id_002137,optical,optical/opt_002309.tif
opt_002310,id_002137,optical,optical/opt_002310.tif
opt_002311,id_002138,optical,optical/opt_002311.tif
opt_002312,id_002139,optical,optical/opt_002312.tif
opt_002313,id_002140,optical,optical/opt_002313.tif
opt_002314,id_002141,optical,optical/opt_002314.tif
opt_002315,id_002142,optical,optical/opt_002315.tif
opt_002316,id_002143,optical,optical/opt_002316.tif
opt_002317,id_002144,optical,optical/opt_002317.tif
opt_002318,id_002145,optical,optical/opt_002318.tif
opt_002319,id_002146,optical,optical/opt_002319.tif
opt_002320,id_002146,optical,optical/opt_002320.tif
opt_002321,id_002147,optical,optical/opt_002321.tif
opt_002322,id_002148,optical,optical/opt_002322.tif
opt_002323,id_002148,optical,optical/opt_002323.tif
opt_002324,id_002148,optical,optical/opt_002324.tif
opt_002325,id_002149,optical,optical/opt_002325.tif
opt_002326,id_002150,optical,optical/opt_002326.tif
opt_002327,id_002151,optical,optical/opt_002327.tif
opt_002328,id_002152,optical,optical/opt_002328.tif
opt_002329,id_002153,optical,optical/opt_002329.tif
opt_002330,id_002154,optical,optical/opt_002330.tif
opt_002331,id_002155,optical,optical/opt_002331.tif
opt_002332,id_002156,optical,optical/opt_002332.tif
opt_002333,id_002157,optical,optical/opt_002333.tif
opt_002334,id_002158,optical,optical/opt_002334.tif
opt_002335,id_002159,optical,optical/opt_002335.tif
opt_002336,id_002160,optical,optical/opt_002336.tif
opt_002337,id_002161,optical,optical/opt_002337.tif
opt_002338,id_002162,optical,optical/opt_002338.tif
opt_002339,id_002163,optical,optical/opt_002339.tif
opt_002340,id_002164,optical,optical/opt_002340.tif
opt_002341,id_002165,optical,optical/opt_002341.tif
opt_002342,id_002166,optical,optical/opt_002342.tif
opt_002343,id_002167,optical,optical/opt_002343.tif
opt_002344,id_002168,optical,optical/opt_002344.tif
opt_002345,id_002169,optical,optical/opt_002345.tif
opt_002346,id_002170,optical,optical/opt_002346.tif
opt_002347,id_002171,optical,optical/opt_002347.tif
opt_002348,id_002172,optical,optical/opt_002348.tif
opt_002349,id_002173,optical,optical/opt_002349.tif
opt_002350,id_002174,optical,optical/opt_002350.tif
opt_002351,id_002175,optical,optical/opt_002351.tif
opt_002352,id_002176,optical,optical/opt_002352.tif
opt_002353,id_002177,optical,optical/opt_002353.tif
opt_002354,id_002178,optical,optical/opt_002354.tif
opt_002355,id_002179,optical,optical/opt_002355.tif
opt_002356,id_002180,optical,optical/opt_002356.tif
opt_002357,id_002181,optical,optical/opt_002357.tif
opt_002358,id_002182,optical,optical/opt_002358.tif
opt_002359,id_002183,optical,optical/opt_002359.tif
opt_002360,id_002184,optical,optical/opt_002360.tif
opt_002361,id_002184,optical,optical/opt_002361.tif
opt_002362,id_002185,optical,optical/opt_002362.tif
opt_002363,id_002186,optical,optical/opt_002363.tif
opt_002364,id_002187,optical,optical/opt_002364.tif
opt_002365,id_002188,optical,optical/opt_002365.tif
opt_002366,id_002189,optical,optical/opt_002366.tif
opt_002367,id_002190,optical,optical/opt_002367.tif
opt_002368,id_002191,optical,optical/opt_002368.tif
opt_002369,id_002192,optical,optical/opt_002369.tif
opt_002370,id_002193,optical,optical/opt_002370.tif
opt_002371,id_002194,optical,optical/opt_002371.tif
opt_002372,id_002195,optical,optical/opt_002372.tif
opt_002373,id_002196,optical,optical/opt_002373.tif
opt_002374,id_002197,optical,optical/opt_002374.tif
opt_002375,id_002198,optical,optical/opt_002375.tif
opt_002376,id_002199,optical,optical/opt_002376.tif
opt_002377,id_002200,optical,optical/opt_002377.tif
opt_002378,id_002201,optical,optical/opt_002378.tif
opt_002379,id_002202,optical,optical/opt_002379.tif
opt_002380,id_002203,optical,optical/opt_002380.tif
opt_002381,id_002204,optical,optical/opt_002381.tif
opt_002382,id_002205,optical,optical/opt_002382.tif
opt_002383,id_002206,optical,optical/opt_002383.tif
opt_002384,id_002207,optical,optical/opt_002384.tif
opt_002385,id_002208,optical,optical/opt_002385.tif
opt_002386,id_002209,optical,optical/opt_002386.tif
opt_002387,id_002210,optical,optical/opt_002387.tif
opt_002388,id_002211,optical,optical/opt_002388.tif
opt_002389,id_002212,optical,optical/opt_002389.tif
opt_002390,id_002213,optical,optical/opt_002390.tif
opt_002391,id_002213,optical,optical/opt_002391.tif
opt_002392,id_002213,optical,optical/opt_002392.tif
opt_002393,id_002214,optical,optical/opt_002393.tif
opt_002394,id_002215,optical,optical/opt_002394.tif
opt_002395,id_002216,optical,optical/opt_002395.tif
opt_002396,id_002217,optical,optical/opt_002396.tif
opt_002397,id_002217,optical,optical/opt_002397.tif
opt_002398,id_002217,optical,optical/opt_002398.tif
opt_002399,id_002218,optical,optical/opt_002399.tif
opt_002400,id_002219,optical,optical/opt_002400.tif
opt_002401,id_002220,optical,optical/opt_002401.tif
opt_002402,id_002221,optical,optical/opt_002402.tif
opt_002403,id_002222,optical,optical/opt_002403.tif
opt_002404,id_002223,optical,optical/opt_002404.tif
opt_002405,id_002224,optical,optical/opt_002405.tif
opt_002406,id_002225,optical,optical/opt_002406.tif
opt_002407,id_002226,optical,optical/opt_002407.tif
opt_002408,id_002227,optical,optical/opt_002408.tif
opt_002409,id_002228,optical,optical/opt_002409.tif
opt_002410,id_002229,optical,optical/opt_002410.tif
opt_002411,id_002230,optical,optical/opt_002411.tif
opt_002412,id_002231,optical,optical/opt_002412.tif
opt_002413,id_002232,optical,optical/opt_002413.tif
opt_002414,id_002233,optical,optical/opt_002414.tif
opt_002415,id_002234,optical,optical/opt_002415.tif
opt_002416,id_002235,optical,optical/opt_002416.tif
opt_002417,id_002236,optical,optical/opt_002417.tif
opt_002418,id_002237,optical,optical/opt_002418.tif
opt_002419,id_002238,optical,optical/opt_002419.tif
opt_002420,id_002239,optical,optical/opt_002420.tif
opt_002421,id_002240,optical,optical/opt_002421.tif
opt_002422,id_002241,optical,optical/opt_002422.tif
opt_002423,id_002242,optical,optical/opt_002423.tif
opt_002424,id_002243,optical,optical/opt_002424.tif
opt_002425,id_002244,optical,optical/opt_002425.tif
opt_002426,id_002245,optical,optical/opt_002426.tif
opt_002427,id_002246,optical,optical/opt_002427.tif
opt_002428,id_002247,optical,optical/opt_002428.tif
opt_002429,id_002248,optical,optical/opt_002429.tif
opt_002430,id_002249,optical,optical/opt_002430.tif
opt_002431,id_002250,optical,optical/opt_002431.tif
opt_002432,id_002251,optical,optical/opt_002432.tif
opt_002433,id_002252,optical,optical/opt_002433.tif
opt_002434,id_002253,optical,optical/opt_002434.tif
opt_002435,id_002254,optical,optical/opt_002435.tif
opt_002436,id_002255,optical,optical/opt_002436.tif
opt_002437,id_002256,optical,optical/opt_002437.tif
opt_002438,id_002257,optical,optical/opt_002438.tif
opt_002439,id_002258,optical,optical/opt_002439.tif
opt_002440,id_002259,optical,optical/opt_002440.tif
opt_002441,id_002260,optical,optical/opt_002441.tif
opt_002442,id_002261,optical,optical/opt_002442.tif
opt_002443,id_002262,optical,optical/opt_002443.tif
opt_002444,id_002263,optical,optical/opt_002444.tif
opt_002445,id_002264,optical,optical/opt_002445.tif
opt_002446,id_002265,optical,optical/opt_002446.tif
opt_002447,id_002266,optical,optical/opt_002447.tif
opt_002448,id_002267,optical,optical/opt_002448.tif
opt_002449,id_002268,optical,optical/opt_002449.tif
opt_002450,id_002269,optical,optical/opt_002450.tif
opt_002451,id_002270,optical,optical/opt_002451.tif
opt_002452,id_002271,optical,optical/opt_002452.tif
opt_002453,id_002272,optical,optical/opt_002453.tif
opt_002454,id_002273,optical,optical/opt_002454.tif
opt_002455,id_002274,optical,optical/opt_002455.tif
opt_002456,id_002275,optical,optical/opt_002456.tif
opt_002457,id_002276,optical,optical/opt_002457.tif
opt_002458,id_002277,optical,optical/opt_002458.tif
opt_002459,id_002278,optical,optical/opt_002459.tif
opt_002460,id_002279,optical,optical/opt_002460.tif
opt_002461,id_002280,optical,optical/opt_002461.tif
opt_002462,id_002281,optical,optical/opt_002462.tif
opt_002463,id_002282,optical,optical/opt_002463.tif
opt_002464,id_002283,optical,optical/opt_002464.tif
opt_002465,id_002284,optical,optical/opt_002465.tif
opt_002466,id_002285,optical,optical/opt_002466.tif
opt_002467,id_002286,optical,optical/opt_002467.tif
opt_002468,id_002287,optical,optical/opt_002468.tif
opt_002469,id_002288,optical,optical/opt_002469.tif
opt_002470,id_002289,optical,optical/opt_002470.tif
opt_002471,id_002290,optical,optical/opt_002471.tif
opt_002472,id_002291,optical,optical/opt_002472.tif
opt_002473,id_002292,optical,optical/opt_002473.tif
opt_002474,id_002293,optical,optical/opt_002474.tif
opt_002475,id_002294,optical,optical/opt_002475.tif
opt_002476,id_002295,optical,optical/opt_002476.tif
opt_002477,id_002296,optical,optical/opt_002477.tif
opt_002478,id_002297,optical,optical/opt_002478.tif
opt_002479,id_002298,optical,optical/opt_002479.tif
opt_002480,id_002299,optical,optical/opt_002480.tif
opt_002481,id_002300,optical,optical/opt_002481.tif
opt_002482,id_002301,optical,optical/opt_002482.tif
opt_002483,id_002302,optical,optical/opt_002483.tif
opt_002484,id_002303,optical,optical/opt_002484.tif
opt_002485,id_002304,optical,optical/opt_002485.tif
opt_002486,id_002305,optical,optical/opt_002486.tif
opt_002487,id_002306,optical,optical/opt_002487.tif
opt_002488,id_002307,optical,optical/opt_002488.tif
opt_002489,id_002308,optical,optical/opt_002489.tif
opt_002490,id_002309,optical,optical/opt_002490.tif
opt_002491,id_002310,optical,optical/opt_002491.tif
opt_002492,id_002310,optical,optical/opt_002492.tif
opt_002493,id_002311,optical,optical/opt_002493.tif
opt_002494,id_002312,optical,optical/opt_002494.tif
opt_002495,id_002313,optical,optical/opt_002495.tif
opt_002496,id_002314,optical,optical/opt_002496.tif
opt_002497,id_002315,optical,optical/opt_002497.tif
opt_002498,id_002316,optical,optical/opt_002498.tif
opt_002499,id_002317,optical,optical/opt_002499.tif
opt_002500,id_002318,optical,optical/opt_002500.tif
opt_002501,id_002319,optical,optical/opt_002501.tif
opt_002502,id_002320,optical,optical/opt_002502.tif
opt_002503,id_002321,optical,optical/opt_002503.tif
opt_002504,id_002322,optical,optical/opt_002504.tif
opt_002505,id_002323,optical,optical/opt_002505.tif
opt_002506,id_002324,optical,optical/opt_002506.tif
opt_002507,id_002325,optical,optical/opt_002507.tif
opt_002508,id_002326,optical,optical/opt_002508.tif
opt_002509,id_002327,optical,optical/opt_002509.tif
opt_002510,id_002327,optical,optical/opt_002510.tif
opt_002511,id_002327,optical,optical/opt_002511.tif
opt_002512,id_002328,optical,optical/opt_002512.tif
opt_002513,id_002329,optical,optical/opt_002513.tif
opt_002514,id_002329,optical,optical/opt_002514.tif
opt_002515,id_002330,optical,optical/opt_002515.tif
opt_002516,id_002331,optical,optical/opt_002516.tif
opt_002517,id_002332,optical,optical/opt_002517.tif
opt_002518,id_002333,optical,optical/opt_002518.tif
opt_002519,id_002334,optical,optical/opt_002519.tif
opt_002520,id_002335,optical,optical/opt_002520.tif
opt_002521,id_002336,optical,optical/opt_002521.tif
opt_002522,id_002337,optical,optical/opt_002522.tif
opt_002523,id_002338,optical,optical/opt_002523.tif
opt_002524,id_002339,optical,optical/opt_002524.tif
opt_002525,id_002340,optical,optical/opt_002525.tif
opt_002526,id_002341,optical,optical/opt_002526.tif
opt_002527,id_002342,optical,optical/opt_002527.tif
opt_002528,id_002343,optical,optical/opt_002528.tif
opt_002529,id_002344,optical,optical/opt_002529.tif
opt_002530,id_002345,optical,optical/opt_002530.tif
opt_002531,id_002346,optical,optical/opt_002531.tif
opt_002532,id_002347,optical,optical/opt_002532.tif
opt_002533,id_002348,optical,optical/opt_002533.tif
opt_002534,id_002349,optical,optical/opt_002534.tif
opt_002535,id_002349,optical,optical/opt_002535.tif
opt_002536,id_002349,optical,optical/opt_002536.tif
opt_002537,id_002350,optical,optical/opt_002537.tif
opt_002538,id_002351,optical,optical/opt_002538.tif
opt_002539,id_002352,optical,optical/opt_002539.tif
opt_002540,id_002353,optical,optical/opt_002540.tif
opt_002541,id_002354,optical,optical/opt_002541.tif
opt_002542,id_002355,optical,optical/opt_002542.tif
opt_002543,id_002356,optical,optical/opt_002543.tif
opt_002544,id_002357,optical,optical/opt_002544.tif
opt_002545,id_002358,optical,optical/opt_002545.tif
opt_002546,id_002359,optical,optical/opt_002546.tif
opt_002547,id_002360,optical,optical/opt_002547.tif
opt_002548,id_002361,optical,optical/opt_002548.tif
opt_002549,id_002362,optical,optical/opt_002549.tif
opt_002550,id_002363,optical,optical/opt_002550.tif
opt_002551,id_002364,optical,optical/opt_002551.tif
opt_002552,id_002365,optical,optical/opt_002552.tif
opt_002553,id_002366,optical,optical/opt_002553.tif
opt_002554,id_002367,optical,optical/opt_002554.tif
opt_002555,id_002368,optical,optical/opt_002555.tif
opt_002556,id_002369,optical,optical/opt_002556.tif
opt_002557,id_002370,optical,optical/opt_002557.tif
opt_002558,id_002371,optical,optical/opt_002558.tif
opt_002559,id_002372,optical,optical/opt_002559.tif
opt_002560,id_002373,optical,optical/opt_002560.tif
opt_002561,id_002374,optical,optical/opt_002561.tif
opt_002562,id_002375,optical,optical/opt_002562.tif
opt_002563,id_002376,optical,optical/opt_002563.tif
opt_002564,id_002377,optical,optical/opt_002564.tif
opt_002565,id_002378,optical,optical/opt_002565.tif
opt_002566,id_002379,optical,optical/opt_002566.tif
opt_002567,id_002380,optical,optical/opt_002567.tif
opt_002568,id_002381,optical,optical/opt_002568.tif
opt_002569,id_002382,optical,optical/opt_002569.tif
opt_002570,id_002383,optical,optical/opt_002570.tif
opt_002571,id_002383,optical,optical/opt_002571.tif
opt_002572,id_002384,optical,optical/opt_002572.tif
opt_002573,id_002385,optical,optical/opt_002573.tif
opt_002574,id_002386,optical,optical/opt_002574.tif
opt_002575,id_002387,optical,optical/opt_002575.tif
opt_002576,id_002388,optical,optical/opt_002576.tif
opt_002577,id_002389,optical,optical/opt_002577.tif
opt_002578,id_002390,optical,optical/opt_002578.tif
opt_002579,id_002391,optical,optical/opt_002579.tif
opt_002580,id_002392,optical,optical/opt_002580.tif
opt_002581,id_002393,optical,optical/opt_002581.tif
opt_002582,id_002394,optical,optical/opt_002582.tif
opt_002583,id_002395,optical,optical/opt_002583.tif
opt_002584,id_002396,optical,optical/opt_002584.tif
opt_002585,id_002397,optical,optical/opt_002585.tif
opt_002586,id_002398,optical,optical/opt_002586.tif
opt_002587,id_002399,optical,optical/opt_002587.tif
opt_002588,id_002400,optical,optical/opt_002588.tif
opt_002589,id_002401,optical,optical/opt_002589.tif
opt_002590,id_002402,optical,optical/opt_002590.tif
opt_002591,id_002403,optical,optical/opt_002591.tif
opt_002592,id_002403,optical,optical/opt_002592.tif
opt_002593,id_002403,optical,optical/opt_002593.tif
opt_002594,id_002404,optical,optical/opt_002594.tif
opt_002595,id_002405,optical,optical/opt_002595.tif
opt_002596,id_002406,optical,optical/opt_002596.tif
opt_002597,id_002407,optical,optical/opt_002597.tif
opt_002598,id_002408,optical,optical/opt_002598.tif
opt_002599,id_002409,optical,optical/opt_002599.tif
opt_002600,id_002410,optical,optical/opt_002600.tif
opt_002601,id_002411,optical,optical/opt_002601.tif
opt_002602,id_002412,optical,optical/opt_002602.tif
opt_002603,id_002413,optical,optical/opt_002603.tif
opt_002604,id_002414,optical,optical/opt_002604.tif
opt_002605,id_002415,optical,optical/opt_002605.tif
opt_002606,id_002416,optical,optical/opt_002606.tif
opt_002607,id_002417,optical,optical/opt_002607.tif
opt_002608,id_002418,optical,optical/opt_002608.tif
opt_002609,id_002418,optical,optical/opt_002609.tif
opt_002610,id_002419,optical,optical/opt_002610.tif
opt_002611,id_002420,optical,optical/opt_002611.tif
opt_002612,id_002421,optical,optical/opt_002612.tif
opt_002613,id_002422,optical,optical/opt_002613.tif
opt_002614,id_002423,optical,optical/opt_002614.tif
opt_002615,id_002424,optical,optical/opt_002615.tif
opt_002616,id_002425,optical,optical/opt_002616.tif
opt_002617,id_002426,optical,optical/opt_002617.tif
opt_002618,id_002427,optical,optical/opt_002618.tif
opt_002619,id_002428,optical,optical/opt_002619.tif
opt_002620,id_002429,optical,optical/opt_002620.tif
opt_002621,id_002430,optical,optical/opt_002621.tif
opt_002622,id_002431,optical,optical/opt_002622.tif
opt_002623,id_002432,optical,optical/opt_002623.tif
opt_002624,id_002433,optical,optical/opt_002624.tif
opt_002625,id_002434,optical,optical/opt_002625.tif
opt_002626,id_002435,optical,optical/opt_002626.tif
opt_002627,id_002436,optical,optical/opt_002627.tif
opt_002628,id_002437,optical,optical/opt_002628.tif
opt_002629,id_002438,optical,optical/opt_002629.tif
opt_002630,id_002439,optical,optical/opt_002630.tif
opt_002631,id_002440,optical,optical/opt_002631.tif
opt_002632,id_002441,optical,optical/opt_002632.tif
opt_002633,id_002442,optical,optical/opt_002633.tif
opt_002634,id_002443,optical,optical/opt_002634.tif
opt_002635,id_002444,optical,optical/opt_002635.tif
opt_002636,id_002445,optical,optical/opt_002636.tif
opt_002637,id_002446,optical,optical/opt_002637.tif
opt_002638,id_002447,optical,optical/opt_002638.tif
opt_002639,id_002448,optical,optical/opt_002639.tif
opt_002640,id_002449,optical,optical/opt_002640.tif
opt_002641,id_002449,optical,optical/opt_002641.tif
opt_002642,id_002450,optical,optical/opt_002642.tif
opt_002643,id_002451,optical,optical/opt_002643.tif
opt_002644,id_002452,optical,optical/opt_002644.tif
opt_002645,id_002453,optical,optical/opt_002645.tif
opt_002646,id_002454,optical,optical/opt_002646.tif
opt_002647,id_002454,optical,optical/opt_002647.tif
opt_002648,id_002455,optical,optical/opt_002648.tif
opt_002649,id_002456,optical,optical/opt_002649.tif
opt_002650,id_002457,optical,optical/opt_002650.tif
opt_002651,id_002458,optical,optical/opt_002651.tif
opt_002652,id_002459,optical,optical/opt_002652.tif
opt_002653,id_002460,optical,optical/opt_002653.tif
opt_002654,id_002461,optical,optical/opt_002654.tif
opt_002655,id_002462,optical,optical/opt_002655.tif
opt_002656,id_002462,optical,optical/opt_002656.tif
opt_002657,id_002462,optical,optical/opt_002657.tif
opt_002658,id_002463,optical,optical/opt_002658.tif
opt_002659,id_002464,optical,optical/opt_002659.tif
opt_002660,id_002465,optical,optical/opt_002660.tif
opt_002661,id_002466,optical,optical/opt_002661.tif
opt_002662,id_002467,optical,optical/opt_002662.tif
opt_002663,id_002468,optical,optical/opt_002663.tif
opt_002664,id_002469,optical,optical/opt_002664.tif
opt_002665,id_002470,optical,optical/opt_002665.tif
opt_002666,id_002471,optical,optical/opt_002666.tif
opt_002667,id_002472,optical,optical/opt_002667.tif
opt_002668,id_002473,optical,optical/opt_002668.tif
opt_002669,id_002474,optical,optical/opt_002669.tif
opt_002670,id_002475,optical,optical/opt_002670.tif
opt_002671,id_002476,optical,optical/opt_002671.tif
opt_002672,id_002477,optical,optical/opt_002672.tif
opt_002673,id_002478,optical,optical/opt_002673.tif
opt_002674,id_002479,optical,optical/opt_002674.tif
opt_002675,id_002480,optical,optical/opt_002675.tif
opt_002676,id_002481,optical,optical/opt_002676.tif
opt_002677,id_002482,optical,optical/opt_002677.tif
opt_002678,id_002483,optical,optical/opt_002678.tif
opt_002679,id_002484,optical,optical/opt_002679.tif
opt_002680,id_002485,optical,optical/opt_002680.tif
opt_002681,id_002486,optical,optical/opt_002681.tif
opt_002682,id_002487,optical,optical/opt_002682.tif
opt_002683,id_002488,optical,optical/opt_002683.tif
opt_002684,id_002488,optical,optical/opt_002684.tif
opt_002685,id_002488,optical,optical/opt_002685.tif
opt_002686,id_002489,optical,optical/opt_002686.tif
opt_002687,id_002490,optical,optical/opt_002687.tif
opt_002688,id_002491,optical,optical/opt_002688.tif
opt_002689,id_002492,optical,optical/opt_002689.tif
opt_002690,id_002493,optical,optical/opt_002690.tif
opt_002691,id_002494,optical,optical/opt_002691.tif
opt_002692,id_002495,optical,optical/opt_002692.tif
opt_002693,id_002496,optical,optical/opt_002693.tif
opt_002694,id_002496,optical,optical/opt_002694.tif
opt_002695,id_002497,optical,optical/opt_002695.tif
opt_002696,id_002498,optical,optical/opt_002696.tif
opt_002697,id_002499,optical,optical/opt_002697.tif
opt_002698,id_002500,optical,optical/opt_002698.tif
opt_002699,id_002501,optical,optical/opt_002699.tif
opt_002700,id_002502,optical,optical/opt_002700.tif
opt_002701,id_002503,optical,optical/opt_002701.tif
opt_002702,id_002504,optical,optical/opt_002702.tif
opt_002703,id_002505,optical,optical/opt_002703.tif
opt_002704,id_002506,optical,optical/opt_002704.tif
opt_002705,id_002507,optical,optical/opt_002705.tif
opt_002706,id_002508,optical,optical/opt_002706.tif
opt_002707,id_002509,optical,optical/opt_002707.tif
opt_002708,id_002510,optical,optical/opt_002708.tif
opt_002709,id_002511,optical,optical/opt_002709.tif
opt_002710,id_002512,optical,optical/opt_002710.tif
opt_002711,id_002513,optical,optical/opt_002711.tif
opt_002712,id_002514,optical,optical/opt_002712.tif
opt_002713,id_002515,optical,optical/opt_002713.tif
opt_002714,id_002516,optical,optical/opt_002714.tif
opt_002715,id_002517,optical,optical/opt_002715.tif
opt_002716,id_002518,optical,optical/opt_002716.tif
opt_002717,id_002519,optical,optical/opt_002717.tif
opt_002718,id_002519,optical,optical/opt_002718.tif
opt_002719,id_002520,optical,optical/opt_002719.tif
opt_002720,id_002521,optical,optical/opt_002720.tif
opt_002721,id_002522,optical,optical/opt_002721.tif
opt_002722,id_002523,optical,optical/opt_002722.tif
opt_002723,id_002524,optical,optical/opt_002723.tif
opt_002724,id_002525,optical,optical/opt_002724.tif
opt_002725,id_002526,optical,optical/opt_002725.tif
opt_002726,id_002527,optical,optical/opt_002726.tif
opt_002727,id_002528,optical,optical/opt_002727.tif
opt_002728,id_002529,optical,optical/opt_002728.tif
opt_002729,id_002530,optical,optical/opt_002729.tif
opt_002730,id_002531,optical,optical/opt_002730.tif
opt_002731,id_002531,optical,optical/opt_002731.tif
opt_002732,id_002532,optical,optical/opt_002732.tif
opt_002733,id_002533,optical,optical/opt_002733.tif
opt_002734,id_002534,optical,optical/opt_002734.tif
opt_002735,id_002535,optical,optical/opt_002735.tif
opt_002736,id_002536,optical,optical/opt_002736.tif
opt_002737,id_002537,optical,optical/opt_002737.tif
opt_002738,id_002537,optical,optical/opt_002738.tif
opt_002739,id_002537,optical,optical/opt_002739.tif
opt_002740,id_002538,optical,optical/opt_002740.tif
opt_002741,id_002539,optical,optical/opt_002741.tif
opt_002742,id_002540,optical,optical/opt_002742.tif
opt_002743,id_002540,optical,optical/opt_002743.tif
opt_002744,id_002540,optical,optical/opt_002744.tif
opt_002745,id_002541,optical,optical/opt_002745.tif
opt_002746,id_002542,optical,optical/opt_002746.tif
opt_002747,id_002543,optical,optical/opt_002747.tif
opt_002748,id_002544,optical,optical/opt_002748.tif
opt_002749,id_002545,optical,optical/opt_002749.tif
opt_002750,id_002546,optical,optical/opt_002750.tif
opt_002751,id_002547,optical,optical/opt_002751.tif
opt_002752,id_002548,optical,optical/opt_002752.tif
opt_002753,id_002549,optical,optical/opt_002753.tif
opt_002754,id_002550,optical,optical/opt_002754.tif
opt_002755,id_002551,optical,optical/opt_002755.tif
opt_002756,id_002552,optical,optical/opt_002756.tif
opt_002757,id_002553,optical,optical/opt_002757.tif
opt_002758,id_002554,optical,optical/opt_002758.tif
opt_002759,id_002555,optical,optical/opt_002759.tif
opt_002760,id_002556,optical,optical/opt_002760.tif
opt_002761,id_002557,optical,optical/opt_002761.tif
opt_002762,id_002558,optical,optical/opt_002762.tif
opt_002763,id_002559,optical,optical/opt_002763.tif
opt_002764,id_002560,optical,optical/opt_002764.tif
opt_002765,id_002561,optical,optical/opt_002765.tif
opt_002766,id_002562,optical,optical/opt_002766.tif
opt_002767,id_002563,optical,optical/opt_002767.tif
opt_002768,id_002564,optical,optical/opt_002768.tif
opt_002769,id_002564,optical,optical/opt_002769.tif
opt_002770,id_002565,optical,optical/opt_002770.tif
opt_002771,id_002566,optical,optical/opt_002771.tif
opt_002772,id_002567,optical,optical/opt_002772.tif
opt_002773,id_002568,optical,optical/opt_002773.tif
opt_002774,id_002569,optical,optical/opt_002774.tif
opt_002775,id_002570,optical,optical/opt_002775.tif
opt_002776,id_002571,optical,optical/opt_002776.tif
opt_002777,id_002572,optical,optical/opt_002777.tif
opt_002778,id_002573,optical,optical/opt_002778.tif
opt_002779,id_002574,optical,optical/opt_002779.tif
opt_002780,id_002575,optical,optical/opt_002780.tif
opt_002781,id_002576,optical,optical/opt_002781.tif
opt_002782,id_002577,optical,optical/opt_002782.tif
opt_002783,id_002578,optical,optical/opt_002783.tif
opt_002784,id_002579,optical,optical/opt_002784.tif
opt_002785,id_002580,optical,optical/opt_002785.tif
opt_002786,id_002581,optical,optical/opt_002786.tif
opt_002787,id_002582,optical,optical/opt_002787.tif
opt_002788,id_002583,optical,optical/opt_002788.tif
opt_002789,id_002584,optical,optical/opt_002789.tif
opt_002790,id_002585,optical,optical/opt_002790.tif
opt_002791,id_002586,optical,optical/opt_002791.tif
opt_002792,id_002586,optical,optical/opt_002792.tif
opt_002793,id_002586,optical,optical/opt_002793.tif
opt_002794,id_002587,optical,optical/opt_002794.tif
opt_002795,id_002588,optical,optical/opt_002795.tif
opt_002796,id_002589,optical,optical/opt_002796.tif
opt_002797,id_002590,optical,optical/opt_002797.tif
opt_002798,id_002591,optical,optical/opt_002798.tif
opt_002799,id_002592,optical,optical/opt_002799.tif
opt_002800,id_002593,optical,optical/opt_002800.tif
opt_002801,id_002594,optical,optical/opt_002801.tif
opt_002802,id_002595,optical,optical/opt_002802.tif
opt_002803,id_002596,optical,optical/opt_002803.tif
opt_002804,id_002597,optical,optical/opt_002804.tif
opt_002805,id_002598,optical,optical/opt_002805.tif
opt_002806,id_002599,optical,optical/opt_002806.tif
opt_002807,id_002600,optical,optical/opt_002807.tif
opt_002808,id_002601,optical,optical/opt_002808.tif
opt_002809,id_002602,optical,optical/opt_002809.tif
opt_002810,id_002603,optical,optical/opt_002810.tif
opt_002811,id_002604,optical,optical/opt_002811.tif
opt_002812,id_002605,optical,optical/opt_002812.tif
opt_002813,id_002606,optical,optical/opt_002813.tif
opt_002814,id_002607,optical,optical/opt_002814.tif
opt_002815,id_002608,optical,optical/opt_002815.tif
opt_002816,id_002608,optical,optical/opt_002816.tif
opt_002817,id_002609,optical,optical/opt_002817.tif
opt_002818,id_002610,optical,optical/opt_002818.tif
opt_002819,id_002611,optical,optical/opt_002819.tif
opt_002820,id_002612,optical,optical/opt_002820.tif
opt_002821,id_002613,optical,optical/opt_002821.tif
opt_002822,id_002614,optical,optical/opt_002822.tif
opt_002823,id_002615,optical,optical/opt_002823.tif
opt_002824,id_002616,optical,optical/opt_002824.tif
opt_002825,id_002617,optical,optical/opt_002825.tif
opt_002826,id_002618,optical,optical/opt_002826.tif
opt_002827,id_002619,optical,optical/opt_002827.tif
opt_002828,id_002620,optical,optical/opt_002828.tif
opt_002829,id_002621,optical,optical/opt_002829.tif
opt_002830,id_002622,optical,optical/opt_002830.tif
opt_002831,id_002623,optical,optical/opt_002831.tif
opt_002832,id_002624,optical,optical/opt_002832.tif
opt_002833,id_002625,optical,optical/opt_002833.tif
opt_002834,id_002626,optical,optical/opt_002834.tif
opt_002835,id_002627,optical,optical/opt_002835.tif
opt_002836,id_002628,optical,optical/opt_002836.tif
opt_002837,id_002629,optical,optical/opt_002837.tif
opt_002838,id_002630,optical,optical/opt_002838.tif
opt_002839,id_002631,optical,optical/opt_002839.tif
opt_002840,id_002632,optical,optical/opt_002840.tif
opt_002841,id_002632,optical,optical/opt_002841.tif
opt_002842,id_002632,optical,optical/opt_002842.tif
opt_002843,id_002633,optical,optical/opt_002843.tif
opt_002844,id_002634,optical,optical/opt_002844.tif
opt_002845,id_002635,optical,optical/opt_002845.tif
opt_002846,id_002636,optical,optical/opt_002846.tif
opt_002847,id_002637,optical,optical/opt_002847.tif
opt_002848,id_002638,optical,optical/opt_002848.tif
opt_002849,id_002639,optical,optical/opt_002849.tif
opt_002850,id_002640,optical,optical/opt_002850.tif
opt_002851,id_002641,optical,optical/opt_002851.tif
opt_002852,id_002642,optical,optical/opt_002852.tif
opt_002853,id_002643,optical,optical/opt_002853.tif
opt_002854,id_002644,optical,optical/opt_002854.tif
opt_002855,id_002645,optical,optical/opt_002855.tif
opt_002856,id_002646,optical,optical/opt_002856.tif
opt_002857,id_002647,optical,optical/opt_002857.tif
opt_002858,id_002648,optical,optical/opt_002858.tif
opt_002859,id_002648,optical,optical/opt_002859.tif
opt_002860,id_002649,optical,optical/opt_002860.tif
opt_002861,id_002650,optical,optical/opt_002861.tif
opt_002862,id_002651,optical,optical/opt_002862.tif
opt_002863,id_002651,optical,optical/opt_002863.tif
opt_002864,id_002652,optical,optical/opt_002864.tif
opt_002865,id_002652,optical,optical/opt_002865.tif
opt_002866,id_002653,optical,optical/opt_002866.tif
opt_002867,id_002654,optical,optical/opt_002867.tif
opt_002868,id_002655,optical,optical/opt_002868.tif
opt_002869,id_002656,optical,optical/opt_002869.tif
opt_002870,id_002657,optical,optical/opt_002870.tif
opt_002871,id_002658,optical,optical/opt_002871.tif
opt_002872,id_002659,optical,optical/opt_002872.tif
opt_002873,id_002660,optical,optical/opt_002873.tif
opt_002874,id_002661,optical,optical/opt_002874.tif
opt_002875,id_002662,optical,optical/opt_002875.tif
opt_002876,id_002663,optical,optical/opt_002876.tif
opt_002877,id_002664,optical,optical/opt_002877.tif
opt_002878,id_002665,optical,optical/opt_002878.tif
opt_002879,id_002666,optical,optical/opt_002879.tif
opt_002880,id_002667,optical,optical/opt_002880.tif
opt_002881,id_002668,optical,optical/opt_002881.tif
opt_002882,id_002669,optical,optical/opt_002882.tif
opt_002883,id_002670,optical,optical/opt_002883.tif
opt_002884,id_002671,optical,optical/opt_002884.tif
opt_002885,id_002672,optical,optical/opt_002885.tif
opt_002886,id_002673,optical,optical/opt_002886.tif
opt_002887,id_002674,optical,optical/opt_002887.tif
opt_002888,id_002674,optical,optical/opt_002888.tif
opt_002889,id_002675,optical,optical/opt_002889.tif
opt_002890,id_002675,optical,optical/opt_002890.tif
opt_002891,id_002676,optical,optical/opt_002891.tif
opt_002892,id_002677,optical,optical/opt_002892.tif
opt_002893,id_002678,optical,optical/opt_002893.tif
opt_002894,id_002679,optical,optical/opt_002894.tif
opt_002895,id_002680,optical,optical/opt_002895.tif
opt_002896,id_002681,optical,optical/opt_002896.tif
opt_002897,id_002682,optical,optical/opt_002897.tif
opt_002898,id_002683,optical,optical/opt_002898.tif
opt_002899,id_002684,optical,optical/opt_002899.tif
opt_002900,id_002685,optical,optical/opt_002900.tif
opt_002901,id_002686,optical,optical/opt_002901.tif
opt_002902,id_002686,optical,optical/opt_002902.tif
opt_002903,id_002687,optical,optical/opt_002903.tif
opt_002904,id_002688,optical,optical/opt_002904.tif
opt_002905,id_002689,optical,optical/opt_002905.tif
opt_002906,id_002690,optical,optical/opt_002906.tif
opt_002907,id_002691,optical,optical/opt_002907.tif
opt_002908,id_002692,optical,optical/opt_002908.tif
opt_002909,id_002693,optical,optical/opt_002909.tif
opt_002910,id_002694,optical,optical/opt_002910.tif
opt_002911,id_002695,optical,optical/opt_002911.tif
opt_002912,id_002695,optical,optical/opt_002912.tif
opt_002913,id_002695,optical,optical/opt_002913.tif
opt_002914,id_002696,optical,optical/opt_002914.tif
opt_002915,id_002697,optical,optical/opt_002915.tif
opt_002916,id_002698,optical,optical/opt_002916.tif
opt_002917,id_002699,optical,optical/opt_002917.tif
opt_002918,id_002700,optical,optical/opt_002918.tif
opt_002919,id_002701,optical,optical/opt_002919.tif
opt_002920,id_002702,optical,optical/opt_002920.tif
opt_002921,id_002703,optical,optical/opt_002921.tif
opt_002922,id_002704,optical,optical/opt_002922.tif
opt_002923,id_002705,optical,optical/opt_002923.tif
opt_002924,id_002706,optical,optical/opt_002924.tif
opt_002925,id_002707,optical,optical/opt_002925.tif
opt_002926,id_002708,optical,optical/opt_002926.tif
opt_002927,id_002709,optical,optical/opt_002927.tif
opt_002928,id_002710,optical,optical/opt_002928.tif
opt_002929,id_002711,optical,optical/opt_002929.tif
opt_002930,id_002712,optical,optical/opt_002930.tif
opt_002931,id_002712,optical,optical/opt_002931.tif
opt_002932,id_002712,optical,optical/opt_002932.tif
opt_002933,id_002713,optical,optical/opt_002933.tif
opt_002934,id_002714,optical,optical/opt_002934.tif
opt_002935,id_002715,optical,optical/opt_002935.tif
opt_002936,id_002716,optical,optical/opt_002936.tif
opt_002937,id_002717,optical,optical/opt_002937.tif
opt_002938,id_002717,optical,optical/opt_002938.tif
opt_002939,id_002718,optical,optical/opt_002939.tif
opt_002940,id_002719,optical,optical/opt_002940.tif
opt_002941,id_002720,optical,optical/opt_002941.tif
opt_002942,id_002721,optical,optical/opt_002942.tif
opt_002943,id_002722,optical,optical/opt_002943.tif
opt_002944,id_002723,optical,optical/opt_002944.tif
opt_002945,id_002724,optical,optical/opt_002945.tif
opt_002946,id_002725,optical,optical/opt_002946.tif
opt_002947,id_002726,optical,optical/opt_002947.tif
opt_002948,id_002727,optical,optical/opt_002948.tif
opt_002949,id_002728,optical,optical/opt_002949.tif
opt_002950,id_002729,optical,optical/opt_002950.tif
opt_002951,id_002730,optical,optical/opt_002951.tif
opt_002952,id_002731,optical,optical/opt_002952.tif
opt_002953,id_002732,optical,optical/opt_002953.tif
opt_002954,id_002733,optical,optical/opt_002954.tif
opt_002955,id_002734,optical,optical/opt_002955.tif
opt_002956,id_002734,optical,optical/opt_002956.tif
opt_002957,id_002734,optical,optical/opt_002957.tif
opt_002958,id_002735,optical,optical/opt_002958.tif
opt_002959,id_002736,optical,optical/opt_002959.tif
opt_002960,id_002737,optical,optical/opt_002960.tif
opt_002961,id_002738,optical,optical/opt_002961.tif
opt_002962,id_002739,optical,optical/opt_002962.tif
opt_002963,id_002740,optical,optical/opt_002963.tif
opt_002964,id_002741,optical,optical/opt_002964.tif
opt_002965,id_002742,optical,optical/opt_002965.tif
opt_002966,id_002743,optical,optical/opt_002966.tif
opt_002967,id_002744,optical,optical/opt_002967.tif
opt_002968,id_002745,optical,optical/opt_002968.tif
opt_002969,id_002746,optical,optical/opt_002969.tif
opt_002970,id_002746,optical,optical/opt_002970.tif
opt_002971,id_002746,optical,optical/opt_002971.tif
opt_002972,id_002747,optical,optical/opt_002972.tif
opt_002973,id_002748,optical,optical/opt_002973.tif
opt_002974,id_002749,optical,optical/opt_002974.tif
opt_002975,id_002750,optical,optical/opt_002975.tif
opt_002976,id_002751,optical,optical/opt_002976.tif
opt_002977,id_002752,optical,optical/opt_002977.tif
opt_002978,id_002753,optical,optical/opt_002978.tif
opt_002979,id_002754,optical,optical/opt_002979.tif
opt_002980,id_002755,optical,optical/opt_002980.tif
opt_002981,id_002756,optical,optical/opt_002981.tif
opt_002982,id_002757,optical,optical/opt_002982.tif
opt_002983,id_002758,optical,optical/opt_002983.tif
opt_002984,id_002759,optical,optical/opt_002984.tif
opt_002985,id_002760,optical,optical/opt_002985.tif
opt_002986,id_002761,optical,optical/opt_002986.tif
opt_002987,id_002762,optical,optical/opt_002987.tif
opt_002988,id_002763,optical,optical/opt_002988.tif
opt_002989,id_002764,optical,optical/opt_002989.tif
opt_002990,id_002765,optical,optical/opt_002990.tif
opt_002991,id_002766,optical,optical/opt_002991.tif
opt_002992,id_002767,optical,optical/opt_002992.tif
opt_002993,id_002768,optical,optical/opt_002993.tif
opt_002994,id_002769,optical,optical/opt_002994.tif
opt_002995,id_002770,optical,optical/opt_002995.tif
opt_002996,id_002771,optical,optical/opt_002996.tif
opt_002997,id_002772,optical,optical/opt_002997.tif
opt_002998,id_002773,optical,optical/opt_002998.tif
opt_002999,id_002774,optical,optical/opt_002999.tif
opt_003000,id_002775,optical,optical/opt_003000.tif
opt_003001,id_002776,optical,optical/opt_003001.tif
opt_003002,id_002777,optical,optical/opt_003002.tif
opt_003003,id_002778,optical,optical/opt_003003.tif
opt_003004,id_002779,optical,optical/opt_003004.tif
opt_003005,id_002780,optical,optical/opt_003005.tif
opt_003006,id_002781,optical,optical/opt_003006.tif
opt_003007,id_002782,optical,optical/opt_003007.tif
opt_003008,id_002783,optical,optical/opt_003008.tif
opt_003009,id_002784,optical,optical/opt_003009.tif
opt_003010,id_002785,optical,optical/opt_003010.tif
opt_003011,id_002786,optical,optical/opt_003011.tif
opt_003012,id_002787,optical,optical/opt_003012.tif
opt_003013,id_002788,optical,optical/opt_003013.tif
opt_003014,id_002789,optical,optical/opt_003014.tif
opt_003015,id_002790,optical,optical/opt_003015.tif
opt_003016,id_002791,optical,optical/opt_003016.tif
opt_003017,id_002792,optical,optical/opt_003017.tif
opt_003018,id_002793,optical,optical/opt_003018.tif
opt_003019,id_002794,optical,optical/opt_003019.tif
opt_003020,id_002795,optical,optical/opt_003020.tif
opt_003021,id_002796,optical,optical/opt_003021.tif
opt_003022,id_002796,optical,optical/opt_003022.tif
opt_003023,id_002796,optical,optical/opt_003023.tif
opt_003024,id_002797,optical,optical/opt_003024.tif
opt_003025,id_002798,optical,optical/opt_003025.tif
opt_003026,id_002799,optical,optical/opt_003026.tif
opt_003027,id_002800,optical,optical/opt_003027.tif
opt_003028,id_002801,optical,optical/opt_003028.tif
opt_003029,id_002802,optical,optical/opt_003029.tif
opt_003030,id_002803,optical,optical/opt_003030.tif
opt_003031,id_002804,optical,optical/opt_003031.tif
opt_003032,id_002805,optical,optical/opt_003032.tif
opt_003033,id_002806,optical,optical/opt_003033.tif
opt_003034,id_002807,optical,optical/opt_003034.tif
opt_003035,id_002808,optical,optical/opt_003035.tif
opt_003036,id_002809,optical,optical/opt_003036.tif
opt_003037,id_002810,optical,optical/opt_003037.tif
opt_003038,id_002811,optical,optical/opt_003038.tif
opt_003039,id_002812,optical,optical/opt_003039.tif
opt_003040,id_002813,optical,optical/opt_003040.tif
opt_003041,id_002814,optical,optical/opt_003041.tif
opt_003042,id_002815,optical,optical/opt_003042.tif
opt_003043,id_002816,optical,optical/opt_003043.tif
opt_003044,id_002817,optical,optical/opt_003044.tif
opt_003045,id_002818,optical,optical/opt_003045.tif
opt_003046,id_002819,optical,optical/opt_003046.tif
opt_003047,id_002820,optical,optical/opt_003047.tif
opt_003048,id_002820,optical,optical/opt_003048.tif
opt_003049,id_002821,optical,optical/opt_003049.tif
opt_003050,id_002822,optical,optical/opt_003050.tif
opt_003051,id_002823,optical,optical/opt_003051.tif
opt_003052,id_002824,optical,optical/opt_003052.tif
opt_003053,id_002825,optical,optical/opt_003053.tif
opt_003054,id_002826,optical,optical/opt_003054.tif
opt_003055,id_002827,optical,optical/opt_003055.tif
opt_003056,id_002828,optical,optical/opt_003056.tif
opt_003057,id_002829,optical,optical/opt_003057.tif
opt_003058,id_002830,optical,optical/opt_003058.tif
opt_003059,id_002831,optical,optical/opt_003059.tif
opt_003060,id_002831,optical,optical/opt_003060.tif
opt_003061,id_002831,optical,optical/opt_003061.tif
opt_003062,id_002832,optical,optical/opt_003062.tif
opt_003063,id_002833,optical,optical/opt_003063.tif
opt_003064,id_002834,optical,optical/opt_003064.tif
opt_003065,id_002835,optical,optical/opt_003065.tif
opt_003066,id_002836,optical,optical/opt_003066.tif
opt_003067,id_002837,optical,optical/opt_003067.tif
opt_003068,id_002838,optical,optical/opt_003068.tif
opt_003069,id_002839,optical,optical/opt_003069.tif
opt_003070,id_002840,optical,optical/opt_003070.tif
opt_003071,id_002841,optical,optical/opt_003071.tif
opt_003072,id_002842,optical,optical/opt_003072.tif
opt_003073,id_002843,optical,optical/opt_003073.tif
opt_003074,id_002844,optical,optical/opt_003074.tif
opt_003075,id_002845,optical,optical/opt_003075.tif
opt_003076,id_002846,optical,optical/opt_003076.tif
opt_003077,id_002847,optical,optical/opt_003077.tif
opt_003078,id_002848,optical,optical/opt_003078.tif
opt_003079,id_002849,optical,optical/opt_003079.tif
opt_003080,id_002850,optical,optical/opt_003080.tif
opt_003081,id_002851,optical,optical/opt_003081.tif
opt_003082,id_002852,optical,optical/opt_003082.tif
opt_003083,id_002852,optical,optical/opt_003083.tif
opt_003084,id_002853,optical,optical/opt_003084.tif
opt_003085,id_002853,optical,optical/opt_003085.tif
opt_003086,id_002853,optical,optical/opt_003086.tif
opt_003087,id_002854,optical,optical/opt_003087.tif
opt_003088,id_002855,optical,optical/opt_003088.tif
opt_003089,id_002856,optical,optical/opt_003089.tif
opt_003090,id_002857,optical,optical/opt_003090.tif
opt_003091,id_002858,optical,optical/opt_003091.tif
opt_003092,id_002858,optical,optical/opt_003092.tif
opt_003093,id_002859,optical,optical/opt_003093.tif
opt_003094,id_002860,optical,optical/opt_003094.tif
opt_003095,id_002861,optical,optical/opt_003095.tif
opt_003096,id_002862,optical,optical/opt_003096.tif
opt_003097,id_002863,optical,optical/opt_003097.tif
opt_003098,id_002864,optical,optical/opt_003098.tif
opt_003099,id_002865,optical,optical/opt_003099.tif
opt_003100,id_002866,optical,optical/opt_003100.tif
opt_003101,id_002867,optical,optical/opt_003101.tif
opt_003102,id_002868,optical,optical/opt_003102.tif
opt_003103,id_002869,optical,optical/opt_003103.tif
opt_003104,id_002870,optical,optical/opt_003104.tif
opt_003105,id_002871,optical,optical/opt_003105.tif
opt_003106,id_002872,optical,optical/opt_003106.tif
opt_003107,id_002873,optical,optical/opt_003107.tif
opt_003108,id_002874,optical,optical/opt_003108.tif
opt_003109,id_002875,optical,optical/opt_003109.tif
opt_003110,id_002876,optical,optical/opt_003110.tif
opt_003111,id_002877,optical,optical/opt_003111.tif
opt_003112,id_002878,optical,optical/opt_003112.tif
opt_003113,id_002879,optical,optical/opt_003113.tif
opt_003114,id_002880,optical,optical/opt_003114.tif
opt_003115,id_002881,optical,optical/opt_003115.tif
opt_003116,id_002881,optical,optical/opt_003116.tif
opt_003117,id_002881,optical,optical/opt_003117.tif
opt_003118,id_002882,optical,optical/opt_003118.tif
opt_003119,id_002883,optical,optical/opt_003119.tif
opt_003120,id_002884,optical,optical/opt_003120.tif
opt_003121,id_002885,optical,optical/opt_003121.tif
opt_003122,id_002886,optical,optical/opt_003122.tif
opt_003123,id_002887,optical,optical/opt_003123.tif
opt_003124,id_002888,optical,optical/opt_003124.tif
opt_003125,id_002889,optical,optical/opt_003125.tif
opt_003126,id_002890,optical,optical/opt_003126.tif
opt_003127,id_002891,optical,optical/opt_003127.tif
opt_003128,id_002892,optical,optical/opt_003128.tif
opt_003129,id_002893,optical,optical/opt_003129.tif
opt_003130,id_002894,optical,optical/opt_003130.tif
opt_003131,id_002895,optical,optical/opt_003131.tif
opt_003132,id_002896,optical,optical/opt_003132.tif
opt_003133,id_002897,optical,optical/opt_003133.tif
opt_003134,id_002897,optical,optical/opt_003134.tif
opt_003135,id_002897,optical,optical/opt_003135.tif
opt_003136,id_002898,optical,optical/opt_003136.tif
opt_003137,id_002899,optical,optical/opt_003137.tif
opt_003138,id_002900,optical,optical/opt_003138.tif
opt_003139,id_002901,optical,optical/opt_003139.tif
opt_003140,id_002902,optical,optical/opt_003140.tif
opt_003141,id_002903,optical,optical/opt_003141.tif
opt_003142,id_002904,optical,optical/opt_003142.tif
opt_003143,id_002905,optical,optical/opt_003143.tif
opt_003144,id_002906,optical,optical/opt_003144.tif
opt_003145,id_002907,optical,optical/opt_003145.tif
opt_003146,id_002908,optical,optical/opt_003146.tif
opt_003147,id_002909,optical,optical/opt_003147.tif
opt_003148,id_002910,optical,optical/opt_003148.tif
opt_003149,id_002911,optical,optical/opt_003149.tif
opt_003150,id_002912,optical,optical/opt_003150.tif
opt_003151,id_002913,optical,optical/opt_003151.tif
opt_003152,id_002914,optical,optical/opt_003152.tif
opt_003153,id_002915,optical,optical/opt_003153.tif
opt_003154,id_002916,optical,optical/opt_003154.tif
opt_003155,id_002917,optical,optical/opt_003155.tif
opt_003156,id_002918,optical,optical/opt_003156.tif
opt_003157,id_002919,optical,optical/opt_003157.tif
opt_003158,id_002919,optical,optical/opt_003158.tif
opt_003159,id_002919,optical,optical/opt_003159.tif
opt_003160,id_002920,optical,optical/opt_003160.tif
opt_003161,id_002921,optical,optical/opt_003161.tif
opt_003162,id_002921,optical,optical/opt_003162.tif
opt_003163,id_002921,optical,optical/opt_003163.tif
opt_003164,id_002922,optical,optical/opt_003164.tif
opt_003165,id_002923,optical,optical/opt_003165.tif
opt_003166,id_002924,optical,optical/opt_003166.tif
opt_003167,id_002925,optical,optical/opt_003167.tif
opt_003168,id_002926,optical,optical/opt_003168.tif
opt_003169,id_002927,optical,optical/opt_003169.tif
opt_003170,id_002928,optical,optical/opt_003170.tif
opt_003171,id_002929,optical,optical/opt_003171.tif
opt_003172,id_002930,optical,optical/opt_003172.tif
opt_003173,id_002931,optical,optical/opt_003173.tif
opt_003174,id_002932,optical,optical/opt_003174.tif
opt_003175,id_002933,optical,optical/opt_003175.tif
opt_003176,id_002934,optical,optical/opt_003176.tif
opt_003177,id_002935,optical,optical/opt_003177.tif
opt_003178,id_002936,optical,optical/opt_003178.tif
opt_003179,id_002937,optical,optical/opt_003179.tif
opt_003180,id_002938,optical,optical/opt_003180.tif
opt_003181,id_002939,optical,optical/opt_003181.tif
opt_003182,id_002940,optical,optical/opt_003182.tif
opt_003183,id_002941,optical,optical/opt_003183.tif
opt_003184,id_002942,optical,optical/opt_003184.tif
opt_003185,id_002943,optical,optical/opt_003185.tif
opt_003186,id_002944,optical,optical/opt_003186.tif
opt_003187,id_002945,optical,optical/opt_003187.tif
opt_003188,id_002946,optical,optical/opt_003188.tif
opt_003189,id_002947,optical,optical/opt_003189.tif
opt_003190,id_002948,optical,optical/opt_003190.tif
opt_003191,id_002949,optical,optical/opt_003191.tif
opt_003192,id_002950,optical,optical/opt_003192.tif
opt_003193,id_002951,optical,optical/opt_003193.tif
opt_003194,id_002952,optical,optical/opt_003194.tif
opt_003195,id_002953,optical,optical/opt_003195.tif
opt_003196,id_002954,optical,optical/opt_003196.tif
opt_003197,id_002955,optical,optical/opt_003197.tif
opt_003198,id_002956,optical,optical/opt_003198.tif
opt_003199,id_002957,optical,optical/opt_003199.tif
opt_003200,id_002958,optical,optical/opt_003200.tif
opt_003201,id_002959,optical,optical/opt_003201.tif
opt_003202,id_002960,optical,optical/opt_003202.tif
opt_003203,id_002961,optical,optical/opt_003203.tif
opt_003204,id_002962,optical,optical/opt_003204.tif
opt_003205,id_002963,optical,optical/opt_003205.tif
opt_003206,id_002964,optical,optical/opt_003206.tif
opt_003207,id_002965,optical,optical/opt_003207.tif
opt_003208,id_002966,optical,optical/opt_003208.tif
opt_003209,id_002967,optical,optical/opt_003209.tif
opt_003210,id_002968,optical,optical/opt_003210.tif
opt_003211,id_002969,optical,optical/opt_003211.tif
opt_003212,id_002970,optical,optical/opt_003212.tif
opt_003213,id_002970,optical,optical/opt_003213.tif
opt_003214,id_002970,optical,optical/opt_003214.tif
opt_003215,id_002971,optical,optical/opt_003215.tif
opt_003216,id_002972,optical,optical/opt_003216.tif
opt_003217,id_002973,optical,optical/opt_003217.tif
opt_003218,id_002974,optical,optical/opt_003218.tif
opt_003219,id_002975,optical,optical/opt_003219.tif
opt_003220,id_002976,optical,optical/opt_003220.tif
opt_003221,id_002977,optical,optical/opt_003221.tif
opt_003222,id_002978,optical,optical/opt_003222.tif
opt_003223,id_002979,optical,optical/opt_003223.tif
opt_003224,id_002980,optical,optical/opt_003224.tif
opt_003225,id_002981,optical,optical/opt_003225.tif
opt_003226,id_002982,optical,optical/opt_003226.tif
opt_003227,id_002983,optical,optical/opt_003227.tif
opt_003228,id_002984,optical,optical/opt_003228.tif
opt_003229,id_002985,optical,optical/opt_003229.tif
opt_003230,id_002986,optical,optical/opt_003230.tif
opt_003231,id_002987,optical,optical/opt_003231.tif
opt_003232,id_002988,optical,optical/opt_003232.tif
opt_003233,id_002989,optical,optical/opt_003233.tif
opt_003234,id_002990,optical,optical/opt_003234.tif
opt_003235,id_002991,optical,optical/opt_003235.tif
opt_003236,id_002992,optical,optical/opt_003236.tif
opt_003237,id_002993,optical,optical/opt_003237.tif
opt_003238,id_002994,optical,optical/opt_003238.tif
opt_003239,id_002995,optical,optical/opt_003239.tif
opt_003240,id_002996,optical,optical/opt_003240.tif
opt_003241,id_002997,optical,optical/opt_003241.tif
opt_003242,id_002997,optical,optical/opt_003242.tif
opt_003243,id_002998,optical,optical/opt_003243.tif
opt_003244,id_002999,optical,optical/opt_003244.tif
opt_003245,id_003000,optical,optical/opt_003245.tif
opt_003246,id_003001,optical,optical/opt_003246.tif
opt_003247,id_003002,optical,optical/opt_003247.tif
opt_003248,id_003003,optical,optical/opt_003248.tif
opt_003249,id_003004,optical,optical/opt_003249.tif
opt_003250,id_003005,optical,optical/opt_003250.tif
opt_003251,id_003006,optical,optical/opt_003251.tif
opt_003252,id_003007,optical,optical/opt_003252.tif
opt_003253,id_003008,optical,optical/opt_003253.tif
opt_003254,id_003009,optical,optical/opt_003254.tif
opt_003255,id_003010,optical,optical/opt_003255.tif
opt_003256,id_003011,optical,optical/opt_003256.tif
opt_003257,id_003012,optical,optical/opt_003257.tif
opt_003258,id_003013,optical,optical/opt_003258.tif
opt_003259,id_003014,optical,optical/opt_003259.tif
opt_003260,id_003015,optical,optical/opt_003260.tif
opt_003261,id_003016,optical,optical/opt_003261.tif
opt_003262,id_003017,optical,optical/opt_003262.tif
opt_003263,id_003018,optical,optical/opt_003263.tif
opt_003264,id_003019,optical,optical/opt_003264.tif
opt_003265,id_003020,optical,optical/opt_003265.tif
opt_003266,id_003021,optical,optical/opt_003266.tif
opt_003267,id_003021,optical,optical/opt_003267.tif
opt_003268,id_003022,optical,optical/opt_003268.tif
opt_003269,id_003023,optical,optical/opt_003269.tif
opt_003270,id_003024,optical,optical/opt_003270.tif
opt_003271,id_003025,optical,optical/opt_003271.tif
opt_003272,id_003025,optical,optical/opt_003272.tif
opt_003273,id_003025,optical,optical/opt_003273.tif
opt_003274,id_003026,optical,optical/opt_003274.tif
opt_003275,id_003027,optical,optical/opt_003275.tif
opt_003276,id_003028,optical,optical/opt_003276.tif
opt_003277,id_003029,optical,optical/opt_003277.tif
opt_003278,id_003030,optical,optical/opt_003278.tif
opt_003279,id_003031,optical,optical/opt_003279.tif
opt_003280,id_003032,optical,optical/opt_003280.tif
opt_003281,id_003033,optical,optical/opt_003281.tif
opt_003282,id_003034,optical,optical/opt_003282.tif
opt_003283,id_003035,optical,optical/opt_003283.tif
opt_003284,id_003036,optical,optical/opt_003284.tif
opt_003285,id_003036,optical,optical/opt_003285.tif
opt_003286,id_003037,optical,optical/opt_003286.tif
opt_003287,id_003038,optical,optical/opt_003287.tif
opt_003288,id_003039,optical,optical/opt_003288.tif
opt_003289,id_003040,optical,optical/opt_003289.tif
opt_003290,id_003041,optical,optical/opt_003290.tif
opt_003291,id_003042,optical,optical/opt_003291.tif
opt_003292,id_003042,optical,optical/opt_003292.tif
opt_003293,id_003042,optical,optical/opt_003293.tif
opt_003294,id_003043,optical,optical/opt_003294.tif
opt_003295,id_003044,optical,optical/opt_003295.tif
opt_003296,id_003045,optical,optical/opt_003296.tif
opt_003297,id_003046,optical,optical/opt_003297.tif
opt_003298,id_003047,optical,optical/opt_003298.tif
opt_003299,id_003047,optical,optical/opt_003299.tif
opt_003300,id_003048,optical,optical/opt_003300.tif
opt_003301,id_003049,optical,optical/opt_003301.tif
opt_003302,id_003050,optical,optical/opt_003302.tif
opt_003303,id_003051,optical,optical/opt_003303.tif
opt_003304,id_003052,optical,optical/opt_003304.tif
opt_003305,id_003053,optical,optical/opt_003305.tif
opt_003306,id_003054,optical,optical/opt_003306.tif
opt_003307,id_003055,optical,optical/opt_003307.tif
opt_003308,id_003056,optical,optical/opt_003308.tif
opt_003309,id_003057,optical,optical/opt_003309.tif
opt_003310,id_003058,optical,optical/opt_003310.tif
opt_003311,id_003058,optical,optical/opt_003311.tif
opt_003312,id_003059,optical,optical/opt_003312.tif
opt_003313,id_003060,optical,optical/opt_003313.tif
opt_003314,id_003061,optical,optical/opt_003314.tif
opt_003315,id_003062,optical,optical/opt_003315.tif
opt_003316,id_003063,optical,optical/opt_003316.tif
opt_003317,id_003064,optical,optical/opt_003317.tif
opt_003318,id_003065,optical,optical/opt_003318.tif
opt_003319,id_003066,optical,optical/opt_003319.tif
opt_003320,id_003067,optical,optical/opt_003320.tif
opt_003321,id_003068,optical,optical/opt_003321.tif
opt_003322,id_003069,optical,optical/opt_003322.tif
opt_003323,id_003070,optical,optical/opt_003323.tif
opt_003324,id_003071,optical,optical/opt_003324.tif
opt_003325,id_003072,optical,optical/opt_003325.tif
opt_003326,id_003073,optical,optical/opt_003326.tif
opt_003327,id_003074,optical,optical/opt_003327.tif
opt_003328,id_003075,optical,optical/opt_003328.tif
opt_003329,id_003076,optical,optical/opt_003329.tif
opt_003330,id_003077,optical,optical/opt_003330.tif
opt_003331,id_003078,optical,optical/opt_003331.tif
opt_003332,id_003079,optical,optical/opt_003332.tif
opt_003333,id_003080,optical,optical/opt_003333.tif
opt_003334,id_003081,optical,optical/opt_003334.tif
opt_003335,id_003082,optical,optical/opt_003335.tif
opt_003336,id_003083,optical,optical/opt_003336.tif
opt_003337,id_003084,optical,optical/opt_003337.tif
opt_003338,id_003085,optical,optical/opt_003338.tif
opt_003339,id_003086,optical,optical/opt_003339.tif
opt_003340,id_003087,optical,optical/opt_003340.tif
opt_003341,id_003088,optical,optical/opt_003341.tif
opt_003342,id_003089,optical,optical/opt_003342.tif
opt_003343,id_003090,optical,optical/opt_003343.tif
opt_003344,id_003091,optical,optical/opt_003344.tif
opt_003345,id_003092,optical,optical/opt_003345.tif
opt_003346,id_003093,optical,optical/opt_003346.tif
opt_003347,id_003094,optical,optical/opt_003347.tif
opt_003348,id_003095,optical,optical/opt_003348.tif
opt_003349,id_003096,optical,optical/opt_003349.tif
opt_003350,id_003097,optical,optical/opt_003350.tif
opt_003351,id_003098,optical,optical/opt_003351.tif
opt_003352,id_003099,optical,optical/opt_003352.tif
opt_003353,id_003100,optical,optical/opt_003353.tif
opt_003354,id_003101,optical,optical/opt_003354.tif
opt_003355,id_003102,optical,optical/opt_003355.tif
opt_003356,id_003103,optical,optical/opt_003356.tif
opt_003357,id_003104,optical,optical/opt_003357.tif
opt_003358,id_003105,optical,optical/opt_003358.tif
opt_003359,id_003106,optical,optical/opt_003359.tif
opt_003360,id_003107,optical,optical/opt_003360.tif
opt_003361,id_003108,optical,optical/opt_003361.tif
opt_003362,id_003109,optical,optical/opt_003362.tif
opt_003363,id_003110,optical,optical/opt_003363.tif
opt_003364,id_003111,optical,optical/opt_003364.tif
opt_003365,id_003112,optical,optical/opt_003365.tif
opt_003366,id_003113,optical,optical/opt_003366.tif
opt_003367,id_003114,optical,optical/opt_003367.tif
opt_003368,id_003115,optical,optical/opt_003368.tif
opt_003369,id_003116,optical,optical/opt_003369.tif
opt_003370,id_003117,optical,optical/opt_003370.tif
opt_003371,id_003118,optical,optical/opt_003371.tif
opt_003372,id_003119,optical,optical/opt_003372.tif
opt_003373,id_003120,optical,optical/opt_003373.tif
opt_003374,id_003121,optical,optical/opt_003374.tif
opt_003375,id_003122,optical,optical/opt_003375.tif
opt_003376,id_003123,optical,optical/opt_003376.tif
opt_003377,id_003124,optical,optical/opt_003377.tif
opt_003378,id_003125,optical,optical/opt_003378.tif
opt_003379,id_003126,optical,optical/opt_003379.tif
opt_003380,id_003127,optical,optical/opt_003380.tif
opt_003381,id_003128,optical,optical/opt_003381.tif
opt_003382,id_003129,optical,optical/opt_003382.tif
opt_003383,id_003130,optical,optical/opt_003383.tif
opt_003384,id_003131,optical,optical/opt_003384.tif
opt_003385,id_003132,optical,optical/opt_003385.tif
opt_003386,id_003133,optical,optical/opt_003386.tif
opt_003387,id_003134,optical,optical/opt_003387.tif
opt_003388,id_003135,optical,optical/opt_003388.tif
opt_003389,id_003135,optical,optical/opt_003389.tif
opt_003390,id_003135,optical,optical/opt_003390.tif
opt_003391,id_003136,optical,optical/opt_003391.tif
opt_003392,id_003137,optical,optical/opt_003392.tif
opt_003393,id_003138,optical,optical/opt_003393.tif
opt_003394,id_003139,optical,optical/opt_003394.tif
opt_003395,id_003139,optical,optical/opt_003395.tif
opt_003396,id_003140,optical,optical/opt_003396.tif
opt_003397,id_003141,optical,optical/opt_003397.tif
opt_003398,id_003142,optical,optical/opt_003398.tif
opt_003399,id_003143,optical,optical/opt_003399.tif
opt_003400,id_003144,optical,optical/opt_003400.tif
opt_003401,id_003145,optical,optical/opt_003401.tif
opt_003402,id_003146,optical,optical/opt_003402.tif
opt_003403,id_003147,optical,optical/opt_003403.tif
opt_003404,id_003148,optical,optical/opt_003404.tif
opt_003405,id_003149,optical,optical/opt_003405.tif
opt_003406,id_003150,optical,optical/opt_003406.tif
opt_003407,id_003151,optical,optical/opt_003407.tif
opt_003408,id_003152,optical,optical/opt_003408.tif
opt_003409,id_003153,optical,optical/opt_003409.tif
opt_003410,id_003154,optical,optical/opt_003410.tif
opt_003411,id_003155,optical,optical/opt_003411.tif
opt_003412,id_003156,optical,optical/opt_003412.tif
opt_003413,id_003157,optical,optical/opt_003413.tif
opt_003414,id_003158,optical,optical/opt_003414.tif
opt_003415,id_003158,optical,optical/opt_003415.tif
opt_003416,id_003158,optical,optical/opt_003416.tif
opt_003417,id_003159,optical,optical/opt_003417.tif
opt_003418,id_003160,optical,optical/opt_003418.tif
opt_003419,id_003161,optical,optical/opt_003419.tif
opt_003420,id_003162,optical,optical/opt_003420.tif
opt_003421,id_003163,optical,optical/opt_003421.tif
opt_003422,id_003164,optical,optical/opt_003422.tif
opt_003423,id_003165,optical,optical/opt_003423.tif
opt_003424,id_003166,optical,optical/opt_003424.tif
opt_003425,id_003167,optical,optical/opt_003425.tif
opt_003426,id_003167,optical,optical/opt_003426.tif
opt_003427,id_003167,optical,optical/opt_003427.tif
opt_003428,id_003168,optical,optical/opt_003428.tif
opt_003429,id_003169,optical,optical/opt_003429.tif
opt_003430,id_003170,optical,optical/opt_003430.tif
opt_003431,id_003171,optical,optical/opt_003431.tif
opt_003432,id_003172,optical,optical/opt_003432.tif
opt_003433,id_003173,optical,optical/opt_003433.tif
opt_003434,id_003174,optical,optical/opt_003434.tif
opt_003435,id_003175,optical,optical/opt_003435.tif
opt_003436,id_003176,optical,optical/opt_003436.tif
opt_003437,id_003177,optical,optical/opt_003437.tif
opt_003438,id_003178,optical,optical/opt_003438.tif
opt_003439,id_003178,optical,optical/opt_003439.tif
opt_003440,id_003179,optical,optical/opt_003440.tif
opt_003441,id_003180,optical,optical/opt_003441.tif
opt_003442,id_003181,optical,optical/opt_003442.tif
opt_003443,id_003182,optical,optical/opt_003443.tif
opt_003444,id_003183,optical,optical/opt_003444.tif
opt_003445,id_003184,optical,optical/opt_003445.tif
opt_003446,id_003185,optical,optical/opt_003446.tif
opt_003447,id_003186,optical,optical/opt_003447.tif
opt_003448,id_003187,optical,optical/opt_003448.tif
opt_003449,id_003188,optical,optical/opt_003449.tif
opt_003450,id_003189,optical,optical/opt_003450.tif
opt_003451,id_003190,optical,optical/opt_003451.tif
opt_003452,id_003191,optical,optical/opt_003452.tif
opt_003453,id_003192,optical,optical/opt_003453.tif
opt_003454,id_003193,optical,optical/opt_003454.tif
opt_003455,id_003194,optical,optical/opt_003455.tif
opt_003456,id_003195,optical,optical/opt_003456.tif
opt_003457,id_003196,optical,optical/opt_003457.tif
opt_003458,id_003197,optical,optical/opt_003458.tif
opt_003459,id_003198,optical,optical/opt_003459.tif
opt_003460,id_003199,optical,optical/opt_003460.tif
opt_003461,id_003200,optical,optical/opt_003461.tif
opt_003462,id_003201,optical,optical/opt_003462.tif
opt_003463,id_003202,optical,optical/opt_003463.tif
opt_003464,id_003203,optical,optical/opt_003464.tif
opt_003465,id_003204,optical,optical/opt_003465.tif
opt_003466,id_003205,optical,optical/opt_003466.tif
opt_003467,id_003206,optical,optical/opt_003467.tif
opt_003468,id_003207,optical,optical/opt_003468.tif
opt_003469,id_003208,optical,optical/opt_003469.tif
opt_003470,id_003209,optical,optical/opt_003470.tif
opt_003471,id_003210,optical,optical/opt_003471.tif
opt_003472,id_003211,optical,optical/opt_003472.tif
opt_003473,id_003212,optical,optical/opt_003473.tif
opt_003474,id_003213,optical,optical/opt_003474.tif
opt_003475,id_003214,optical,optical/opt_003475.tif
opt_003476,id_003215,optical,optical/opt_003476.tif
opt_003477,id_003216,optical,optical/opt_003477.tif
opt_003478,id_003217,optical,optical/opt_003478.tif
opt_003479,id_003218,optical,optical/opt_003479.tif
opt_003480,id_003219,optical,optical/opt_003480.tif
opt_003481,id_003220,optical,optical/opt_003481.tif
opt_003482,id_003221,optical,optical/opt_003482.tif
opt_003483,id_003222,optical,optical/opt_003483.tif
opt_003484,id_003223,optical,optical/opt_003484.tif
opt_003485,id_003223,optical,optical/opt_003485.tif
opt_003486,id_003224,optical,optical/opt_003486.tif
opt_003487,id_003225,optical,optical/opt_003487.tif
opt_003488,id_003226,optical,optical/opt_003488.tif
opt_003489,id_003227,optical,optical/opt_003489.tif
opt_003490,id_003227,optical,optical/opt_003490.tif
opt_003491,id_003228,optical,optical/opt_003491.tif
opt_003492,id_003229,optical,optical/opt_003492.tif
opt_003493,id_003230,optical,optical/opt_003493.tif
opt_003494,id_003231,optical,optical/opt_003494.tif
opt_003495,id_003232,optical,optical/opt_003495.tif
opt_003496,id_003233,optical,optical/opt_003496.tif
opt_003497,id_003234,optical,optical/opt_003497.tif
opt_003498,id_003235,optical,optical/opt_003498.tif
opt_003499,id_003236,optical,optical/opt_003499.tif
opt_003500,id_003237,optical,optical/opt_003500.tif
opt_003501,id_003238,optical,optical/opt_003501.tif
opt_003502,id_003239,optical,optical/opt_003502.tif
opt_003503,id_003240,optical,optical/opt_003503.tif
opt_003504,id_003241,optical,optical/opt_003504.tif
opt_003505,id_003242,optical,optical/opt_003505.tif
opt_003506,id_003243,optical,optical/opt_003506.tif
opt_003507,id_003244,optical,optical/opt_003507.tif
opt_003508,id_003245,optical,optical/opt_003508.tif
opt_003509,id_003246,optical,optical/opt_003509.tif
opt_003510,id_003247,optical,optical/opt_003510.tif
opt_003511,id_003248,optical,optical/opt_003511.tif
opt_003512,id_003249,optical,optical/opt_003512.tif
opt_003513,id_003250,optical,optical/opt_003513.tif
opt_003514,id_003251,optical,optical/opt_003514.tif
opt_003515,id_003252,optical,optical/opt_003515.tif
opt_003516,id_003253,optical,optical/opt_003516.tif
opt_003517,id_003254,optical,optical/opt_003517.tif
opt_003518,id_003254,optical,optical/opt_003518.tif
opt_003519,id_003255,optical,optical/opt_003519.tif
opt_003520,id_003256,optical,optical/opt_003520.tif
opt_003521,id_003257,optical,optical/opt_003521.tif
opt_003522,id_003258,optical,optical/opt_003522.tif
opt_003523,id_003259,optical,optical/opt_003523.tif
opt_003524,id_003260,optical,optical/opt_003524.tif
opt_003525,id_003261,optical,optical/opt_003525.tif
opt_003526,id_003262,optical,optical/opt_003526.tif
opt_003527,id_003263,optical,optical/opt_003527.tif
opt_003528,id_003264,optical,optical/opt_003528.tif
opt_003529,id_003265,optical,optical/opt_003529.tif
opt_003530,id_003266,optical,optical/opt_003530.tif
opt_003531,id_003267,optical,optical/opt_003531.tif
opt_003532,id_003268,optical,optical/opt_003532.tif
opt_003533,id_003269,optical,optical/opt_003533.tif
opt_003534,id_003270,optical,optical/opt_003534.tif
opt_003535,id_003271,optical,optical/opt_003535.tif
opt_003536,id_003272,optical,optical/opt_003536.tif
opt_003537,id_003273,optical,optical/opt_003537.tif
opt_003538,id_003274,optical,optical/opt_003538.tif
opt_003539,id_003275,optical,optical/opt_003539.tif
opt_003540,id_003276,optical,optical/opt_003540.tif
opt_003541,id_003277,optical,optical/opt_003541.tif
opt_003542,id_003278,optical,optical/opt_003542.tif
opt_003543,id_003279,optical,optical/opt_003543.tif
opt_003544,id_003280,optical,optical/opt_003544.tif
opt_003545,id_003281,optical,optical/opt_003545.tif
opt_003546,id_003282,optical,optical/opt_003546.tif
opt_003547,id_003283,optical,optical/opt_003547.tif
opt_003548,id_003284,optical,optical/opt_003548.tif
opt_003549,id_003285,optical,optical/opt_003549.tif
opt_003550,id_003286,optical,optical/opt_003550.tif
opt_003551,id_003287,optical,optical/opt_003551.tif
opt_003552,id_003288,optical,optical/opt_003552.tif
opt_003553,id_003288,optical,optical/opt_003553.tif
opt_003554,id_003289,optical,optical/opt_003554.tif
opt_003555,id_003290,optical,optical/opt_003555.tif
opt_003556,id_003291,optical,optical/opt_003556.tif
opt_003557,id_003292,optical,optical/opt_003557.tif
opt_003558,id_003293,optical,optical/opt_003558.tif
opt_003559,id_003294,optical,optical/opt_003559.tif
opt_003560,id_003295,optical,optical/opt_003560.tif
opt_003561,id_003296,optical,optical/opt_003561.tif
opt_003562,id_003297,optical,optical/opt_003562.tif
opt_003563,id_003298,optical,optical/opt_003563.tif
opt_003564,id_003299,optical,optical/opt_003564.tif
opt_003565,id_003299,optical,optical/opt_003565.tif
opt_003566,id_003300,optical,optical/opt_003566.tif
opt_003567,id_003301,optical,optical/opt_003567.tif
opt_003568,id_003302,optical,optical/opt_003568.tif
opt_003569,id_003303,optical,optical/opt_003569.tif
opt_003570,id_003304,optical,optical/opt_003570.tif
opt_003571,id_003304,optical,optical/opt_003571.tif
opt_003572,id_003304,optical,optical/opt_003572.tif
opt_003573,id_003305,optical,optical/opt_003573.tif
opt_003574,id_003306,optical,optical/opt_003574.tif
opt_003575,id_003307,optical,optical/opt_003575.tif
opt_003576,id_003308,optical,optical/opt_003576.tif
opt_003577,id_003309,optical,optical/opt_003577.tif
opt_003578,id_003310,optical,optical/opt_003578.tif
opt_003579,id_003311,optical,optical/opt_003579.tif
opt_003580,id_003312,optical,optical/opt_003580.tif
opt_003581,id_003312,optical,optical/opt_003581.tif
opt_003582,id_003313,optical,optical/opt_003582.tif
opt_003583,id_003314,optical,optical/opt_003583.tif
opt_003584,id_003315,optical,optical/opt_003584.tif
opt_003585,id_003316,optical,optical/opt_003585.tif
opt_003586,id_003317,optical,optical/opt_003586.tif
opt_003587,id_003318,optical,optical/opt_003587.tif
opt_003588,id_003319,optical,optical/opt_003588.tif
opt_003589,id_003320,optical,optical/opt_003589.tif
opt_003590,id_003321,optical,optical/opt_003590.tif
opt_003591,id_003322,optical,optical/opt_003591.tif
opt_003592,id_003323,optical,optical/opt_003592.tif
opt_003593,id_003324,optical,optical/opt_003593.tif
opt_003594,id_003325,optical,optical/opt_003594.tif
opt_003595,id_003326,optical,optical/opt_003595.tif
opt_003596,id_003327,optical,optical/opt_003596.tif
opt_003597,id_003328,optical,optical/opt_003597.tif
opt_003598,id_003329,optical,optical/opt_003598.tif
opt_003599,id_003330,optical,optical/opt_003599.tif
opt_003600,id_003331,optical,optical/opt_003600.tif
opt_003601,id_003331,optical,optical/opt_003601.tif
opt_003602,id_003331,optical,optical/opt_003602.tif
opt_003603,id_003332,optical,optical/opt_003603.tif
opt_003604,id_003333,optical,optical/opt_003604.tif
opt_003605,id_003334,optical,optical/opt_003605.tif
opt_003606,id_003335,optical,optical/opt_003606.tif
opt_003607,id_003336,optical,optical/opt_003607.tif
opt_003608,id_003337,optical,optical/opt_003608.tif
opt_003609,id_003338,optical,optical/opt_003609.tif
opt_003610,id_003339,optical,optical/opt_003610.tif
opt_003611,id_003339,optical,optical/opt_003611.tif
opt_003612,id_003339,optical,optical/opt_003612.tif
opt_003613,id_003340,optical,optical/opt_003613.tif
opt_003614,id_003341,optical,optical/opt_003614.tif
opt_003615,id_003341,optical,optical/opt_003615.tif
opt_003616,id_003342,optical,optical/opt_003616.tif
opt_003617,id_003343,optical,optical/opt_003617.tif
opt_003618,id_003344,optical,optical/opt_003618.tif
opt_003619,id_003345,optical,optical/opt_003619.tif
opt_003620,id_003346,optical,optical/opt_003620.tif
opt_003621,id_003347,optical,optical/opt_003621.tif
opt_003622,id_003348,optical,optical/opt_003622.tif
opt_003623,id_003349,optical,optical/opt_003623.tif
opt_003624,id_003350,optical,optical/opt_003624.tif
opt_003625,id_003351,optical,optical/opt_003625.tif
opt_003626,id_003352,optical,optical/opt_003626.tif
opt_003627,id_003352,optical,optical/opt_003627.tif
opt_003628,id_003353,optical,optical/opt_003628.tif
opt_003629,id_003354,optical,optical/opt_003629.tif
opt_003630,id_003355,optical,optical/opt_003630.tif
opt_003631,id_003356,optical,optical/opt_003631.tif
opt_003632,id_003357,optical,optical/opt_003632.tif
opt_003633,id_003358,optical,optical/opt_003633.tif
opt_003634,id_003359,optical,optical/opt_003634.tif
opt_003635,id_003360,optical,optical/opt_003635.tif
opt_003636,id_003361,optical,optical/opt_003636.tif
opt_003637,id_003361,optical,optical/opt_003637.tif
opt_003638,id_003361,optical,optical/opt_003638.tif
opt_003639,id_003362,optical,optical/opt_003639.tif
opt_003640,id_003363,optical,optical/opt_003640.tif
opt_003641,id_003364,optical,optical/opt_003641.tif
opt_003642,id_003365,optical,optical/opt_003642.tif
opt_003643,id_003366,optical,optical/opt_003643.tif
opt_003644,id_003367,optical,optical/opt_003644.tif
opt_003645,id_003368,optical,optical/opt_003645.tif
opt_003646,id_003369,optical,optical/opt_003646.tif
opt_003647,id_003369,optical,optical/opt_003647.tif
opt_003648,id_003370,optical,optical/opt_003648.tif
opt_003649,id_003371,optical,optical/opt_003649.tif
opt_003650,id_003372,optical,optical/opt_003650.tif
opt_003651,id_003373,optical,optical/opt_003651.tif
opt_003652,id_003374,optical,optical/opt_003652.tif
opt_003653,id_003375,optical,optical/opt_003653.tif
opt_003654,id_003376,optical,optical/opt_003654.tif
opt_003655,id_003377,optical,optical/opt_003655.tif
opt_003656,id_003378,optical,optical/opt_003656.tif
opt_003657,id_003379,optical,optical/opt_003657.tif
opt_003658,id_003380,optical,optical/opt_003658.tif
opt_003659,id_003381,optical,optical/opt_003659.tif
opt_003660,id_003382,optical,optical/opt_003660.tif
opt_003661,id_003383,optical,optical/opt_003661.tif
opt_003662,id_003384,optical,optical/opt_003662.tif
opt_003663,id_003385,optical,optical/opt_003663.tif
opt_003664,id_003386,optical,optical/opt_003664.tif
opt_003665,id_003387,optical,optical/opt_003665.tif
opt_003666,id_003388,optical,optical/opt_003666.tif
opt_003667,id_003389,optical,optical/opt_003667.tif
opt_003668,id_003390,optical,optical/opt_003668.tif
opt_003669,id_003391,optical,optical/opt_003669.tif
opt_003670,id_003392,optical,optical/opt_003670.tif
opt_003671,id_003393,optical,optical/opt_003671.tif
opt_003672,id_003394,optical,optical/opt_003672.tif
opt_003673,id_003395,optical,optical/opt_003673.tif
opt_003674,id_003396,optical,optical/opt_003674.tif
opt_003675,id_003397,optical,optical/opt_003675.tif
opt_003676,id_003397,optical,optical/opt_003676.tif
opt_003677,id_003397,optical,optical/opt_003677.tif
opt_003678,id_003398,optical,optical/opt_003678.tif
opt_003679,id_003399,optical,optical/opt_003679.tif
opt_003680,id_003400,optical,optical/opt_003680.tif
opt_003681,id_003401,optical,optical/opt_003681.tif
opt_003682,id_003402,optical,optical/opt_003682.tif
opt_003683,id_003403,optical,optical/opt_003683.tif
opt_003684,id_003404,optical,optical/opt_003684.tif
opt_003685,id_003405,optical,optical/opt_003685.tif
opt_003686,id_003406,optical,optical/opt_003686.tif
opt_003687,id_003407,optical,optical/opt_003687.tif
opt_003688,id_003408,optical,optical/opt_003688.tif
opt_003689,id_003409,optical,optical/opt_003689.tif
opt_003690,id_003410,optical,optical/opt_003690.tif
opt_003691,id_003410,optical,optical/opt_003691.tif
opt_003692,id_003410,optical,optical/opt_003692.tif
opt_003693,id_003411,optical,optical/opt_003693.tif
opt_003694,id_003412,optical,optical/opt_003694.tif
opt_003695,id_003413,optical,optical/opt_003695.tif
opt_003696,id_003414,optical,optical/opt_003696.tif
opt_003697,id_003415,optical,optical/opt_003697.tif
opt_003698,id_003416,optical,optical/opt_003698.tif
opt_003699,id_003417,optical,optical/opt_003699.tif
opt_003700,id_003418,optical,optical/opt_003700.tif
opt_003701,id_003419,optical,optical/opt_003701.tif
opt_003702,id_003420,optical,optical/opt_003702.tif
opt_003703,id_003420,optical,optical/opt_003703.tif
opt_003704,id_003421,optical,optical/opt_003704.tif
opt_003705,id_003422,optical,optical/opt_003705.tif
opt_003706,id_003423,optical,optical/opt_003706.tif
opt_003707,id_003424,optical,optical/opt_003707.tif
opt_003708,id_003425,optical,optical/opt_003708.tif
opt_003709,id_003426,optical,optical/opt_003709.tif
opt_003710,id_003427,optical,optical/opt_003710.tif
opt_003711,id_003428,optical,optical/opt_003711.tif
opt_003712,id_003429,optical,optical/opt_003712.tif
opt_003713,id_003430,optical,optical/opt_003713.tif
opt_003714,id_003431,optical,optical/opt_003714.tif
opt_003715,id_003432,optical,optical/opt_003715.tif
opt_003716,id_003433,optical,optical/opt_003716.tif
opt_003717,id_003434,optical,optical/opt_003717.tif
opt_003718,id_003435,optical,optical/opt_003718.tif
opt_003719,id_003436,optical,optical/opt_003719.tif
opt_003720,id_003437,optical,optical/opt_003720.tif
opt_003721,id_003438,optical,optical/opt_003721.tif
opt_003722,id_003439,optical,optical/opt_003722.tif
opt_003723,id_003440,optical,optical/opt_003723.tif
opt_003724,id_003440,optical,optical/opt_003724.tif
opt_003725,id_003440,optical,optical/opt_003725.tif
opt_003726,id_003441,optical,optical/opt_003726.tif
opt_003727,id_003442,optical,optical/opt_003727.tif
opt_003728,id_003443,optical,optical/opt_003728.tif
opt_003729,id_003444,optical,optical/opt_003729.tif
opt_003730,id_003445,optical,optical/opt_003730.tif
opt_003731,id_003446,optical,optical/opt_003731.tif
opt_003732,id_003447,optical,optical/opt_003732.tif
opt_003733,id_003448,optical,optical/opt_003733.tif
opt_003734,id_003449,optical,optical/opt_003734.tif
opt_003735,id_003450,optical,optical/opt_003735.tif
opt_003736,id_003451,optical,optical/opt_003736.tif
opt_003737,id_003452,optical,optical/opt_003737.tif
opt_003738,id_003453,optical,optical/opt_003738.tif
opt_003739,id_003454,optical,optical/opt_003739.tif
opt_003740,id_003455,optical,optical/opt_003740.tif
opt_003741,id_003456,optical,optical/opt_003741.tif
opt_003742,id_003457,optical,optical/opt_003742.tif
opt_003743,id_003458,optical,optical/opt_003743.tif
opt_003744,id_003459,optical,optical/opt_003744.tif
opt_003745,id_003460,optical,optical/opt_003745.tif
opt_003746,id_003461,optical,optical/opt_003746.tif
opt_003747,id_003462,optical,optical/opt_003747.tif
opt_003748,id_003463,optical,optical/opt_003748.tif
opt_003749,id_003464,optical,optical/opt_003749.tif
opt_003750,id_003464,optical,optical/opt_003750.tif
opt_003751,id_003464,optical,optical/opt_003751.tif
opt_003752,id_003465,optical,optical/opt_003752.tif
opt_003753,id_003466,optical,optical/opt_003753.tif
opt_003754,id_003467,optical,optical/opt_003754.tif
opt_003755,id_003468,optical,optical/opt_003755.tif
opt_003756,id_003468,optical,optical/opt_003756.tif
opt_003757,id_003468,optical,optical/opt_003757.tif
opt_003758,id_003469,optical,optical/opt_003758.tif
opt_003759,id_003470,optical,optical/opt_003759.tif
opt_003760,id_003471,optical,optical/opt_003760.tif
opt_003761,id_003472,optical,optical/opt_003761.tif
opt_003762,id_003473,optical,optical/opt_003762.tif
opt_003763,id_003474,optical,optical/opt_003763.tif
opt_003764,id_003475,optical,optical/opt_003764.tif
opt_003765,id_003476,optical,optical/opt_003765.tif
opt_003766,id_003477,optical,optical/opt_003766.tif
opt_003767,id_003478,optical,optical/opt_003767.tif
opt_003768,id_003479,optical,optical/opt_003768.tif
opt_003769,id_003480,optical,optical/opt_003769.tif
opt_003770,id_003481,optical,optical/opt_003770.tif
opt_003771,id_003482,optical,optical/opt_003771.tif
opt_003772,id_003483,optical,optical/opt_003772.tif
opt_003773,id_003484,optical,optical/opt_003773.tif
opt_003774,id_003485,optical,optical/opt_003774.tif
opt_003775,id_003486,optical,optical/opt_003775.tif
opt_003776,id_003487,optical,optical/opt_003776.tif
opt_003777,id_003487,optical,optical/opt_003777.tif
opt_003778,id_003488,optical,optical/opt_003778.tif
opt_003779,id_003489,optical,optical/opt_003779.tif
opt_003780,id_003489,optical,optical/opt_003780.tif
opt_003781,id_003490,optical,optical/opt_003781.tif
opt_003782,id_003491,optical,optical/opt_003782.tif
opt_003783,id_003492,optical,optical/opt_003783.tif
opt_003784,id_003492,optical,optical/opt_003784.tif
opt_003785,id_003492,optical,optical/opt_003785.tif
opt_003786,id_003493,optical,optical/opt_003786.tif
opt_003787,id_003494,optical,optical/opt_003787.tif
opt_003788,id_003495,optical,optical/opt_003788.tif
opt_003789,id_003496,optical,optical/opt_003789.tif
opt_003790,id_003497,optical,optical/opt_003790.tif
opt_003791,id_003498,optical,optical/opt_003791.tif
opt_003792,id_003499,optical,optical/opt_003792.tif
opt_003793,id_003500,optical,optical/opt_003793.tif
opt_003794,id_003501,optical,optical/opt_003794.tif
opt_003795,id_003502,optical,optical/opt_003795.tif
opt_003796,id_003503,optical,optical/opt_003796.tif
opt_003797,id_003504,optical,optical/opt_003797.tif
opt_003798,id_003505,optical,optical/opt_003798.tif
opt_003799,id_003506,optical,optical/opt_003799.tif
opt_003800,id_003507,optical,optical/opt_003800.tif
opt_003801,id_003508,optical,optical/opt_003801.tif
opt_003802,id_003509,optical,optical/opt_003802.tif
opt_003803,id_003510,optical,optical/opt_003803.tif
opt_003804,id_003511,optical,optical/opt_003804.tif
opt_003805,id_003512,optical,optical/opt_003805.tif
opt_003806,id_003513,optical,optical/opt_003806.tif
opt_003807,id_003514,optical,optical/opt_003807.tif
opt_003808,id_003514,optical,optical/opt_003808.tif
opt_003809,id_003515,optical,optical/opt_003809.tif
opt_003810,id_003516,optical,optical/opt_003810.tif
opt_003811,id_003517,optical,optical/opt_003811.tif
opt_003812,id_003518,optical,optical/opt_003812.tif
opt_003813,id_003519,optical,optical/opt_003813.tif
opt_003814,id_003520,optical,optical/opt_003814.tif
opt_003815,id_003521,optical,optical/opt_003815.tif
opt_003816,id_003522,optical,optical/opt_003816.tif
opt_003817,id_003523,optical,optical/opt_003817.tif
opt_003818,id_003524,optical,optical/opt_003818.tif
opt_003819,id_003525,optical,optical/opt_003819.tif
opt_003820,id_003526,optical,optical/opt_003820.tif
opt_003821,id_003527,optical,optical/opt_003821.tif
opt_003822,id_003528,optical,optical/opt_003822.tif
opt_003823,id_003529,optical,optical/opt_003823.tif
opt_003824,id_003529,optical,optical/opt_003824.tif
opt_003825,id_003530,optical,optical/opt_003825.tif
opt_003826,id_003531,optical,optical/opt_003826.tif
opt_003827,id_003532,optical,optical/opt_003827.tif
opt_003828,id_003533,optical,optical/opt_003828.tif
opt_003829,id_003534,optical,optical/opt_003829.tif
sar_000001,id_000001,sar,sar/sar_000001.tif
sar_000002,id_000002,sar,sar/sar_000002.tif
sar_000003,id_000003,sar,sar/sar_000003.tif
sar_000004,id_000004,sar,sar/sar_000004.tif
sar_000005,id_000005,sar,sar/sar_000005.tif
sar_000006,id_000006,sar,sar/sar_000006.tif
sar_000007,id_000007,sar,sar/sar_000007.tif
sar_000008,id_000008,sar,sar/sar_000008.tif
sar_000009,id_000009,sar,sar/sar_000009.tif
sar_000010,id_000010,sar,sar/sar_000010.tif
sar_000011,id_000011,sar,sar/sar_000011.tif
sar_000012,id_000012,sar,sar/sar_000012.tif
sar_000013,id_000013,sar,sar/sar_000013.tif
sar_000014,id_000014,sar,sar/sar_000014.tif
sar_000015,id_000015,sar,sar/sar_000015.tif
sar_000016,id_000016,sar,sar/sar_000016.tif
sar_000017,id_000017,sar,sar/sar_000017.tif
sar_000018,id_000018,sar,sar/sar_000018.tif
sar_000019,id_000019,sar,sar/sar_000019.tif
sar_000020,id_000020,sar,sar/sar_000020.tif
sar_000021,id_000021,sar,sar/sar_000021.tif
sar_000022,id_000022,sar,sar/sar_000022.tif
sar_000023,id_000023,sar,sar/sar_000023.tif
sar_000024,id_000024,sar,sar/sar_000024.tif
sar_000025,id_000025,sar,sar/sar_000025.tif
sar_000026,id_000026,sar,sar/sar_000026.tif
sar_000027,id_000027,sar,sar/sar_000027.tif
sar_000028,id_000028,sar,sar/sar_000028.tif
sar_000029,id_000029,sar,sar/sar_000029.tif
sar_000030,id_000030,sar,sar/sar_000030.tif
sar_000031,id_000031,sar,sar/sar_000031.tif
sar_000032,id_000032,sar,sar/sar_000032.tif
sar_000033,id_000033,sar,sar/sar_000033.tif
sar_000034,id_000033,sar,sar/sar_000034.tif
sar_000035,id_000034,sar,sar/sar_000035.tif
sar_000036,id_000035,sar,sar/sar_000036.tif
sar_000037,id_000036,sar,sar/sar_000037.tif
sar_000038,id_000037,sar,sar/sar_000038.tif
sar_000039,id_000038,sar,sar/sar_000039.tif
sar_000040,id_000039,sar,sar/sar_000040.tif
sar_000041,id_000040,sar,sar/sar_000041.tif
sar_000042,id_000041,sar,sar/sar_000042.tif
sar_000043,id_000042,sar,sar/sar_000043.tif
sar_000044,id_000043,sar,sar/sar_000044.tif
sar_000045,id_000044,sar,sar/sar_000045.tif
sar_000046,id_000045,sar,sar/sar_000046.tif
sar_000047,id_000046,sar,sar/sar_000047.tif
sar_000048,id_000047,sar,sar/sar_000048.tif
sar_000049,id_000048,sar,sar/sar_000049.tif
sar_000050,id_000049,sar,sar/sar_000050.tif
sar_000051,id_000050,sar,sar/sar_000051.tif
sar_000052,id_000051,sar,sar/sar_000052.tif
sar_000053,id_000052,sar,sar/sar_000053.tif
sar_000054,id_000053,sar,sar/sar_000054.tif
sar_000055,id_000054,sar,sar/sar_000055.tif
sar_000056,id_000055,sar,sar/sar_000056.tif
sar_000057,id_000056,sar,sar/sar_000057.tif
sar_000058,id_000057,sar,sar/sar_000058.tif
sar_000059,id_000058,sar,sar/sar_000059.tif
sar_000060,id_000059,sar,sar/sar_000060.tif
sar_000061,id_000060,sar,sar/sar_000061.tif
sar_000062,id_000061,sar,sar/sar_000062.tif
sar_000063,id_000062,sar,sar/sar_000063.tif
sar_000064,id_000063,sar,sar/sar_000064.tif
sar_000065,id_000064,sar,sar/sar_000065.tif
sar_000066,id_000065,sar,sar/sar_000066.tif
sar_000067,id_000066,sar,sar/sar_000067.tif
sar_000068,id_000067,sar,sar/sar_000068.tif
sar_000069,id_000068,sar,sar/sar_000069.tif
sar_000070,id_000069,sar,sar/sar_000070.tif
sar_000071,id_000070,sar,sar/sar_000071.tif
sar_000072,id_000071,sar,sar/sar_000072.tif
sar_000073,id_000072,sar,sar/sar_000073.tif
sar_000074,id_000073,sar,sar/sar_000074.tif
sar_000075,id_000074,sar,sar/sar_000075.tif
sar_000076,id_000075,sar,sar/sar_000076.tif
sar_000077,id_000076,sar,sar/sar_000077.tif
sar_000078,id_000077,sar,sar/sar_000078.tif
sar_000079,id_000078,sar,sar/sar_000079.tif
sar_000080,id_000079,sar,sar/sar_000080.tif
sar_000081,id_000080,sar,sar/sar_000081.tif
sar_000082,id_000081,sar,sar/sar_000082.tif
sar_000083,id_000082,sar,sar/sar_000083.tif
sar_000084,id_000083,sar,sar/sar_000084.tif
sar_000085,id_000084,sar,sar/sar_000085.tif
sar_000086,id_000085,sar,sar/sar_000086.tif
sar_000087,id_000086,sar,sar/sar_000087.tif
sar_000088,id_000087,sar,sar/sar_000088.tif
sar_000089,id_000088,sar,sar/sar_000089.tif
sar_000090,id_000089,sar,sar/sar_000090.tif
sar_000091,id_000090,sar,sar/sar_000091.tif
sar_000092,id_000091,sar,sar/sar_000092.tif
sar_000093,id_000092,sar,sar/sar_000093.tif
sar_000094,id_000093,sar,sar/sar_000094.tif
sar_000095,id_000094,sar,sar/sar_000095.tif
sar_000096,id_000095,sar,sar/sar_000096.tif
sar_000097,id_000096,sar,sar/sar_000097.tif
sar_000098,id_000097,sar,sar/sar_000098.tif
sar_000099,id_000098,sar,sar/sar_000099.tif
sar_000100,id_000099,sar,sar/sar_000100.tif
sar_000101,id_000100,sar,sar/sar_000101.tif
sar_000102,id_000101,sar,sar/sar_000102.tif
sar_000103,id_000102,sar,sar/sar_000103.tif
sar_000104,id_000103,sar,sar/sar_000104.tif
sar_000105,id_000104,sar,sar/sar_000105.tif
sar_000106,id_000105,sar,sar/sar_000106.tif
sar_000107,id_000106,sar,sar/sar_000107.tif
sar_000108,id_000107,sar,sar/sar_000108.tif
sar_000109,id_000108,sar,sar/sar_000109.tif
sar_000110,id_000109,sar,sar/sar_000110.tif
sar_000111,id_000110,sar,sar/sar_000111.tif
sar_000112,id_000111,sar,sar/sar_000112.tif
sar_000113,id_000112,sar,sar/sar_000113.tif
sar_000114,id_000113,sar,sar/sar_000114.tif
sar_000115,id_000114,sar,sar/sar_000115.tif
sar_000116,id_000115,sar,sar/sar_000116.tif
sar_000117,id_000116,sar,sar/sar_000117.tif
sar_000118,id_000117,sar,sar/sar_000118.tif
sar_000119,id_000118,sar,sar/sar_000119.tif
sar_000120,id_000119,sar,sar/sar_000120.tif
sar_000121,id_000120,sar,sar/sar_000121.tif
sar_000122,id_000121,sar,sar/sar_000122.tif
sar_000123,id_000122,sar,sar/sar_000123.tif
sar_000124,id_000123,sar,sar/sar_000124.tif
sar_000125,id_000124,sar,sar/sar_000125.tif
sar_000126,id_000125,sar,sar/sar_000126.tif
sar_000127,id_000126,sar,sar/sar_000127.tif
sar_000128,id_000127,sar,sar/sar_000128.tif
sar_000129,id_000128,sar,sar/sar_000129.tif
sar_000130,id_000129,sar,sar/sar_000130.tif
sar_000131,id_000130,sar,sar/sar_000131.tif
sar_000132,id_000131,sar,sar/sar_000132.tif
sar_000133,id_000132,sar,sar/sar_000133.tif
sar_000134,id_000133,sar,sar/sar_000134.tif
sar_000135,id_000134,sar,sar/sar_000135.tif
sar_000136,id_000135,sar,sar/sar_000136.tif
sar_000137,id_000136,sar,sar/sar_000137.tif
sar_000138,id_000137,sar,sar/sar_000138.tif
sar_000139,id_000138,sar,sar/sar_000139.tif
sar_000140,id_000139,sar,sar/sar_000140.tif
sar_000141,id_000140,sar,sar/sar_000141.tif
sar_000142,id_000141,sar,sar/sar_000142.tif
sar_000143,id_000142,sar,sar/sar_000143.tif
sar_000144,id_000143,sar,sar/sar_000144.tif
sar_000145,id_000144,sar,sar/sar_000145.tif
sar_000146,id_000145,sar,sar/sar_000146.tif
sar_000147,id_000146,sar,sar/sar_000147.tif
sar_000148,id_000147,sar,sar/sar_000148.tif
sar_000149,id_000148,sar,sar/sar_000149.tif
sar_000150,id_000149,sar,sar/sar_000150.tif
sar_000151,id_000150,sar,sar/sar_000151.tif
sar_000152,id_000151,sar,sar/sar_000152.tif
sar_000153,id_000152,sar,sar/sar_000153.tif
sar_000154,id_000153,sar,sar/sar_000154.tif
sar_000155,id_000154,sar,sar/sar_000155.tif
sar_000156,id_000155,sar,sar/sar_000156.tif
sar_000157,id_000156,sar,sar/sar_000157.tif
sar_000158,id_000157,sar,sar/sar_000158.tif
sar_000159,id_000158,sar,sar/sar_000159.tif
sar_000160,id_000159,sar,sar/sar_000160.tif
sar_000161,id_000160,sar,sar/sar_000161.tif
sar_000162,id_000161,sar,sar/sar_000162.tif
sar_000163,id_000162,sar,sar/sar_000163.tif
sar_000164,id_000163,sar,sar/sar_000164.tif
sar_000165,id_000164,sar,sar/sar_000165.tif
sar_000166,id_000165,sar,sar/sar_000166.tif
sar_000167,id_000166,sar,sar/sar_000167.tif
sar_000168,id_000167,sar,sar/sar_000168.tif
sar_000169,id_000168,sar,sar/sar_000169.tif
sar_000170,id_000169,sar,sar/sar_000170.tif
sar_000171,id_000170,sar,sar/sar_000171.tif
sar_000172,id_000171,sar,sar/sar_000172.tif
sar_000173,id_000172,sar,sar/sar_000173.tif
sar_000174,id_000173,sar,sar/sar_000174.tif
sar_000175,id_000174,sar,sar/sar_000175.tif
sar_000176,id_000175,sar,sar/sar_000176.tif
sar_000177,id_000176,sar,sar/sar_000177.tif
sar_000178,id_000177,sar,sar/sar_000178.tif
sar_000179,id_000178,sar,sar/sar_000179.tif
sar_000180,id_000179,sar,sar/sar_000180.tif
sar_000181,id_000180,sar,sar/sar_000181.tif
sar_000182,id_000181,sar,sar/sar_000182.tif
sar_000183,id_000182,sar,sar/sar_000183.tif
sar_000184,id_000183,sar,sar/sar_000184.tif
sar_000185,id_000184,sar,sar/sar_000185.tif
sar_000186,id_000185,sar,sar/sar_000186.tif
sar_000187,id_000186,sar,sar/sar_000187.tif
sar_000188,id_000187,sar,sar/sar_000188.tif
sar_000189,id_000188,sar,sar/sar_000189.tif
sar_000190,id_000189,sar,sar/sar_000190.tif
sar_000191,id_000190,sar,sar/sar_000191.tif
sar_000192,id_000191,sar,sar/sar_000192.tif
sar_000193,id_000192,sar,sar/sar_000193.tif
sar_000194,id_000193,sar,sar/sar_000194.tif
sar_000195,id_000194,sar,sar/sar_000195.tif
sar_000196,id_000195,sar,sar/sar_000196.tif
sar_000197,id_000196,sar,sar/sar_000197.tif
sar_000198,id_000197,sar,sar/sar_000198.tif
sar_000199,id_000198,sar,sar/sar_000199.tif
sar_000200,id_000199,sar,sar/sar_000200.tif
sar_000201,id_000200,sar,sar/sar_000201.tif
sar_000202,id_000201,sar,sar/sar_000202.tif
sar_000203,id_000202,sar,sar/sar_000203.tif
sar_000204,id_000203,sar,sar/sar_000204.tif
sar_000205,id_000204,sar,sar/sar_000205.tif
sar_000206,id_000205,sar,sar/sar_000206.tif
sar_000207,id_000206,sar,sar/sar_000207.tif
sar_000208,id_000207,sar,sar/sar_000208.tif
sar_000209,id_000208,sar,sar/sar_000209.tif
sar_000210,id_000209,sar,sar/sar_000210.tif
sar_000211,id_000210,sar,sar/sar_000211.tif
sar_000212,id_000211,sar,sar/sar_000212.tif
sar_000213,id_000212,sar,sar/sar_000213.tif
sar_000214,id_000213,sar,sar/sar_000214.tif
sar_000215,id_000214,sar,sar/sar_000215.tif
sar_000216,id_000215,sar,sar/sar_000216.tif
sar_000217,id_000216,sar,sar/sar_000217.tif
sar_000218,id_000217,sar,sar/sar_000218.tif
sar_000219,id_000218,sar,sar/sar_000219.tif
sar_000220,id_000219,sar,sar/sar_000220.tif
sar_000221,id_000220,sar,sar/sar_000221.tif
sar_000222,id_000221,sar,sar/sar_000222.tif
sar_000223,id_000222,sar,sar/sar_000223.tif
sar_000224,id_000223,sar,sar/sar_000224.tif
sar_000225,id_000224,sar,sar/sar_000225.tif
sar_000226,id_000225,sar,sar/sar_000226.tif
sar_000227,id_000226,sar,sar/sar_000227.tif
sar_000228,id_000227,sar,sar/sar_000228.tif
sar_000229,id_000228,sar,sar/sar_000229.tif
sar_000230,id_000229,sar,sar/sar_000230.tif
sar_000231,id_000230,sar,sar/sar_000231.tif
sar_000232,id_000231,sar,sar/sar_000232.tif
sar_000233,id_000232,sar,sar/sar_000233.tif
sar_000234,id_000233,sar,sar/sar_000234.tif
sar_000235,id_000234,sar,sar/sar_000235.tif
sar_000236,id_000235,sar,sar/sar_000236.tif
sar_000237,id_000236,sar,sar/sar_000237.tif
sar_000238,id_000237,sar,sar/sar_000238.tif
sar_000239,id_000238,sar,sar/sar_000239.tif
sar_000240,id_000239,sar,sar/sar_000240.tif
sar_000241,id_000240,sar,sar/sar_000241.tif
sar_000242,id_000241,sar,sar/sar_000242.tif
sar_000243,id_000242,sar,sar/sar_000243.tif
sar_000244,id_000243,sar,sar/sar_000244.tif
sar_000245,id_000244,sar,sar/sar_000245.tif
sar_000246,id_000245,sar,sar/sar_000246.tif
sar_000247,id_000246,sar,sar/sar_000247.tif
sar_000248,id_000247,sar,sar/sar_000248.tif
sar_000249,id_000248,sar,sar/sar_000249.tif
sar_000250,id_000249,sar,sar/sar_000250.tif
sar_000251,id_000250,sar,sar/sar_000251.tif
sar_000252,id_000251,sar,sar/sar_000252.tif
sar_000253,id_000252,sar,sar/sar_000253.tif
sar_000254,id_000253,sar,sar/sar_000254.tif
sar_000255,id_000254,sar,sar/sar_000255.tif
sar_000256,id_000255,sar,sar/sar_000256.tif
sar_000257,id_000256,sar,sar/sar_000257.tif
sar_000258,id_000257,sar,sar/sar_000258.tif
sar_000259,id_000258,sar,sar/sar_000259.tif
sar_000260,id_000259,sar,sar/sar_000260.tif
sar_000261,id_000260,sar,sar/sar_000261.tif
sar_000262,id_000261,sar,sar/sar_000262.tif
sar_000263,id_000262,sar,sar/sar_000263.tif
sar_000264,id_000263,sar,sar/sar_000264.tif
sar_000265,id_000264,sar,sar/sar_000265.tif
sar_000266,id_000265,sar,sar/sar_000266.tif
sar_000267,id_000266,sar,sar/sar_000267.tif
sar_000268,id_000267,sar,sar/sar_000268.tif
sar_000269,id_000268,sar,sar/sar_000269.tif
sar_000270,id_000269,sar,sar/sar_000270.tif
sar_000271,id_000270,sar,sar/sar_000271.tif
sar_000272,id_000271,sar,sar/sar_000272.tif
sar_000273,id_000272,sar,sar/sar_000273.tif
sar_000274,id_000273,sar,sar/sar_000274.tif
sar_000275,id_000274,sar,sar/sar_000275.tif
sar_000276,id_000275,sar,sar/sar_000276.tif
sar_000277,id_000276,sar,sar/sar_000277.tif
sar_000278,id_000277,sar,sar/sar_000278.tif
sar_000279,id_000278,sar,sar/sar_000279.tif
sar_000280,id_000279,sar,sar/sar_000280.tif
sar_000281,id_000280,sar,sar/sar_000281.tif
sar_000282,id_000281,sar,sar/sar_000282.tif
sar_000283,id_000282,sar,sar/sar_000283.tif
sar_000284,id_000283,sar,sar/sar_000284.tif
sar_000285,id_000284,sar,sar/sar_000285.tif
sar_000286,id_000285,sar,sar/sar_000286.tif
sar_000287,id_000286,sar,sar/sar_000287.tif
sar_000288,id_000287,sar,sar/sar_000288.tif
sar_000289,id_000288,sar,sar/sar_000289.tif
sar_000290,id_000289,sar,sar/sar_000290.tif
sar_000291,id_000290,sar,sar/sar_000291.tif
sar_000292,id_000291,sar,sar/sar_000292.tif
sar_000293,id_000292,sar,sar/sar_000293.tif
sar_000294,id_000293,sar,sar/sar_000294.tif
sar_000295,id_000294,sar,sar/sar_000295.tif
sar_000296,id_000295,sar,sar/sar_000296.tif
sar_000297,id_000296,sar,sar/sar_000297.tif
sar_000298,id_000297,sar,sar/sar_000298.tif
sar_000299,id_000298,sar,sar/sar_000299.tif
sar_000300,id_000299,sar,sar/sar_000300.tif
sar_000301,id_000300,sar,sar/sar_000301.tif
sar_000302,id_000301,sar,sar/sar_000302.tif
sar_000303,id_000302,sar,sar/sar_000303.tif
sar_000304,id_000303,sar,sar/sar_000304.tif
sar_000305,id_000303,sar,sar/sar_000305.tif
sar_000306,id_000304,sar,sar/sar_000306.tif
sar_000307,id_000305,sar,sar/sar_000307.tif
sar_000308,id_000306,sar,sar/sar_000308.tif
sar_000309,id_000307,sar,sar/sar_000309.tif
sar_000310,id_000308,sar,sar/sar_000310.tif
sar_000311,id_000309,sar,sar/sar_000311.tif
sar_000312,id_000310,sar,sar/sar_000312.tif
sar_000313,id_000311,sar,sar/sar_000313.tif
sar_000314,id_000312,sar,sar/sar_000314.tif
sar_000315,id_000313,sar,sar/sar_000315.tif
sar_000316,id_000314,sar,sar/sar_000316.tif
sar_000317,id_000315,sar,sar/sar_000317.tif
sar_000318,id_000316,sar,sar/sar_000318.tif
sar_000319,id_000317,sar,sar/sar_000319.tif
sar_000320,id_000318,sar,sar/sar_000320.tif
sar_000321,id_000319,sar,sar/sar_000321.tif
sar_000322,id_000320,sar,sar/sar_000322.tif
sar_000323,id_000321,sar,sar/sar_000323.tif
sar_000324,id_000322,sar,sar/sar_000324.tif
sar_000325,id_000323,sar,sar/sar_000325.tif
sar_000326,id_000324,sar,sar/sar_000326.tif
sar_000327,id_000325,sar,sar/sar_000327.tif
sar_000328,id_000326,sar,sar/sar_000328.tif
sar_000329,id_000327,sar,sar/sar_000329.tif
sar_000330,id_000328,sar,sar/sar_000330.tif
sar_000331,id_000329,sar,sar/sar_000331.tif
sar_000332,id_000330,sar,sar/sar_000332.tif
sar_000333,id_000331,sar,sar/sar_000333.tif
sar_000334,id_000332,sar,sar/sar_000334.tif
sar_000335,id_000333,sar,sar/sar_000335.tif
sar_000336,id_000334,sar,sar/sar_000336.tif
sar_000337,id_000335,sar,sar/sar_000337.tif
sar_000338,id_000336,sar,sar/sar_000338.tif
sar_000339,id_000337,sar,sar/sar_000339.tif
sar_000340,id_000338,sar,sar/sar_000340.tif
sar_000341,id_000339,sar,sar/sar_000341.tif
sar_000342,id_000340,sar,sar/sar_000342.tif
sar_000343,id_000341,sar,sar/sar_000343.tif
sar_000344,id_000342,sar,sar/sar_000344.tif
sar_000345,id_000343,sar,sar/sar_000345.tif
sar_000346,id_000344,sar,sar/sar_000346.tif
sar_000347,id_000345,sar,sar/sar_000347.tif
sar_000348,id_000346,sar,sar/sar_000348.tif
sar_000349,id_000347,sar,sar/sar_000349.tif
sar_000350,id_000348,sar,sar/sar_000350.tif
sar_000351,id_000349,sar,sar/sar_000351.tif
sar_000352,id_000350,sar,sar/sar_000352.tif
sar_000353,id_000351,sar,sar/sar_000353.tif
sar_000354,id_000352,sar,sar/sar_000354.tif
sar_000355,id_000353,sar,sar/sar_000355.tif
sar_000356,id_000354,sar,sar/sar_000356.tif
sar_000357,id_000355,sar,sar/sar_000357.tif
sar_000358,id_000356,sar,sar/sar_000358.tif
sar_000359,id_000357,sar,sar/sar_000359.tif
sar_000360,id_000358,sar,sar/sar_000360.tif
sar_000361,id_000359,sar,sar/sar_000361.tif
sar_000362,id_000360,sar,sar/sar_000362.tif
sar_000363,id_000361,sar,sar/sar_000363.tif
sar_000364,id_000362,sar,sar/sar_000364.tif
sar_000365,id_000363,sar,sar/sar_000365.tif
sar_000366,id_000364,sar,sar/sar_000366.tif
sar_000367,id_000365,sar,sar/sar_000367.tif
sar_000368,id_000366,sar,sar/sar_000368.tif
sar_000369,id_000366,sar,sar/sar_000369.tif
sar_000370,id_000367,sar,sar/sar_000370.tif
sar_000371,id_000368,sar,sar/sar_000371.tif
sar_000372,id_000369,sar,sar/sar_000372.tif
sar_000373,id_000370,sar,sar/sar_000373.tif
sar_000374,id_000371,sar,sar/sar_000374.tif
sar_000375,id_000372,sar,sar/sar_000375.tif
sar_000376,id_000373,sar,sar/sar_000376.tif
sar_000377,id_000374,sar,sar/sar_000377.tif
sar_000378,id_000375,sar,sar/sar_000378.tif
sar_000379,id_000376,sar,sar/sar_000379.tif
sar_000380,id_000377,sar,sar/sar_000380.tif
sar_000381,id_000378,sar,sar/sar_000381.tif
sar_000382,id_000379,sar,sar/sar_000382.tif
sar_000383,id_000380,sar,sar/sar_000383.tif
sar_000384,id_000381,sar,sar/sar_000384.tif
sar_000385,id_000382,sar,sar/sar_000385.tif
sar_000386,id_000383,sar,sar/sar_000386.tif
sar_000387,id_000384,sar,sar/sar_000387.tif
sar_000388,id_000385,sar,sar/sar_000388.tif
sar_000389,id_000386,sar,sar/sar_000389.tif
sar_000390,id_000387,sar,sar/sar_000390.tif
sar_000391,id_000388,sar,sar/sar_000391.tif
sar_000392,id_000388,sar,sar/sar_000392.tif
sar_000393,id_000389,sar,sar/sar_000393.tif
sar_000394,id_000390,sar,sar/sar_000394.tif
sar_000395,id_000391,sar,sar/sar_000395.tif
sar_000396,id_000392,sar,sar/sar_000396.tif
sar_000397,id_000393,sar,sar/sar_000397.tif
sar_000398,id_000394,sar,sar/sar_000398.tif
sar_000399,id_000395,sar,sar/sar_000399.tif
sar_000400,id_000396,sar,sar/sar_000400.tif
sar_000401,id_000397,sar,sar/sar_000401.tif
sar_000402,id_000398,sar,sar/sar_000402.tif
sar_000403,id_000399,sar,sar/sar_000403.tif
sar_000404,id_000400,sar,sar/sar_000404.tif
sar_000405,id_000401,sar,sar/sar_000405.tif
sar_000406,id_000402,sar,sar/sar_000406.tif
sar_000407,id_000403,sar,sar/sar_000407.tif
sar_000408,id_000404,sar,sar/sar_000408.tif
sar_000409,id_000405,sar,sar/sar_000409.tif
sar_000410,id_000406,sar,sar/sar_000410.tif
sar_000411,id_000407,sar,sar/sar_000411.tif
sar_000412,id_000408,sar,sar/sar_000412.tif
sar_000413,id_000409,sar,sar/sar_000413.tif
sar_000414,id_000410,sar,sar/sar_000414.tif
sar_000415,id_000411,sar,sar/sar_000415.tif
sar_000416,id_000412,sar,sar/sar_000416.tif
sar_000417,id_000413,sar,sar/sar_000417.tif
sar_000418,id_000414,sar,sar/sar_000418.tif
sar_000419,id_000415,sar,sar/sar_000419.tif
sar_000420,id_000416,sar,sar/sar_000420.tif
sar_000421,id_000417,sar,sar/sar_000421.tif
sar_000422,id_000418,sar,sar/sar_000422.tif
sar_000423,id_000419,sar,sar/sar_000423.tif
sar_000424,id_000420,sar,sar/sar_000424.tif
sar_000425,id_000421,sar,sar/sar_000425.tif
sar_000426,id_000422,sar,sar/sar_000426.tif
sar_000427,id_000423,sar,sar/sar_000427.tif
sar_000428,id_000424,sar,sar/sar_000428.tif
sar_000429,id_000425,sar,sar/sar_000429.tif
sar_000430,id_000426,sar,sar/sar_000430.tif
sar_000431,id_000427,sar,sar/sar_000431.tif
sar_000432,id_000428,sar,sar/sar_000432.tif
sar_000433,id_000429,sar,sar/sar_000433.tif
sar_000434,id_000430,sar,sar/sar_000434.tif
sar_000435,id_000431,sar,sar/sar_000435.tif
sar_000436,id_000432,sar,sar/sar_000436.tif
sar_000437,id_000433,sar,sar/sar_000437.tif
sar_000438,id_000434,sar,sar/sar_000438.tif
sar_000439,id_000435,sar,sar/sar_000439.tif
sar_000440,id_000436,sar,sar/sar_000440.tif
sar_000441,id_000437,sar,sar/sar_000441.tif
sar_000442,id_000438,sar,sar/sar_000442.tif
sar_000443,id_000439,sar,sar/sar_000443.tif
sar_000444,id_000440,sar,sar/sar_000444.tif
sar_000445,id_000441,sar,sar/sar_000445.tif
sar_000446,id_000442,sar,sar/sar_000446.tif
sar_000447,id_000443,sar,sar/sar_000447.tif
sar_000448,id_000444,sar,sar/sar_000448.tif
sar_000449,id_000445,sar,sar/sar_000449.tif
sar_000450,id_000446,sar,sar/sar_000450.tif
sar_000451,id_000447,sar,sar/sar_000451.tif
sar_000452,id_000448,sar,sar/sar_000452.tif
sar_000453,id_000449,sar,sar/sar_000453.tif
sar_000454,id_000450,sar,sar/sar_000454.tif
sar_000455,id_000451,sar,sar/sar_000455.tif
sar_000456,id_000452,sar,sar/sar_000456.tif
sar_000457,id_000453,sar,sar/sar_000457.tif
sar_000458,id_000454,sar,sar/sar_000458.tif
sar_000459,id_000455,sar,sar/sar_000459.tif
sar_000460,id_000456,sar,sar/sar_000460.tif
sar_000461,id_000457,sar,sar/sar_000461.tif
sar_000462,id_000458,sar,sar/sar_000462.tif
sar_000463,id_000459,sar,sar/sar_000463.tif
sar_000464,id_000460,sar,sar/sar_000464.tif
sar_000465,id_000461,sar,sar/sar_000465.tif
sar_000466,id_000462,sar,sar/sar_000466.tif
sar_000467,id_000463,sar,sar/sar_000467.tif
sar_000468,id_000464,sar,sar/sar_000468.tif
sar_000469,id_000465,sar,sar/sar_000469.tif
sar_000470,id_000466,sar,sar/sar_000470.tif
sar_000471,id_000467,sar,sar/sar_000471.tif
sar_000472,id_000468,sar,sar/sar_000472.tif
sar_000473,id_000469,sar,sar/sar_000473.tif
sar_000474,id_000470,sar,sar/sar_000474.tif
sar_000475,id_000471,sar,sar/sar_000475.tif
sar_000476,id_000472,sar,sar/sar_000476.tif
sar_000477,id_000473,sar,sar/sar_000477.tif
sar_000478,id_000474,sar,sar/sar_000478.tif
sar_000479,id_000475,sar,sar/sar_000479.tif
sar_000480,id_000476,sar,sar/sar_000480.tif
sar_000481,id_000477,sar,sar/sar_000481.tif
sar_000482,id_000478,sar,sar/sar_000482.tif
sar_000483,id_000479,sar,sar/sar_000483.tif
sar_000484,id_000480,sar,sar/sar_000484.tif
sar_000485,id_000481,sar,sar/sar_000485.tif
sar_000486,id_000482,sar,sar/sar_000486.tif
sar_000487,id_000483,sar,sar/sar_000487.tif
sar_000488,id_000484,sar,sar/sar_000488.tif
sar_000489,id_000485,sar,sar/sar_000489.tif
sar_000490,id_000486,sar,sar/sar_000490.tif
sar_000491,id_000487,sar,sar/sar_000491.tif
sar_000492,id_000488,sar,sar/sar_000492.tif
sar_000493,id_000489,sar,sar/sar_000493.tif
sar_000494,id_000490,sar,sar/sar_000494.tif
sar_000495,id_000491,sar,sar/sar_000495.tif
sar_000496,id_000492,sar,sar/sar_000496.tif
sar_000497,id_000493,sar,sar/sar_000497.tif
sar_000498,id_000494,sar,sar/sar_000498.tif
sar_000499,id_000495,sar,sar/sar_000499.tif
sar_000500,id_000496,sar,sar/sar_000500.tif
sar_000501,id_000497,sar,sar/sar_000501.tif
sar_000502,id_000498,sar,sar/sar_000502.tif
sar_000503,id_000499,sar,sar/sar_000503.tif
sar_000504,id_000500,sar,sar/sar_000504.tif
sar_000505,id_000501,sar,sar/sar_000505.tif
sar_000506,id_000502,sar,sar/sar_000506.tif
sar_000507,id_000503,sar,sar/sar_000507.tif
sar_000508,id_000504,sar,sar/sar_000508.tif
sar_000509,id_000505,sar,sar/sar_000509.tif
sar_000510,id_000506,sar,sar/sar_000510.tif
sar_000511,id_000507,sar,sar/sar_000511.tif
sar_000512,id_000508,sar,sar/sar_000512.tif
sar_000513,id_000509,sar,sar/sar_000513.tif
sar_000514,id_000510,sar,sar/sar_000514.tif
sar_000515,id_000511,sar,sar/sar_000515.tif
sar_000516,id_000512,sar,sar/sar_000516.tif
sar_000517,id_000513,sar,sar/sar_000517.tif
sar_000518,id_000514,sar,sar/sar_000518.tif
sar_000519,id_000515,sar,sar/sar_000519.tif
sar_000520,id_000516,sar,sar/sar_000520.tif
sar_000521,id_000516,sar,sar/sar_000521.tif
sar_000522,id_000517,sar,sar/sar_000522.tif
sar_000523,id_000518,sar,sar/sar_000523.tif
sar_000524,id_000519,sar,sar/sar_000524.tif
sar_000525,id_000520,sar,sar/sar_000525.tif
sar_000526,id_000521,sar,sar/sar_000526.tif
sar_000527,id_000522,sar,sar/sar_000527.tif
sar_000528,id_000523,sar,sar/sar_000528.tif
sar_000529,id_000524,sar,sar/sar_000529.tif
sar_000530,id_000525,sar,sar/sar_000530.tif
sar_000531,id_000526,sar,sar/sar_000531.tif
sar_000532,id_000527,sar,sar/sar_000532.tif
sar_000533,id_000528,sar,sar/sar_000533.tif
sar_000534,id_000529,sar,sar/sar_000534.tif
sar_000535,id_000530,sar,sar/sar_000535.tif
sar_000536,id_000531,sar,sar/sar_000536.tif
sar_000537,id_000532,sar,sar/sar_000537.tif
sar_000538,id_000533,sar,sar/sar_000538.tif
sar_000539,id_000534,sar,sar/sar_000539.tif
sar_000540,id_000535,sar,sar/sar_000540.tif
sar_000541,id_000536,sar,sar/sar_000541.tif
sar_000542,id_000537,sar,sar/sar_000542.tif
sar_000543,id_000538,sar,sar/sar_000543.tif
sar_000544,id_000539,sar,sar/sar_000544.tif
sar_000545,id_000540,sar,sar/sar_000545.tif
sar_000546,id_000541,sar,sar/sar_000546.tif
sar_000547,id_000542,sar,sar/sar_000547.tif
sar_000548,id_000543,sar,sar/sar_000548.tif
sar_000549,id_000544,sar,sar/sar_000549.tif
sar_000550,id_000545,sar,sar/sar_000550.tif
sar_000551,id_000546,sar,sar/sar_000551.tif
sar_000552,id_000547,sar,sar/sar_000552.tif
sar_000553,id_000548,sar,sar/sar_000553.tif
sar_000554,id_000549,sar,sar/sar_000554.tif
sar_000555,id_000550,sar,sar/sar_000555.tif
sar_000556,id_000551,sar,sar/sar_000556.tif
sar_000557,id_000552,sar,sar/sar_000557.tif
sar_000558,id_000553,sar,sar/sar_000558.tif
sar_000559,id_000554,sar,sar/sar_000559.tif
sar_000560,id_000555,sar,sar/sar_000560.tif
sar_000561,id_000556,sar,sar/sar_000561.tif
sar_000562,id_000557,sar,sar/sar_000562.tif
sar_000563,id_000558,sar,sar/sar_000563.tif
sar_000564,id_000559,sar,sar/sar_000564.tif
sar_000565,id_000560,sar,sar/sar_000565.tif
sar_000566,id_000561,sar,sar/sar_000566.tif
sar_000567,id_000561,sar,sar/sar_000567.tif
sar_000568,id_000562,sar,sar/sar_000568.tif
sar_000569,id_000563,sar,sar/sar_000569.tif
sar_000570,id_000564,sar,sar/sar_000570.tif
sar_000571,id_000565,sar,sar/sar_000571.tif
sar_000572,id_000566,sar,sar/sar_000572.tif
sar_000573,id_000567,sar,sar/sar_000573.tif
sar_000574,id_000568,sar,sar/sar_000574.tif
sar_000575,id_000569,sar,sar/sar_000575.tif
sar_000576,id_000570,sar,sar/sar_000576.tif
sar_000577,id_000571,sar,sar/sar_000577.tif
sar_000578,id_000572,sar,sar/sar_000578.tif
sar_000579,id_000573,sar,sar/sar_000579.tif
sar_000580,id_000574,sar,sar/sar_000580.tif
sar_000581,id_000575,sar,sar/sar_000581.tif
sar_000582,id_000576,sar,sar/sar_000582.tif
sar_000583,id_000577,sar,sar/sar_000583.tif
sar_000584,id_000578,sar,sar/sar_000584.tif
sar_000585,id_000579,sar,sar/sar_000585.tif
sar_000586,id_000580,sar,sar/sar_000586.tif
sar_000587,id_000581,sar,sar/sar_000587.tif
sar_000588,id_000582,sar,sar/sar_000588.tif
sar_000589,id_000583,sar,sar/sar_000589.tif
sar_000590,id_000584,sar,sar/sar_000590.tif
sar_000591,id_000585,sar,sar/sar_000591.tif
sar_000592,id_000586,sar,sar/sar_000592.tif
sar_000593,id_000587,sar,sar/sar_000593.tif
sar_000594,id_000588,sar,sar/sar_000594.tif
sar_000595,id_000589,sar,sar/sar_000595.tif
sar_000596,id_000590,sar,sar/sar_000596.tif
sar_000597,id_000591,sar,sar/sar_000597.tif
sar_000598,id_000592,sar,sar/sar_000598.tif
sar_000599,id_000593,sar,sar/sar_000599.tif
sar_000600,id_000594,sar,sar/sar_000600.tif
sar_000601,id_000595,sar,sar/sar_000601.tif
sar_000602,id_000596,sar,sar/sar_000602.tif
sar_000603,id_000597,sar,sar/sar_000603.tif
sar_000604,id_000598,sar,sar/sar_000604.tif
sar_000605,id_000599,sar,sar/sar_000605.tif
sar_000606,id_000600,sar,sar/sar_000606.tif
sar_000607,id_000601,sar,sar/sar_000607.tif
sar_000608,id_000602,sar,sar/sar_000608.tif
sar_000609,id_000603,sar,sar/sar_000609.tif
sar_000610,id_000604,sar,sar/sar_000610.tif
sar_000611,id_000605,sar,sar/sar_000611.tif
sar_000612,id_000606,sar,sar/sar_000612.tif
sar_000613,id_000607,sar,sar/sar_000613.tif
sar_000614,id_000608,sar,sar/sar_000614.tif
sar_000615,id_000609,sar,sar/sar_000615.tif
sar_000616,id_000610,sar,sar/sar_000616.tif
sar_000617,id_000611,sar,sar/sar_000617.tif
sar_000618,id_000612,sar,sar/sar_000618.tif
sar_000619,id_000613,sar,sar/sar_000619.tif
sar_000620,id_000614,sar,sar/sar_000620.tif
sar_000621,id_000615,sar,sar/sar_000621.tif
sar_000622,id_000616,sar,sar/sar_000622.tif
sar_000623,id_000617,sar,sar/sar_000623.tif
sar_000624,id_000618,sar,sar/sar_000624.tif
sar_000625,id_000618,sar,sar/sar_000625.tif
sar_000626,id_000619,sar,sar/sar_000626.tif
sar_000627,id_000620,sar,sar/sar_000627.tif
sar_000628,id_000621,sar,sar/sar_000628.tif
sar_000629,id_000622,sar,sar/sar_000629.tif
sar_000630,id_000623,sar,sar/sar_000630.tif
sar_000631,id_000624,sar,sar/sar_000631.tif
sar_000632,id_000625,sar,sar/sar_000632.tif
sar_000633,id_000626,sar,sar/sar_000633.tif
sar_000634,id_000627,sar,sar/sar_000634.tif
sar_000635,id_000628,sar,sar/sar_000635.tif
sar_000636,id_000629,sar,sar/sar_000636.tif
sar_000637,id_000630,sar,sar/sar_000637.tif
sar_000638,id_000631,sar,sar/sar_000638.tif
sar_000639,id_000632,sar,sar/sar_000639.tif
sar_000640,id_000633,sar,sar/sar_000640.tif
sar_000641,id_000634,sar,sar/sar_000641.tif
sar_000642,id_000635,sar,sar/sar_000642.tif
sar_000643,id_000636,sar,sar/sar_000643.tif
sar_000644,id_000637,sar,sar/sar_000644.tif
sar_000645,id_000638,sar,sar/sar_000645.tif
sar_000646,id_000639,sar,sar/sar_000646.tif
sar_000647,id_000640,sar,sar/sar_000647.tif
sar_000648,id_000641,sar,sar/sar_000648.tif
sar_000649,id_000642,sar,sar/sar_000649.tif
sar_000650,id_000643,sar,sar/sar_000650.tif
sar_000651,id_000644,sar,sar/sar_000651.tif
sar_000652,id_000645,sar,sar/sar_000652.tif
sar_000653,id_000646,sar,sar/sar_000653.tif
sar_000654,id_000647,sar,sar/sar_000654.tif
sar_000655,id_000648,sar,sar/sar_000655.tif
sar_000656,id_000649,sar,sar/sar_000656.tif
sar_000657,id_000650,sar,sar/sar_000657.tif
sar_000658,id_000651,sar,sar/sar_000658.tif
sar_000659,id_000652,sar,sar/sar_000659.tif
sar_000660,id_000653,sar,sar/sar_000660.tif
sar_000661,id_000654,sar,sar/sar_000661.tif
sar_000662,id_000655,sar,sar/sar_000662.tif
sar_000663,id_000656,sar,sar/sar_000663.tif
sar_000664,id_000657,sar,sar/sar_000664.tif
sar_000665,id_000658,sar,sar/sar_000665.tif
sar_000666,id_000659,sar,sar/sar_000666.tif
sar_000667,id_000660,sar,sar/sar_000667.tif
sar_000668,id_000661,sar,sar/sar_000668.tif
sar_000669,id_000662,sar,sar/sar_000669.tif
sar_000670,id_000663,sar,sar/sar_000670.tif
sar_000671,id_000664,sar,sar/sar_000671.tif
sar_000672,id_000665,sar,sar/sar_000672.tif
sar_000673,id_000666,sar,sar/sar_000673.tif
sar_000674,id_000667,sar,sar/sar_000674.tif
sar_000675,id_000668,sar,sar/sar_000675.tif
sar_000676,id_000669,sar,sar/sar_000676.tif
sar_000677,id_000670,sar,sar/sar_000677.tif
sar_000678,id_000670,sar,sar/sar_000678.tif
sar_000679,id_000671,sar,sar/sar_000679.tif
sar_000680,id_000672,sar,sar/sar_000680.tif
sar_000681,id_000673,sar,sar/sar_000681.tif
sar_000682,id_000674,sar,sar/sar_000682.tif
sar_000683,id_000675,sar,sar/sar_000683.tif
sar_000684,id_000676,sar,sar/sar_000684.tif
sar_000685,id_000677,sar,sar/sar_000685.tif
sar_000686,id_000678,sar,sar/sar_000686.tif
sar_000687,id_000679,sar,sar/sar_000687.tif
sar_000688,id_000680,sar,sar/sar_000688.tif
sar_000689,id_000681,sar,sar/sar_000689.tif
sar_000690,id_000682,sar,sar/sar_000690.tif
sar_000691,id_000683,sar,sar/sar_000691.tif
sar_000692,id_000684,sar,sar/sar_000692.tif
sar_000693,id_000685,sar,sar/sar_000693.tif
sar_000694,id_000686,sar,sar/sar_000694.tif
sar_000695,id_000687,sar,sar/sar_000695.tif
sar_000696,id_000688,sar,sar/sar_000696.tif
sar_000697,id_000689,sar,sar/sar_000697.tif
sar_000698,id_000690,sar,sar/sar_000698.tif
sar_000699,id_000691,sar,sar/sar_000699.tif
sar_000700,id_000692,sar,sar/sar_000700.tif
sar_000701,id_000693,sar,sar/sar_000701.tif
sar_000702,id_000694,sar,sar/sar_000702.tif
sar_000703,id_000695,sar,sar/sar_000703.tif
sar_000704,id_000696,sar,sar/sar_000704.tif
sar_000705,id_000697,sar,sar/sar_000705.tif
sar_000706,id_000698,sar,sar/sar_000706.tif
sar_000707,id_000699,sar,sar/sar_000707.tif
sar_000708,id_000700,sar,sar/sar_000708.tif
sar_000709,id_000701,sar,sar/sar_000709.tif
sar_000710,id_000702,sar,sar/sar_000710.tif
sar_000711,id_000703,sar,sar/sar_000711.tif
sar_000712,id_000704,sar,sar/sar_000712.tif
sar_000713,id_000705,sar,sar/sar_000713.tif
sar_000714,id_000706,sar,sar/sar_000714.tif
sar_000715,id_000707,sar,sar/sar_000715.tif
sar_000716,id_000708,sar,sar/sar_000716.tif
sar_000717,id_000709,sar,sar/sar_000717.tif
sar_000718,id_000710,sar,sar/sar_000718.tif
sar_000719,id_000711,sar,sar/sar_000719.tif
sar_000720,id_000712,sar,sar/sar_000720.tif
sar_000721,id_000713,sar,sar/sar_000721.tif
sar_000722,id_000714,sar,sar/sar_000722.tif
sar_000723,id_000715,sar,sar/sar_000723.tif
sar_000724,id_000716,sar,sar/sar_000724.tif
sar_000725,id_000717,sar,sar/sar_000725.tif
sar_000726,id_000718,sar,sar/sar_000726.tif
sar_000727,id_000719,sar,sar/sar_000727.tif
sar_000728,id_000720,sar,sar/sar_000728.tif
sar_000729,id_000721,sar,sar/sar_000729.tif
sar_000730,id_000722,sar,sar/sar_000730.tif
sar_000731,id_000723,sar,sar/sar_000731.tif
sar_000732,id_000724,sar,sar/sar_000732.tif
sar_000733,id_000725,sar,sar/sar_000733.tif
sar_000734,id_000726,sar,sar/sar_000734.tif
sar_000735,id_000727,sar,sar/sar_000735.tif
sar_000736,id_000728,sar,sar/sar_000736.tif
sar_000737,id_000729,sar,sar/sar_000737.tif
sar_000738,id_000730,sar,sar/sar_000738.tif
sar_000739,id_000731,sar,sar/sar_000739.tif
sar_000740,id_000732,sar,sar/sar_000740.tif
sar_000741,id_000733,sar,sar/sar_000741.tif
sar_000742,id_000734,sar,sar/sar_000742.tif
sar_000743,id_000735,sar,sar/sar_000743.tif
sar_000744,id_000736,sar,sar/sar_000744.tif
sar_000745,id_000737,sar,sar/sar_000745.tif
sar_000746,id_000738,sar,sar/sar_000746.tif
sar_000747,id_000739,sar,sar/sar_000747.tif
sar_000748,id_000740,sar,sar/sar_000748.tif
sar_000749,id_000741,sar,sar/sar_000749.tif
sar_000750,id_000742,sar,sar/sar_000750.tif
sar_000751,id_000743,sar,sar/sar_000751.tif
sar_000752,id_000744,sar,sar/sar_000752.tif
sar_000753,id_000745,sar,sar/sar_000753.tif
sar_000754,id_000746,sar,sar/sar_000754.tif
sar_000755,id_000747,sar,sar/sar_000755.tif
sar_000756,id_000748,sar,sar/sar_000756.tif
sar_000757,id_000749,sar,sar/sar_000757.tif
sar_000758,id_000750,sar,sar/sar_000758.tif
sar_000759,id_000751,sar,sar/sar_000759.tif
sar_000760,id_000752,sar,sar/sar_000760.tif
sar_000761,id_000753,sar,sar/sar_000761.tif
sar_000762,id_000754,sar,sar/sar_000762.tif
sar_000763,id_000755,sar,sar/sar_000763.tif
sar_000764,id_000756,sar,sar/sar_000764.tif
sar_000765,id_000757,sar,sar/sar_000765.tif
sar_000766,id_000758,sar,sar/sar_000766.tif
sar_000767,id_000759,sar,sar/sar_000767.tif
sar_000768,id_000760,sar,sar/sar_000768.tif
sar_000769,id_000761,sar,sar/sar_000769.tif
sar_000770,id_000762,sar,sar/sar_000770.tif
sar_000771,id_000763,sar,sar/sar_000771.tif
sar_000772,id_000763,sar,sar/sar_000772.tif
sar_000773,id_000764,sar,sar/sar_000773.tif
sar_000774,id_000765,sar,sar/sar_000774.tif
sar_000775,id_000766,sar,sar/sar_000775.tif
sar_000776,id_000767,sar,sar/sar_000776.tif
sar_000777,id_000768,sar,sar/sar_000777.tif
sar_000778,id_000769,sar,sar/sar_000778.tif
sar_000779,id_000770,sar,sar/sar_000779.tif
sar_000780,id_000771,sar,sar/sar_000780.tif
sar_000781,id_000772,sar,sar/sar_000781.tif
sar_000782,id_000773,sar,sar/sar_000782.tif
sar_000783,id_000774,sar,sar/sar_000783.tif
sar_000784,id_000775,sar,sar/sar_000784.tif
sar_000785,id_000776,sar,sar/sar_000785.tif
sar_000786,id_000777,sar,sar/sar_000786.tif
sar_000787,id_000778,sar,sar/sar_000787.tif
sar_000788,id_000779,sar,sar/sar_000788.tif
sar_000789,id_000780,sar,sar/sar_000789.tif
sar_000790,id_000781,sar,sar/sar_000790.tif
sar_000791,id_000782,sar,sar/sar_000791.tif
sar_000792,id_000783,sar,sar/sar_000792.tif
sar_000793,id_000784,sar,sar/sar_000793.tif
sar_000794,id_000785,sar,sar/sar_000794.tif
sar_000795,id_000786,sar,sar/sar_000795.tif
sar_000796,id_000787,sar,sar/sar_000796.tif
sar_000797,id_000788,sar,sar/sar_000797.tif
sar_000798,id_000789,sar,sar/sar_000798.tif
sar_000799,id_000790,sar,sar/sar_000799.tif
sar_000800,id_000791,sar,sar/sar_000800.tif
sar_000801,id_000792,sar,sar/sar_000801.tif
sar_000802,id_000793,sar,sar/sar_000802.tif
sar_000803,id_000794,sar,sar/sar_000803.tif
sar_000804,id_000795,sar,sar/sar_000804.tif
sar_000805,id_000796,sar,sar/sar_000805.tif
sar_000806,id_000797,sar,sar/sar_000806.tif
sar_000807,id_000798,sar,sar/sar_000807.tif
sar_000808,id_000799,sar,sar/sar_000808.tif
sar_000809,id_000800,sar,sar/sar_000809.tif
sar_000810,id_000801,sar,sar/sar_000810.tif
sar_000811,id_000802,sar,sar/sar_000811.tif
sar_000812,id_000803,sar,sar/sar_000812.tif
sar_000813,id_000804,sar,sar/sar_000813.tif
sar_000814,id_000805,sar,sar/sar_000814.tif
sar_000815,id_000806,sar,sar/sar_000815.tif
sar_000816,id_000807,sar,sar/sar_000816.tif
sar_000817,id_000808,sar,sar/sar_000817.tif
sar_000818,id_000809,sar,sar/sar_000818.tif
sar_000819,id_000810,sar,sar/sar_000819.tif
sar_000820,id_000811,sar,sar/sar_000820.tif
sar_000821,id_000812,sar,sar/sar_000821.tif
sar_000822,id_000813,sar,sar/sar_000822.tif
sar_000823,id_000814,sar,sar/sar_000823.tif
sar_000824,id_000815,sar,sar/sar_000824.tif
sar_000825,id_000816,sar,sar/sar_000825.tif
sar_000826,id_000817,sar,sar/sar_000826.tif
sar_000827,id_000818,sar,sar/sar_000827.tif
sar_000828,id_000819,sar,sar/sar_000828.tif
sar_000829,id_000820,sar,sar/sar_000829.tif
sar_000830,id_000821,sar,sar/sar_000830.tif
sar_000831,id_000822,sar,sar/sar_000831.tif
sar_000832,id_000823,sar,sar/sar_000832.tif
sar_000833,id_000824,sar,sar/sar_000833.tif
sar_000834,id_000825,sar,sar/sar_000834.tif
sar_000835,id_000826,sar,sar/sar_000835.tif
sar_000836,id_000827,sar,sar/sar_000836.tif
sar_000837,id_000828,sar,sar/sar_000837.tif
sar_000838,id_000829,sar,sar/sar_000838.tif
sar_000839,id_000830,sar,sar/sar_000839.tif
sar_000840,id_000831,sar,sar/sar_000840.tif
sar_000841,id_000832,sar,sar/sar_000841.tif
sar_000842,id_000833,sar,sar/sar_000842.tif
sar_000843,id_000834,sar,sar/sar_000843.tif
sar_000844,id_000835,sar,sar/sar_000844.tif
sar_000845,id_000836,sar,sar/sar_000845.tif
sar_000846,id_000837,sar,sar/sar_000846.tif
sar_000847,id_000838,sar,sar/sar_000847.tif
sar_000848,id_000839,sar,sar/sar_000848.tif
sar_000849,id_000840,sar,sar/sar_000849.tif
sar_000850,id_000841,sar,sar/sar_000850.tif
sar_000851,id_000842,sar,sar/sar_000851.tif
sar_000852,id_000843,sar,sar/sar_000852.tif
sar_000853,id_000844,sar,sar/sar_000853.tif
sar_000854,id_000845,sar,sar/sar_000854.tif
sar_000855,id_000846,sar,sar/sar_000855.tif
sar_000856,id_000847,sar,sar/sar_000856.tif
sar_000857,id_000848,sar,sar/sar_000857.tif
sar_000858,id_000849,sar,sar/sar_000858.tif
sar_000859,id_000850,sar,sar/sar_000859.tif
sar_000860,id_000851,sar,sar/sar_000860.tif
sar_000861,id_000852,sar,sar/sar_000861.tif
sar_000862,id_000853,sar,sar/sar_000862.tif
sar_000863,id_000854,sar,sar/sar_000863.tif
sar_000864,id_000855,sar,sar/sar_000864.tif
sar_000865,id_000856,sar,sar/sar_000865.tif
sar_000866,id_000857,sar,sar/sar_000866.tif
sar_000867,id_000858,sar,sar/sar_000867.tif
sar_000868,id_000859,sar,sar/sar_000868.tif
sar_000869,id_000860,sar,sar/sar_000869.tif
sar_000870,id_000861,sar,sar/sar_000870.tif
sar_000871,id_000862,sar,sar/sar_000871.tif
sar_000872,id_000863,sar,sar/sar_000872.tif
sar_000873,id_000864,sar,sar/sar_000873.tif
sar_000874,id_000865,sar,sar/sar_000874.tif
sar_000875,id_000866,sar,sar/sar_000875.tif
sar_000876,id_000867,sar,sar/sar_000876.tif
sar_000877,id_000868,sar,sar/sar_000877.tif
sar_000878,id_000869,sar,sar/sar_000878.tif
sar_000879,id_000870,sar,sar/sar_000879.tif
sar_000880,id_000871,sar,sar/sar_000880.tif
sar_000881,id_000872,sar,sar/sar_000881.tif
sar_000882,id_000873,sar,sar/sar_000882.tif
sar_000883,id_000874,sar,sar/sar_000883.tif
sar_000884,id_000875,sar,sar/sar_000884.tif
sar_000885,id_000876,sar,sar/sar_000885.tif
sar_000886,id_000877,sar,sar/sar_000886.tif
sar_000887,id_000878,sar,sar/sar_000887.tif
sar_000888,id_000879,sar,sar/sar_000888.tif
sar_000889,id_000880,sar,sar/sar_000889.tif
sar_000890,id_000881,sar,sar/sar_000890.tif
sar_000891,id_000882,sar,sar/sar_000891.tif
sar_000892,id_000883,sar,sar/sar_000892.tif
sar_000893,id_000884,sar,sar/sar_000893.tif
sar_000894,id_000885,sar,sar/sar_000894.tif
sar_000895,id_000886,sar,sar/sar_000895.tif
sar_000896,id_000887,sar,sar/sar_000896.tif
sar_000897,id_000888,sar,sar/sar_000897.tif
sar_000898,id_000889,sar,sar/sar_000898.tif
sar_000899,id_000890,sar,sar/sar_000899.tif
sar_000900,id_000891,sar,sar/sar_000900.tif
sar_000901,id_000892,sar,sar/sar_000901.tif
sar_000902,id_000893,sar,sar/sar_000902.tif
sar_000903,id_000894,sar,sar/sar_000903.tif
sar_000904,id_000895,sar,sar/sar_000904.tif
sar_000905,id_000896,sar,sar/sar_000905.tif
sar_000906,id_000897,sar,sar/sar_000906.tif
sar_000907,id_000898,sar,sar/sar_000907.tif
sar_000908,id_000899,sar,sar/sar_000908.tif
sar_000909,id_000900,sar,sar/sar_000909.tif
sar_000910,id_000901,sar,sar/sar_000910.tif
sar_000911,id_000902,sar,sar/sar_000911.tif
sar_000912,id_000903,sar,sar/sar_000912.tif
sar_000913,id_000904,sar,sar/sar_000913.tif
sar_000914,id_000905,sar,sar/sar_000914.tif
sar_000915,id_000906,sar,sar/sar_000915.tif
sar_000916,id_000907,sar,sar/sar_000916.tif
sar_000917,id_000908,sar,sar/sar_000917.tif
sar_000918,id_000909,sar,sar/sar_000918.tif
sar_000919,id_000910,sar,sar/sar_000919.tif
sar_000920,id_000911,sar,sar/sar_000920.tif
sar_000921,id_000912,sar,sar/sar_000921.tif
sar_000922,id_000913,sar,sar/sar_000922.tif
sar_000923,id_000914,sar,sar/sar_000923.tif
sar_000924,id_000915,sar,sar/sar_000924.tif
sar_000925,id_000916,sar,sar/sar_000925.tif
sar_000926,id_000917,sar,sar/sar_000926.tif
sar_000927,id_000918,sar,sar/sar_000927.tif
sar_000928,id_000919,sar,sar/sar_000928.tif
sar_000929,id_000920,sar,sar/sar_000929.tif
sar_000930,id_000921,sar,sar/sar_000930.tif
sar_000931,id_000922,sar,sar/sar_000931.tif
sar_000932,id_000923,sar,sar/sar_000932.tif
sar_000933,id_000924,sar,sar/sar_000933.tif
sar_000934,id_000925,sar,sar/sar_000934.tif
sar_000935,id_000926,sar,sar/sar_000935.tif
sar_000936,id_000927,sar,sar/sar_000936.tif
sar_000937,id_000928,sar,sar/sar_000937.tif
sar_000938,id_000929,sar,sar/sar_000938.tif
sar_000939,id_000930,sar,sar/sar_000939.tif
sar_000940,id_000931,sar,sar/sar_000940.tif
sar_000941,id_000932,sar,sar/sar_000941.tif
sar_000942,id_000933,sar,sar/sar_000942.tif
sar_000943,id_000934,sar,sar/sar_000943.tif
sar_000944,id_000935,sar,sar/sar_000944.tif
sar_000945,id_000936,sar,sar/sar_000945.tif
sar_000946,id_000937,sar,sar/sar_000946.tif
sar_000947,id_000938,sar,sar/sar_000947.tif
sar_000948,id_000939,sar,sar/sar_000948.tif
sar_000949,id_000940,sar,sar/sar_000949.tif
sar_000950,id_000941,sar,sar/sar_000950.tif
sar_000951,id_000942,sar,sar/sar_000951.tif
sar_000952,id_000943,sar,sar/sar_000952.tif
sar_000953,id_000944,sar,sar/sar_000953.tif
sar_000954,id_000945,sar,sar/sar_000954.tif
sar_000955,id_000946,sar,sar/sar_000955.tif
sar_000956,id_000947,sar,sar/sar_000956.tif
sar_000957,id_000948,sar,sar/sar_000957.tif
sar_000958,id_000949,sar,sar/sar_000958.tif
sar_000959,id_000950,sar,sar/sar_000959.tif
sar_000960,id_000951,sar,sar/sar_000960.tif
sar_000961,id_000952,sar,sar/sar_000961.tif
sar_000962,id_000953,sar,sar/sar_000962.tif
sar_000963,id_000954,sar,sar/sar_000963.tif
sar_000964,id_000955,sar,sar/sar_000964.tif
sar_000965,id_000956,sar,sar/sar_000965.tif
sar_000966,id_000957,sar,sar/sar_000966.tif
sar_000967,id_000958,sar,sar/sar_000967.tif
sar_000968,id_000959,sar,sar/sar_000968.tif
sar_000969,id_000960,sar,sar/sar_000969.tif
sar_000970,id_000961,sar,sar/sar_000970.tif
sar_000971,id_000962,sar,sar/sar_000971.tif
sar_000972,id_000963,sar,sar/sar_000972.tif
sar_000973,id_000964,sar,sar/sar_000973.tif
sar_000974,id_000965,sar,sar/sar_000974.tif
sar_000975,id_000966,sar,sar/sar_000975.tif
sar_000976,id_000967,sar,sar/sar_000976.tif
sar_000977,id_000968,sar,sar/sar_000977.tif
sar_000978,id_000969,sar,sar/sar_000978.tif
sar_000979,id_000970,sar,sar/sar_000979.tif
sar_000980,id_000971,sar,sar/sar_000980.tif
sar_000981,id_000972,sar,sar/sar_000981.tif
sar_000982,id_000973,sar,sar/sar_000982.tif
sar_000983,id_000974,sar,sar/sar_000983.tif
sar_000984,id_000975,sar,sar/sar_000984.tif
sar_000985,id_000976,sar,sar/sar_000985.tif
sar_000986,id_000977,sar,sar/sar_000986.tif
sar_000987,id_000978,sar,sar/sar_000987.tif
sar_000988,id_000978,sar,sar/sar_000988.tif
sar_000989,id_000979,sar,sar/sar_000989.tif
sar_000990,id_000980,sar,sar/sar_000990.tif
sar_000991,id_000981,sar,sar/sar_000991.tif
sar_000992,id_000982,sar,sar/sar_000992.tif
sar_000993,id_000983,sar,sar/sar_000993.tif
sar_000994,id_000984,sar,sar/sar_000994.tif
sar_000995,id_000985,sar,sar/sar_000995.tif
sar_000996,id_000986,sar,sar/sar_000996.tif
sar_000997,id_000987,sar,sar/sar_000997.tif
sar_000998,id_000988,sar,sar/sar_000998.tif
sar_000999,id_000989,sar,sar/sar_000999.tif
sar_001000,id_000990,sar,sar/sar_001000.tif
sar_001001,id_000991,sar,sar/sar_001001.tif
sar_001002,id_000992,sar,sar/sar_001002.tif
sar_001003,id_000993,sar,sar/sar_001003.tif
sar_001004,id_000994,sar,sar/sar_001004.tif
sar_001005,id_000995,sar,sar/sar_001005.tif
sar_001006,id_000996,sar,sar/sar_001006.tif
sar_001007,id_000997,sar,sar/sar_001007.tif
sar_001008,id_000998,sar,sar/sar_001008.tif
sar_001009,id_000999,sar,sar/sar_001009.tif
sar_001010,id_001000,sar,sar/sar_001010.tif
sar_001011,id_001001,sar,sar/sar_001011.tif
sar_001012,id_001002,sar,sar/sar_001012.tif
sar_001013,id_001003,sar,sar/sar_001013.tif
sar_001014,id_001004,sar,sar/sar_001014.tif
sar_001015,id_001005,sar,sar/sar_001015.tif
sar_001016,id_001006,sar,sar/sar_001016.tif
sar_001017,id_001007,sar,sar/sar_001017.tif
sar_001018,id_001008,sar,sar/sar_001018.tif
sar_001019,id_001009,sar,sar/sar_001019.tif
sar_001020,id_001010,sar,sar/sar_001020.tif
sar_001021,id_001011,sar,sar/sar_001021.tif
sar_001022,id_001012,sar,sar/sar_001022.tif
sar_001023,id_001013,sar,sar/sar_001023.tif
sar_001024,id_001014,sar,sar/sar_001024.tif
sar_001025,id_001015,sar,sar/sar_001025.tif
sar_001026,id_001016,sar,sar/sar_001026.tif
sar_001027,id_001017,sar,sar/sar_001027.tif
sar_001028,id_001018,sar,sar/sar_001028.tif
sar_001029,id_001019,sar,sar/sar_001029.tif
sar_001030,id_001020,sar,sar/sar_001030.tif
sar_001031,id_001021,sar,sar/sar_001031.tif
sar_001032,id_001022,sar,sar/sar_001032.tif
sar_001033,id_001023,sar,sar/sar_001033.tif
sar_001034,id_001024,sar,sar/sar_001034.tif
sar_001035,id_001025,sar,sar/sar_001035.tif
sar_001036,id_001026,sar,sar/sar_001036.tif
sar_001037,id_001027,sar,sar/sar_001037.tif
sar_001038,id_001028,sar,sar/sar_001038.tif
sar_001039,id_001029,sar,sar/sar_001039.tif
sar_001040,id_001030,sar,sar/sar_001040.tif
sar_001041,id_001031,sar,sar/sar_001041.tif
sar_001042,id_001032,sar,sar/sar_001042.tif
sar_001043,id_001033,sar,sar/sar_001043.tif
sar_001044,id_001034,sar,sar/sar_001044.tif
sar_001045,id_001035,sar,sar/sar_001045.tif
sar_001046,id_001036,sar,sar/sar_001046.tif
sar_001047,id_001037,sar,sar/sar_001047.tif
sar_001048,id_001038,sar,sar/sar_001048.tif
sar_001049,id_001039,sar,sar/sar_001049.tif
sar_001050,id_001040,sar,sar/sar_001050.tif
sar_001051,id_001041,sar,sar/sar_001051.tif
sar_001052,id_001042,sar,sar/sar_001052.tif
sar_001053,id_001043,sar,sar/sar_001053.tif
sar_001054,id_001044,sar,sar/sar_001054.tif
sar_001055,id_001045,sar,sar/sar_001055.tif
sar_001056,id_001046,sar,sar/sar_001056.tif
sar_001057,id_001047,sar,sar/sar_001057.tif
sar_001058,id_001048,sar,sar/sar_001058.tif
sar_001059,id_001049,sar,sar/sar_001059.tif
sar_001060,id_001050,sar,sar/sar_001060.tif
sar_001061,id_001051,sar,sar/sar_001061.tif
sar_001062,id_001052,sar,sar/sar_001062.tif
sar_001063,id_001053,sar,sar/sar_001063.tif
sar_001064,id_001054,sar,sar/sar_001064.tif
sar_001065,id_001055,sar,sar/sar_001065.tif
sar_001066,id_001056,sar,sar/sar_001066.tif
sar_001067,id_001057,sar,sar/sar_001067.tif
sar_001068,id_001058,sar,sar/sar_001068.tif
sar_001069,id_001059,sar,sar/sar_001069.tif
sar_001070,id_001060,sar,sar/sar_001070.tif
sar_001071,id_001061,sar,sar/sar_001071.tif
sar_001072,id_001062,sar,sar/sar_001072.tif
sar_001073,id_001063,sar,sar/sar_001073.tif
sar_001074,id_001064,sar,sar/sar_001074.tif
sar_001075,id_001065,sar,sar/sar_001075.tif
sar_001076,id_001066,sar,sar/sar_001076.tif
sar_001077,id_001067,sar,sar/sar_001077.tif
sar_001078,id_001068,sar,sar/sar_001078.tif
sar_001079,id_001069,sar,sar/sar_001079.tif
sar_001080,id_001070,sar,sar/sar_001080.tif
sar_001081,id_001071,sar,sar/sar_001081.tif
sar_001082,id_001072,sar,sar/sar_001082.tif
sar_001083,id_001073,sar,sar/sar_001083.tif
sar_001084,id_001074,sar,sar/sar_001084.tif
sar_001085,id_001075,sar,sar/sar_001085.tif
sar_001086,id_001076,sar,sar/sar_001086.tif
sar_001087,id_001077,sar,sar/sar_001087.tif
sar_001088,id_001078,sar,sar/sar_001088.tif
sar_001089,id_001078,sar,sar/sar_001089.tif
sar_001090,id_001079,sar,sar/sar_001090.tif
sar_001091,id_001080,sar,sar/sar_001091.tif
sar_001092,id_001081,sar,sar/sar_001092.tif
sar_001093,id_001082,sar,sar/sar_001093.tif
sar_001094,id_001083,sar,sar/sar_001094.tif
sar_001095,id_001084,sar,sar/sar_001095.tif
sar_001096,id_001085,sar,sar/sar_001096.tif
sar_001097,id_001086,sar,sar/sar_001097.tif
sar_001098,id_001087,sar,sar/sar_001098.tif
sar_001099,id_001088,sar,sar/sar_001099.tif
sar_001100,id_001089,sar,sar/sar_001100.tif
sar_001101,id_001090,sar,sar/sar_001101.tif
sar_001102,id_001091,sar,sar/sar_001102.tif
sar_001103,id_001092,sar,sar/sar_001103.tif
sar_001104,id_001093,sar,sar/sar_001104.tif
sar_001105,id_001094,sar,sar/sar_001105.tif
sar_001106,id_001095,sar,sar/sar_001106.tif
sar_001107,id_001096,sar,sar/sar_001107.tif
sar_001108,id_001097,sar,sar/sar_001108.tif
sar_001109,id_001098,sar,sar/sar_001109.tif
sar_001110,id_001099,sar,sar/sar_001110.tif
sar_001111,id_001100,sar,sar/sar_001111.tif
sar_001112,id_001101,sar,sar/sar_001112.tif
sar_001113,id_001102,sar,sar/sar_001113.tif
sar_001114,id_001103,sar,sar/sar_001114.tif
sar_001115,id_001104,sar,sar/sar_001115.tif
sar_001116,id_001105,sar,sar/sar_001116.tif
sar_001117,id_001106,sar,sar/sar_001117.tif
sar_001118,id_001107,sar,sar/sar_001118.tif
sar_001119,id_001108,sar,sar/sar_001119.tif
sar_001120,id_001109,sar,sar/sar_001120.tif
sar_001121,id_001110,sar,sar/sar_001121.tif
sar_001122,id_001111,sar,sar/sar_001122.tif
sar_001123,id_001111,sar,sar/sar_001123.tif
sar_001124,id_001112,sar,sar/sar_001124.tif
sar_001125,id_001113,sar,sar/sar_001125.tif
sar_001126,id_001114,sar,sar/sar_001126.tif
sar_001127,id_001115,sar,sar/sar_001127.tif
sar_001128,id_001116,sar,sar/sar_001128.tif
sar_001129,id_001117,sar,sar/sar_001129.tif
sar_001130,id_001118,sar,sar/sar_001130.tif
sar_001131,id_001119,sar,sar/sar_001131.tif
sar_001132,id_001120,sar,sar/sar_001132.tif
sar_001133,id_001121,sar,sar/sar_001133.tif
sar_001134,id_001122,sar,sar/sar_001134.tif
sar_001135,id_001123,sar,sar/sar_001135.tif
sar_001136,id_001124,sar,sar/sar_001136.tif
sar_001137,id_001125,sar,sar/sar_001137.tif
sar_001138,id_001126,sar,sar/sar_001138.tif
sar_001139,id_001127,sar,sar/sar_001139.tif
sar_001140,id_001128,sar,sar/sar_001140.tif
sar_001141,id_001129,sar,sar/sar_001141.tif
sar_001142,id_001130,sar,sar/sar_001142.tif
sar_001143,id_001131,sar,sar/sar_001143.tif
sar_001144,id_001132,sar,sar/sar_001144.tif
sar_001145,id_001133,sar,sar/sar_001145.tif
sar_001146,id_001134,sar,sar/sar_001146.tif
sar_001147,id_001135,sar,sar/sar_001147.tif
sar_001148,id_001136,sar,sar/sar_001148.tif
sar_001149,id_001137,sar,sar/sar_001149.tif
sar_001150,id_001138,sar,sar/sar_001150.tif
sar_001151,id_001139,sar,sar/sar_001151.tif
sar_001152,id_001140,sar,sar/sar_001152.tif
sar_001153,id_001141,sar,sar/sar_001153.tif
sar_001154,id_001142,sar,sar/sar_001154.tif
sar_001155,id_001143,sar,sar/sar_001155.tif
sar_001156,id_001144,sar,sar/sar_001156.tif
sar_001157,id_001145,sar,sar/sar_001157.tif
sar_001158,id_001146,sar,sar/sar_001158.tif
sar_001159,id_001147,sar,sar/sar_001159.tif
sar_001160,id_001148,sar,sar/sar_001160.tif
sar_001161,id_001149,sar,sar/sar_001161.tif
sar_001162,id_001150,sar,sar/sar_001162.tif
sar_001163,id_001151,sar,sar/sar_001163.tif
sar_001164,id_001152,sar,sar/sar_001164.tif
sar_001165,id_001153,sar,sar/sar_001165.tif
sar_001166,id_001154,sar,sar/sar_001166.tif
sar_001167,id_001155,sar,sar/sar_001167.tif
sar_001168,id_001156,sar,sar/sar_001168.tif
sar_001169,id_001157,sar,sar/sar_001169.tif
sar_001170,id_001158,sar,sar/sar_001170.tif
sar_001171,id_001159,sar,sar/sar_001171.tif
sar_001172,id_001160,sar,sar/sar_001172.tif
sar_001173,id_001161,sar,sar/sar_001173.tif
sar_001174,id_001162,sar,sar/sar_001174.tif
sar_001175,id_001163,sar,sar/sar_001175.tif
sar_001176,id_001164,sar,sar/sar_001176.tif
sar_001177,id_001165,sar,sar/sar_001177.tif
sar_001178,id_001166,sar,sar/sar_001178.tif
sar_001179,id_001167,sar,sar/sar_001179.tif
sar_001180,id_001168,sar,sar/sar_001180.tif
sar_001181,id_001169,sar,sar/sar_001181.tif
sar_001182,id_001170,sar,sar/sar_001182.tif
sar_001183,id_001171,sar,sar/sar_001183.tif
sar_001184,id_001172,sar,sar/sar_001184.tif
sar_001185,id_001173,sar,sar/sar_001185.tif
sar_001186,id_001173,sar,sar/sar_001186.tif
sar_001187,id_001174,sar,sar/sar_001187.tif
sar_001188,id_001175,sar,sar/sar_001188.tif
sar_001189,id_001176,sar,sar/sar_001189.tif
sar_001190,id_001177,sar,sar/sar_001190.tif
sar_001191,id_001178,sar,sar/sar_001191.tif
sar_001192,id_001179,sar,sar/sar_001192.tif
sar_001193,id_001180,sar,sar/sar_001193.tif
sar_001194,id_001181,sar,sar/sar_001194.tif
sar_001195,id_001182,sar,sar/sar_001195.tif
sar_001196,id_001183,sar,sar/sar_001196.tif
sar_001197,id_001184,sar,sar/sar_001197.tif
sar_001198,id_001185,sar,sar/sar_001198.tif
sar_001199,id_001186,sar,sar/sar_001199.tif
sar_001200,id_001187,sar,sar/sar_001200.tif
sar_001201,id_001188,sar,sar/sar_001201.tif
sar_001202,id_001189,sar,sar/sar_001202.tif
sar_001203,id_001190,sar,sar/sar_001203.tif
sar_001204,id_001191,sar,sar/sar_001204.tif
sar_001205,id_001192,sar,sar/sar_001205.tif
sar_001206,id_001193,sar,sar/sar_001206.tif
sar_001207,id_001194,sar,sar/sar_001207.tif
sar_001208,id_001195,sar,sar/sar_001208.tif
sar_001209,id_001196,sar,sar/sar_001209.tif
sar_001210,id_001197,sar,sar/sar_001210.tif
sar_001211,id_001198,sar,sar/sar_001211.tif
sar_001212,id_001199,sar,sar/sar_001212.tif
sar_001213,id_001200,sar,sar/sar_001213.tif
sar_001214,id_001201,sar,sar/sar_001214.tif
sar_001215,id_001202,sar,sar/sar_001215.tif
sar_001216,id_001203,sar,sar/sar_001216.tif
sar_001217,id_001204,sar,sar/sar_001217.tif
sar_001218,id_001205,sar,sar/sar_001218.tif
sar_001219,id_001206,sar,sar/sar_001219.tif
sar_001220,id_001207,sar,sar/sar_001220.tif
sar_001221,id_001208,sar,sar/sar_001221.tif
sar_001222,id_001209,sar,sar/sar_001222.tif
sar_001223,id_001210,sar,sar/sar_001223.tif
sar_001224,id_001211,sar,sar/sar_001224.tif
sar_001225,id_001212,sar,sar/sar_001225.tif
sar_001226,id_001213,sar,sar/sar_001226.tif
sar_001227,id_001214,sar,sar/sar_001227.tif
sar_001228,id_001215,sar,sar/sar_001228.tif
sar_001229,id_001216,sar,sar/sar_001229.tif
sar_001230,id_001217,sar,sar/sar_001230.tif
sar_001231,id_001218,sar,sar/sar_001231.tif
sar_001232,id_001219,sar,sar/sar_001232.tif
sar_001233,id_001220,sar,sar/sar_001233.tif
sar_001234,id_001221,sar,sar/sar_001234.tif
sar_001235,id_001222,sar,sar/sar_001235.tif
sar_001236,id_001223,sar,sar/sar_001236.tif
sar_001237,id_001224,sar,sar/sar_001237.tif
sar_001238,id_001225,sar,sar/sar_001238.tif
sar_001239,id_001225,sar,sar/sar_001239.tif
sar_001240,id_001226,sar,sar/sar_001240.tif
sar_001241,id_001227,sar,sar/sar_001241.tif
sar_001242,id_001228,sar,sar/sar_001242.tif
sar_001243,id_001229,sar,sar/sar_001243.tif
sar_001244,id_001230,sar,sar/sar_001244.tif
sar_001245,id_001231,sar,sar/sar_001245.tif
sar_001246,id_001232,sar,sar/sar_001246.tif
sar_001247,id_001233,sar,sar/sar_001247.tif
sar_001248,id_001234,sar,sar/sar_001248.tif
sar_001249,id_001235,sar,sar/sar_001249.tif
sar_001250,id_001236,sar,sar/sar_001250.tif
sar_001251,id_001237,sar,sar/sar_001251.tif
sar_001252,id_001238,sar,sar/sar_001252.tif
sar_001253,id_001239,sar,sar/sar_001253.tif
sar_001254,id_001240,sar,sar/sar_001254.tif
sar_001255,id_001241,sar,sar/sar_001255.tif
sar_001256,id_001242,sar,sar/sar_001256.tif
sar_001257,id_001243,sar,sar/sar_001257.tif
sar_001258,id_001244,sar,sar/sar_001258.tif
sar_001259,id_001245,sar,sar/sar_001259.tif
sar_001260,id_001245,sar,sar/sar_001260.tif
sar_001261,id_001246,sar,sar/sar_001261.tif
sar_001262,id_001247,sar,sar/sar_001262.tif
sar_001263,id_001248,sar,sar/sar_001263.tif
sar_001264,id_001249,sar,sar/sar_001264.tif
sar_001265,id_001250,sar,sar/sar_001265.tif
sar_001266,id_001251,sar,sar/sar_001266.tif
sar_001267,id_001252,sar,sar/sar_001267.tif
sar_001268,id_001253,sar,sar/sar_001268.tif
sar_001269,id_001254,sar,sar/sar_001269.tif
sar_001270,id_001255,sar,sar/sar_001270.tif
sar_001271,id_001256,sar,sar/sar_001271.tif
sar_001272,id_001257,sar,sar/sar_001272.tif
sar_001273,id_001258,sar,sar/sar_001273.tif
sar_001274,id_001259,sar,sar/sar_001274.tif
sar_001275,id_001260,sar,sar/sar_001275.tif
sar_001276,id_001261,sar,sar/sar_001276.tif
sar_001277,id_001262,sar,sar/sar_001277.tif
sar_001278,id_001263,sar,sar/sar_001278.tif
sar_001279,id_001264,sar,sar/sar_001279.tif
sar_001280,id_001265,sar,sar/sar_001280.tif
sar_001281,id_001266,sar,sar/sar_001281.tif
sar_001282,id_001267,sar,sar/sar_001282.tif
sar_001283,id_001268,sar,sar/sar_001283.tif
sar_001284,id_001269,sar,sar/sar_001284.tif
sar_001285,id_001270,sar,sar/sar_001285.tif
sar_001286,id_001271,sar,sar/sar_001286.tif
sar_001287,id_001272,sar,sar/sar_001287.tif
sar_001288,id_001273,sar,sar/sar_001288.tif
sar_001289,id_001274,sar,sar/sar_001289.tif
sar_001290,id_001275,sar,sar/sar_001290.tif
sar_001291,id_001276,sar,sar/sar_001291.tif
sar_001292,id_001277,sar,sar/sar_001292.tif
sar_001293,id_001278,sar,sar/sar_001293.tif
sar_001294,id_001279,sar,sar/sar_001294.tif
sar_001295,id_001280,sar,sar/sar_001295.tif
sar_001296,id_001281,sar,sar/sar_001296.tif
sar_001297,id_001282,sar,sar/sar_001297.tif
sar_001298,id_001283,sar,sar/sar_001298.tif
sar_001299,id_001284,sar,sar/sar_001299.tif
sar_001300,id_001285,sar,sar/sar_001300.tif
sar_001301,id_001286,sar,sar/sar_001301.tif
sar_001302,id_001287,sar,sar/sar_001302.tif
sar_001303,id_001288,sar,sar/sar_001303.tif
sar_001304,id_001289,sar,sar/sar_001304.tif
sar_001305,id_001290,sar,sar/sar_001305.tif
sar_001306,id_001291,sar,sar/sar_001306.tif
sar_001307,id_001292,sar,sar/sar_001307.tif
sar_001308,id_001293,sar,sar/sar_001308.tif
sar_001309,id_001294,sar,sar/sar_001309.tif
sar_001310,id_001295,sar,sar/sar_001310.tif
sar_001311,id_001296,sar,sar/sar_001311.tif
sar_001312,id_001297,sar,sar/sar_001312.tif
sar_001313,id_001298,sar,sar/sar_001313.tif
sar_001314,id_001299,sar,sar/sar_001314.tif
sar_001315,id_001300,sar,sar/sar_001315.tif
sar_001316,id_001301,sar,sar/sar_001316.tif
sar_001317,id_001301,sar,sar/sar_001317.tif
sar_001318,id_001302,sar,sar/sar_001318.tif
sar_001319,id_001303,sar,sar/sar_001319.tif
sar_001320,id_001304,sar,sar/sar_001320.tif
sar_001321,id_001305,sar,sar/sar_001321.tif
sar_001322,id_001306,sar,sar/sar_001322.tif
sar_001323,id_001307,sar,sar/sar_001323.tif
sar_001324,id_001308,sar,sar/sar_001324.tif
sar_001325,id_001309,sar,sar/sar_001325.tif
sar_001326,id_001310,sar,sar/sar_001326.tif
sar_001327,id_001311,sar,sar/sar_001327.tif
sar_001328,id_001312,sar,sar/sar_001328.tif
sar_001329,id_001313,sar,sar/sar_001329.tif
sar_001330,id_001314,sar,sar/sar_001330.tif
sar_001331,id_001315,sar,sar/sar_001331.tif
sar_001332,id_001316,sar,sar/sar_001332.tif
sar_001333,id_001317,sar,sar/sar_001333.tif
sar_001334,id_001318,sar,sar/sar_001334.tif
sar_001335,id_001319,sar,sar/sar_001335.tif
sar_001336,id_001320,sar,sar/sar_001336.tif
sar_001337,id_001321,sar,sar/sar_001337.tif
sar_001338,id_001322,sar,sar/sar_001338.tif
sar_001339,id_001323,sar,sar/sar_001339.tif
sar_001340,id_001324,sar,sar/sar_001340.tif
sar_001341,id_001325,sar,sar/sar_001341.tif
sar_001342,id_001326,sar,sar/sar_001342.tif
sar_001343,id_001327,sar,sar/sar_001343.tif
sar_001344,id_001328,sar,sar/sar_001344.tif
sar_001345,id_001329,sar,sar/sar_001345.tif
sar_001346,id_001330,sar,sar/sar_001346.tif
sar_001347,id_001331,sar,sar/sar_001347.tif
sar_001348,id_001332,sar,sar/sar_001348.tif
sar_001349,id_001333,sar,sar/sar_001349.tif
sar_001350,id_001334,sar,sar/sar_001350.tif
sar_001351,id_001335,sar,sar/sar_001351.tif
sar_001352,id_001336,sar,sar/sar_001352.tif
sar_001353,id_001337,sar,sar/sar_001353.tif
sar_001354,id_001338,sar,sar/sar_001354.tif
sar_001355,id_001339,sar,sar/sar_001355.tif
sar_001356,id_001339,sar,sar/sar_001356.tif
sar_001357,id_001340,sar,sar/sar_001357.tif
sar_001358,id_001341,sar,sar/sar_001358.tif
sar_001359,id_001342,sar,sar/sar_001359.tif
sar_001360,id_001343,sar,sar/sar_001360.tif
sar_001361,id_001344,sar,sar/sar_001361.tif
sar_001362,id_001345,sar,sar/sar_001362.tif
sar_001363,id_001346,sar,sar/sar_001363.tif
sar_001364,id_001347,sar,sar/sar_001364.tif
sar_001365,id_001348,sar,sar/sar_001365.tif
sar_001366,id_001349,sar,sar/sar_001366.tif
sar_001367,id_001350,sar,sar/sar_001367.tif
sar_001368,id_001351,sar,sar/sar_001368.tif
sar_001369,id_001352,sar,sar/sar_001369.tif
sar_001370,id_001353,sar,sar/sar_001370.tif
sar_001371,id_001354,sar,sar/sar_001371.tif
sar_001372,id_001355,sar,sar/sar_001372.tif
sar_001373,id_001356,sar,sar/sar_001373.tif
sar_001374,id_001357,sar,sar/sar_001374.tif
sar_001375,id_001358,sar,sar/sar_001375.tif
sar_001376,id_001359,sar,sar/sar_001376.tif
sar_001377,id_001360,sar,sar/sar_001377.tif
sar_001378,id_001361,sar,sar/sar_001378.tif
sar_001379,id_001362,sar,sar/sar_001379.tif
sar_001380,id_001363,sar,sar/sar_001380.tif
sar_001381,id_001364,sar,sar/sar_001381.tif
sar_001382,id_001364,sar,sar/sar_001382.tif
sar_001383,id_001365,sar,sar/sar_001383.tif
sar_001384,id_001366,sar,sar/sar_001384.tif
sar_001385,id_001367,sar,sar/sar_001385.tif
sar_001386,id_001368,sar,sar/sar_001386.tif
sar_001387,id_001369,sar,sar/sar_001387.tif
sar_001388,id_001370,sar,sar/sar_001388.tif
sar_001389,id_001371,sar,sar/sar_001389.tif
sar_001390,id_001372,sar,sar/sar_001390.tif
sar_001391,id_001373,sar,sar/sar_001391.tif
sar_001392,id_001374,sar,sar/sar_001392.tif
sar_001393,id_001375,sar,sar/sar_001393.tif
sar_001394,id_001376,sar,sar/sar_001394.tif
sar_001395,id_001377,sar,sar/sar_001395.tif
sar_001396,id_001378,sar,sar/sar_001396.tif
sar_001397,id_001379,sar,sar/sar_001397.tif
sar_001398,id_001380,sar,sar/sar_001398.tif
sar_001399,id_001381,sar,sar/sar_001399.tif
sar_001400,id_001382,sar,sar/sar_001400.tif
sar_001401,id_001383,sar,sar/sar_001401.tif
sar_001402,id_001384,sar,sar/sar_001402.tif
sar_001403,id_001385,sar,sar/sar_001403.tif
sar_001404,id_001386,sar,sar/sar_001404.tif
sar_001405,id_001387,sar,sar/sar_001405.tif
sar_001406,id_001388,sar,sar/sar_001406.tif
sar_001407,id_001389,sar,sar/sar_001407.tif
sar_001408,id_001390,sar,sar/sar_001408.tif
sar_001409,id_001391,sar,sar/sar_001409.tif
sar_001410,id_001392,sar,sar/sar_001410.tif
sar_001411,id_001393,sar,sar/sar_001411.tif
sar_001412,id_001394,sar,sar/sar_001412.tif
sar_001413,id_001395,sar,sar/sar_001413.tif
sar_001414,id_001396,sar,sar/sar_001414.tif
sar_001415,id_001397,sar,sar/sar_001415.tif
sar_001416,id_001398,sar,sar/sar_001416.tif
sar_001417,id_001399,sar,sar/sar_001417.tif
sar_001418,id_001400,sar,sar/sar_001418.tif
sar_001419,id_001401,sar,sar/sar_001419.tif
sar_001420,id_001402,sar,sar/sar_001420.tif
sar_001421,id_001403,sar,sar/sar_001421.tif
sar_001422,id_001404,sar,sar/sar_001422.tif
sar_001423,id_001405,sar,sar/sar_001423.tif
sar_001424,id_001406,sar,sar/sar_001424.tif
sar_001425,id_001407,sar,sar/sar_001425.tif
sar_001426,id_001408,sar,sar/sar_001426.tif
sar_001427,id_001409,sar,sar/sar_001427.tif
sar_001428,id_001410,sar,sar/sar_001428.tif
sar_001429,id_001411,sar,sar/sar_001429.tif
sar_001430,id_001412,sar,sar/sar_001430.tif
sar_001431,id_001413,sar,sar/sar_001431.tif
sar_001432,id_001414,sar,sar/sar_001432.tif
sar_001433,id_001415,sar,sar/sar_001433.tif
sar_001434,id_001416,sar,sar/sar_001434.tif
sar_001435,id_001417,sar,sar/sar_001435.tif
sar_001436,id_001418,sar,sar/sar_001436.tif
sar_001437,id_001419,sar,sar/sar_001437.tif
sar_001438,id_001420,sar,sar/sar_001438.tif
sar_001439,id_001421,sar,sar/sar_001439.tif
sar_001440,id_001422,sar,sar/sar_001440.tif
sar_001441,id_001423,sar,sar/sar_001441.tif
sar_001442,id_001424,sar,sar/sar_001442.tif
sar_001443,id_001425,sar,sar/sar_001443.tif
sar_001444,id_001426,sar,sar/sar_001444.tif
sar_001445,id_001427,sar,sar/sar_001445.tif
sar_001446,id_001428,sar,sar/sar_001446.tif
sar_001447,id_001429,sar,sar/sar_001447.tif
sar_001448,id_001430,sar,sar/sar_001448.tif
sar_001449,id_001431,sar,sar/sar_001449.tif
sar_001450,id_001432,sar,sar/sar_001450.tif
sar_001451,id_001433,sar,sar/sar_001451.tif
sar_001452,id_001434,sar,sar/sar_001452.tif
sar_001453,id_001435,sar,sar/sar_001453.tif
sar_001454,id_001436,sar,sar/sar_001454.tif
sar_001455,id_001437,sar,sar/sar_001455.tif
sar_001456,id_001438,sar,sar/sar_001456.tif
sar_001457,id_001439,sar,sar/sar_001457.tif
sar_001458,id_001440,sar,sar/sar_001458.tif
sar_001459,id_001441,sar,sar/sar_001459.tif
sar_001460,id_001442,sar,sar/sar_001460.tif
sar_001461,id_001442,sar,sar/sar_001461.tif
sar_001462,id_001443,sar,sar/sar_001462.tif
sar_001463,id_001444,sar,sar/sar_001463.tif
sar_001464,id_001445,sar,sar/sar_001464.tif
sar_001465,id_001446,sar,sar/sar_001465.tif
sar_001466,id_001447,sar,sar/sar_001466.tif
sar_001467,id_001448,sar,sar/sar_001467.tif
sar_001468,id_001449,sar,sar/sar_001468.tif
sar_001469,id_001450,sar,sar/sar_001469.tif
sar_001470,id_001451,sar,sar/sar_001470.tif
sar_001471,id_001452,sar,sar/sar_001471.tif
sar_001472,id_001453,sar,sar/sar_001472.tif
sar_001473,id_001454,sar,sar/sar_001473.tif
sar_001474,id_001455,sar,sar/sar_001474.tif
sar_001475,id_001456,sar,sar/sar_001475.tif
sar_001476,id_001457,sar,sar/sar_001476.tif
sar_001477,id_001458,sar,sar/sar_001477.tif
sar_001478,id_001459,sar,sar/sar_001478.tif
sar_001479,id_001460,sar,sar/sar_001479.tif
sar_001480,id_001461,sar,sar/sar_001480.tif
sar_001481,id_001462,sar,sar/sar_001481.tif
sar_001482,id_001463,sar,sar/sar_001482.tif
sar_001483,id_001464,sar,sar/sar_001483.tif
sar_001484,id_001465,sar,sar/sar_001484.tif
sar_001485,id_001466,sar,sar/sar_001485.tif
sar_001486,id_001467,sar,sar/sar_001486.tif
sar_001487,id_001468,sar,sar/sar_001487.tif
sar_001488,id_001469,sar,sar/sar_001488.tif
sar_001489,id_001470,sar,sar/sar_001489.tif
sar_001490,id_001471,sar,sar/sar_001490.tif
sar_001491,id_001472,sar,sar/sar_001491.tif
sar_001492,id_001473,sar,sar/sar_001492.tif
sar_001493,id_001474,sar,sar/sar_001493.tif
sar_001494,id_001475,sar,sar/sar_001494.tif
sar_001495,id_001476,sar,sar/sar_001495.tif
sar_001496,id_001477,sar,sar/sar_001496.tif
sar_001497,id_001478,sar,sar/sar_001497.tif
sar_001498,id_001479,sar,sar/sar_001498.tif
sar_001499,id_001480,sar,sar/sar_001499.tif
sar_001500,id_001481,sar,sar/sar_001500.tif
sar_001501,id_001482,sar,sar/sar_001501.tif
sar_001502,id_001483,sar,sar/sar_001502.tif
sar_001503,id_001484,sar,sar/sar_001503.tif
sar_001504,id_001485,sar,sar/sar_001504.tif
sar_001505,id_001486,sar,sar/sar_001505.tif
sar_001506,id_001487,sar,sar/sar_001506.tif
sar_001507,id_001488,sar,sar/sar_001507.tif
sar_001508,id_001489,sar,sar/sar_001508.tif
sar_001509,id_001490,sar,sar/sar_001509.tif
sar_001510,id_001491,sar,sar/sar_001510.tif
sar_001511,id_001491,sar,sar/sar_001511.tif
sar_001512,id_001492,sar,sar/sar_001512.tif
sar_001513,id_001493,sar,sar/sar_001513.tif
sar_001514,id_001494,sar,sar/sar_001514.tif
sar_001515,id_001495,sar,sar/sar_001515.tif
sar_001516,id_001496,sar,sar/sar_001516.tif
sar_001517,id_001497,sar,sar/sar_001517.tif
sar_001518,id_001498,sar,sar/sar_001518.tif
sar_001519,id_001499,sar,sar/sar_001519.tif
sar_001520,id_001500,sar,sar/sar_001520.tif
sar_001521,id_001501,sar,sar/sar_001521.tif
sar_001522,id_001502,sar,sar/sar_001522.tif
sar_001523,id_001503,sar,sar/sar_001523.tif
sar_001524,id_001504,sar,sar/sar_001524.tif
sar_001525,id_001505,sar,sar/sar_001525.tif
sar_001526,id_001506,sar,sar/sar_001526.tif
sar_001527,id_001507,sar,sar/sar_001527.tif
sar_001528,id_001508,sar,sar/sar_001528.tif
sar_001529,id_001509,sar,sar/sar_001529.tif
sar_001530,id_001510,sar,sar/sar_001530.tif
sar_001531,id_001511,sar,sar/sar_001531.tif
sar_001532,id_001512,sar,sar/sar_001532.tif
sar_001533,id_001513,sar,sar/sar_001533.tif
sar_001534,id_001514,sar,sar/sar_001534.tif
sar_001535,id_001514,sar,sar/sar_001535.tif
sar_001536,id_001515,sar,sar/sar_001536.tif
sar_001537,id_001516,sar,sar/sar_001537.tif
sar_001538,id_001517,sar,sar/sar_001538.tif
sar_001539,id_001518,sar,sar/sar_001539.tif
sar_001540,id_001519,sar,sar/sar_001540.tif
sar_001541,id_001520,sar,sar/sar_001541.tif
sar_001542,id_001521,sar,sar/sar_001542.tif
sar_001543,id_001522,sar,sar/sar_001543.tif
sar_001544,id_001523,sar,sar/sar_001544.tif
sar_001545,id_001524,sar,sar/sar_001545.tif
sar_001546,id_001525,sar,sar/sar_001546.tif
sar_001547,id_001526,sar,sar/sar_001547.tif
sar_001548,id_001527,sar,sar/sar_001548.tif
sar_001549,id_001528,sar,sar/sar_001549.tif
sar_001550,id_001529,sar,sar/sar_001550.tif
sar_001551,id_001530,sar,sar/sar_001551.tif
sar_001552,id_001531,sar,sar/sar_001552.tif
sar_001553,id_001532,sar,sar/sar_001553.tif
sar_001554,id_001533,sar,sar/sar_001554.tif
sar_001555,id_001534,sar,sar/sar_001555.tif
sar_001556,id_001535,sar,sar/sar_001556.tif
sar_001557,id_001536,sar,sar/sar_001557.tif
sar_001558,id_001537,sar,sar/sar_001558.tif
sar_001559,id_001538,sar,sar/sar_001559.tif
sar_001560,id_001539,sar,sar/sar_001560.tif
sar_001561,id_001540,sar,sar/sar_001561.tif
sar_001562,id_001541,sar,sar/sar_001562.tif
sar_001563,id_001542,sar,sar/sar_001563.tif
sar_001564,id_001543,sar,sar/sar_001564.tif
sar_001565,id_001544,sar,sar/sar_001565.tif
sar_001566,id_001545,sar,sar/sar_001566.tif
sar_001567,id_001546,sar,sar/sar_001567.tif
sar_001568,id_001547,sar,sar/sar_001568.tif
sar_001569,id_001548,sar,sar/sar_001569.tif
sar_001570,id_001549,sar,sar/sar_001570.tif
sar_001571,id_001550,sar,sar/sar_001571.tif
sar_001572,id_001551,sar,sar/sar_001572.tif
sar_001573,id_001552,sar,sar/sar_001573.tif
sar_001574,id_001553,sar,sar/sar_001574.tif
sar_001575,id_001554,sar,sar/sar_001575.tif
sar_001576,id_001555,sar,sar/sar_001576.tif
sar_001577,id_001556,sar,sar/sar_001577.tif
sar_001578,id_001557,sar,sar/sar_001578.tif
sar_001579,id_001558,sar,sar/sar_001579.tif
sar_001580,id_001559,sar,sar/sar_001580.tif
sar_001581,id_001560,sar,sar/sar_001581.tif
sar_001582,id_001561,sar,sar/sar_001582.tif
sar_001583,id_001562,sar,sar/sar_001583.tif
sar_001584,id_001563,sar,sar/sar_001584.tif
sar_001585,id_001564,sar,sar/sar_001585.tif
sar_001586,id_001565,sar,sar/sar_001586.tif
sar_001587,id_001566,sar,sar/sar_001587.tif
sar_001588,id_001567,sar,sar/sar_001588.tif
sar_001589,id_001568,sar,sar/sar_001589.tif
sar_001590,id_001569,sar,sar/sar_001590.tif
sar_001591,id_001570,sar,sar/sar_001591.tif
sar_001592,id_001571,sar,sar/sar_001592.tif
sar_001593,id_001572,sar,sar/sar_001593.tif
sar_001594,id_001573,sar,sar/sar_001594.tif
sar_001595,id_001574,sar,sar/sar_001595.tif
sar_001596,id_001574,sar,sar/sar_001596.tif
sar_001597,id_001575,sar,sar/sar_001597.tif
sar_001598,id_001576,sar,sar/sar_001598.tif
sar_001599,id_001577,sar,sar/sar_001599.tif
sar_001600,id_001577,sar,sar/sar_001600.tif
sar_001601,id_001578,sar,sar/sar_001601.tif
sar_001602,id_001579,sar,sar/sar_001602.tif
sar_001603,id_001580,sar,sar/sar_001603.tif
sar_001604,id_001581,sar,sar/sar_001604.tif
sar_001605,id_001582,sar,sar/sar_001605.tif
sar_001606,id_001583,sar,sar/sar_001606.tif
sar_001607,id_001584,sar,sar/sar_001607.tif
sar_001608,id_001585,sar,sar/sar_001608.tif
sar_001609,id_001586,sar,sar/sar_001609.tif
sar_001610,id_001587,sar,sar/sar_001610.tif
sar_001611,id_001588,sar,sar/sar_001611.tif
sar_001612,id_001589,sar,sar/sar_001612.tif
sar_001613,id_001590,sar,sar/sar_001613.tif
sar_001614,id_001591,sar,sar/sar_001614.tif
sar_001615,id_001592,sar,sar/sar_001615.tif
sar_001616,id_001593,sar,sar/sar_001616.tif
sar_001617,id_001594,sar,sar/sar_001617.tif
sar_001618,id_001595,sar,sar/sar_001618.tif
sar_001619,id_001596,sar,sar/sar_001619.tif
sar_001620,id_001597,sar,sar/sar_001620.tif
sar_001621,id_001598,sar,sar/sar_001621.tif
sar_001622,id_001599,sar,sar/sar_001622.tif
sar_001623,id_001600,sar,sar/sar_001623.tif
sar_001624,id_001601,sar,sar/sar_001624.tif
sar_001625,id_001602,sar,sar/sar_001625.tif
sar_001626,id_001603,sar,sar/sar_001626.tif
sar_001627,id_001604,sar,sar/sar_001627.tif
sar_001628,id_001605,sar,sar/sar_001628.tif
sar_001629,id_001606,sar,sar/sar_001629.tif
sar_001630,id_001607,sar,sar/sar_001630.tif
sar_001631,id_001608,sar,sar/sar_001631.tif
sar_001632,id_001609,sar,sar/sar_001632.tif
sar_001633,id_001610,sar,sar/sar_001633.tif
sar_001634,id_001611,sar,sar/sar_001634.tif
sar_001635,id_001612,sar,sar/sar_001635.tif
sar_001636,id_001613,sar,sar/sar_001636.tif
sar_001637,id_001614,sar,sar/sar_001637.tif
sar_001638,id_001615,sar,sar/sar_001638.tif
sar_001639,id_001616,sar,sar/sar_001639.tif
sar_001640,id_001617,sar,sar/sar_001640.tif
sar_001641,id_001618,sar,sar/sar_001641.tif
sar_001642,id_001619,sar,sar/sar_001642.tif
sar_001643,id_001620,sar,sar/sar_001643.tif
sar_001644,id_001621,sar,sar/sar_001644.tif
sar_001645,id_001622,sar,sar/sar_001645.tif
sar_001646,id_001623,sar,sar/sar_001646.tif
sar_001647,id_001624,sar,sar/sar_001647.tif
sar_001648,id_001625,sar,sar/sar_001648.tif
sar_001649,id_001626,sar,sar/sar_001649.tif
sar_001650,id_001626,sar,sar/sar_001650.tif
sar_001651,id_001627,sar,sar/sar_001651.tif
sar_001652,id_001628,sar,sar/sar_001652.tif
sar_001653,id_001629,sar,sar/sar_001653.tif
sar_001654,id_001630,sar,sar/sar_001654.tif
sar_001655,id_001631,sar,sar/sar_001655.tif
sar_001656,id_001632,sar,sar/sar_001656.tif
sar_001657,id_001633,sar,sar/sar_001657.tif
sar_001658,id_001634,sar,sar/sar_001658.tif
sar_001659,id_001635,sar,sar/sar_001659.tif
sar_001660,id_001636,sar,sar/sar_001660.tif
sar_001661,id_001637,sar,sar/sar_001661.tif
sar_001662,id_001638,sar,sar/sar_001662.tif
sar_001663,id_001639,sar,sar/sar_001663.tif
sar_001664,id_001640,sar,sar/sar_001664.tif
sar_001665,id_001641,sar,sar/sar_001665.tif
sar_001666,id_001642,sar,sar/sar_001666.tif
sar_001667,id_001643,sar,sar/sar_001667.tif
sar_001668,id_001644,sar,sar/sar_001668.tif
sar_001669,id_001645,sar,sar/sar_001669.tif
sar_001670,id_001646,sar,sar/sar_001670.tif
sar_001671,id_001647,sar,sar/sar_001671.tif
sar_001672,id_001648,sar,sar/sar_001672.tif
sar_001673,id_001649,sar,sar/sar_001673.tif
sar_001674,id_001650,sar,sar/sar_001674.tif
sar_001675,id_001651,sar,sar/sar_001675.tif
sar_001676,id_001652,sar,sar/sar_001676.tif
sar_001677,id_001653,sar,sar/sar_001677.tif
sar_001678,id_001654,sar,sar/sar_001678.tif
sar_001679,id_001655,sar,sar/sar_001679.tif
sar_001680,id_001656,sar,sar/sar_001680.tif
sar_001681,id_001657,sar,sar/sar_001681.tif
sar_001682,id_001658,sar,sar/sar_001682.tif
sar_001683,id_001659,sar,sar/sar_001683.tif
sar_001684,id_001660,sar,sar/sar_001684.tif
sar_001685,id_001661,sar,sar/sar_001685.tif
sar_001686,id_001662,sar,sar/sar_001686.tif
sar_001687,id_001663,sar,sar/sar_001687.tif
sar_001688,id_001664,sar,sar/sar_001688.tif
sar_001689,id_001665,sar,sar/sar_001689.tif
sar_001690,id_001666,sar,sar/sar_001690.tif
sar_001691,id_001667,sar,sar/sar_001691.tif
sar_001692,id_001668,sar,sar/sar_001692.tif
sar_001693,id_001669,sar,sar/sar_001693.tif
sar_001694,id_001670,sar,sar/sar_001694.tif
sar_001695,id_001671,sar,sar/sar_001695.tif
sar_001696,id_001672,sar,sar/sar_001696.tif
sar_001697,id_001673,sar,sar/sar_001697.tif
sar_001698,id_001674,sar,sar/sar_001698.tif
sar_001699,id_001675,sar,sar/sar_001699.tif
sar_001700,id_001676,sar,sar/sar_001700.tif
sar_001701,id_001677,sar,sar/sar_001701.tif
sar_001702,id_001678,sar,sar/sar_001702.tif
sar_001703,id_001679,sar,sar/sar_001703.tif
sar_001704,id_001680,sar,sar/sar_001704.tif
sar_001705,id_001681,sar,sar/sar_001705.tif
sar_001706,id_001682,sar,sar/sar_001706.tif
sar_001707,id_001683,sar,sar/sar_001707.tif
sar_001708,id_001684,sar,sar/sar_001708.tif
sar_001709,id_001685,sar,sar/sar_001709.tif
sar_001710,id_001686,sar,sar/sar_001710.tif
sar_001711,id_001687,sar,sar/sar_001711.tif
sar_001712,id_001688,sar,sar/sar_001712.tif
sar_001713,id_001689,sar,sar/sar_001713.tif
sar_001714,id_001690,sar,sar/sar_001714.tif
sar_001715,id_001691,sar,sar/sar_001715.tif
sar_001716,id_001692,sar,sar/sar_001716.tif
sar_001717,id_001693,sar,sar/sar_001717.tif
sar_001718,id_001694,sar,sar/sar_001718.tif
sar_001719,id_001695,sar,sar/sar_001719.tif
sar_001720,id_001696,sar,sar/sar_001720.tif
sar_001721,id_001697,sar,sar/sar_001721.tif
sar_001722,id_001698,sar,sar/sar_001722.tif
sar_001723,id_001699,sar,sar/sar_001723.tif
sar_001724,id_001700,sar,sar/sar_001724.tif
sar_001725,id_001701,sar,sar/sar_001725.tif
sar_001726,id_001702,sar,sar/sar_001726.tif
sar_001727,id_001703,sar,sar/sar_001727.tif
sar_001728,id_001704,sar,sar/sar_001728.tif
sar_001729,id_001705,sar,sar/sar_001729.tif
sar_001730,id_001706,sar,sar/sar_001730.tif
sar_001731,id_001707,sar,sar/sar_001731.tif
sar_001732,id_001708,sar,sar/sar_001732.tif
sar_001733,id_001709,sar,sar/sar_001733.tif
sar_001734,id_001710,sar,sar/sar_001734.tif
sar_001735,id_001711,sar,sar/sar_001735.tif
sar_001736,id_001712,sar,sar/sar_001736.tif
sar_001737,id_001713,sar,sar/sar_001737.tif
sar_001738,id_001714,sar,sar/sar_001738.tif
sar_001739,id_001715,sar,sar/sar_001739.tif
sar_001740,id_001716,sar,sar/sar_001740.tif
sar_001741,id_001717,sar,sar/sar_001741.tif
sar_001742,id_001718,sar,sar/sar_001742.tif
sar_001743,id_001719,sar,sar/sar_001743.tif
sar_001744,id_001720,sar,sar/sar_001744.tif
sar_001745,id_001721,sar,sar/sar_001745.tif
sar_001746,id_001722,sar,sar/sar_001746.tif
sar_001747,id_001723,sar,sar/sar_001747.tif
sar_001748,id_001724,sar,sar/sar_001748.tif
sar_001749,id_001725,sar,sar/sar_001749.tif
sar_001750,id_001726,sar,sar/sar_001750.tif
sar_001751,id_001727,sar,sar/sar_001751.tif
sar_001752,id_001728,sar,sar/sar_001752.tif
sar_001753,id_001729,sar,sar/sar_001753.tif
sar_001754,id_001730,sar,sar/sar_001754.tif
sar_001755,id_001731,sar,sar/sar_001755.tif
sar_001756,id_001732,sar,sar/sar_001756.tif
sar_001757,id_001733,sar,sar/sar_001757.tif
sar_001758,id_001734,sar,sar/sar_001758.tif
sar_001759,id_001735,sar,sar/sar_001759.tif
sar_001760,id_001736,sar,sar/sar_001760.tif
sar_001761,id_001737,sar,sar/sar_001761.tif
sar_001762,id_001738,sar,sar/sar_001762.tif
sar_001763,id_001739,sar,sar/sar_001763.tif
sar_001764,id_001740,sar,sar/sar_001764.tif
sar_001765,id_001741,sar,sar/sar_001765.tif
sar_001766,id_001742,sar,sar/sar_001766.tif
sar_001767,id_001743,sar,sar/sar_001767.tif
sar_001768,id_001744,sar,sar/sar_001768.tif
sar_001769,id_001745,sar,sar/sar_001769.tif
sar_001770,id_001746,sar,sar/sar_001770.tif
sar_001771,id_001747,sar,sar/sar_001771.tif
sar_001772,id_001748,sar,sar/sar_001772.tif
sar_001773,id_001749,sar,sar/sar_001773.tif
sar_001774,id_001750,sar,sar/sar_001774.tif
sar_001775,id_001751,sar,sar/sar_001775.tif
sar_001776,id_001752,sar,sar/sar_001776.tif
sar_001777,id_001753,sar,sar/sar_001777.tif
sar_001778,id_001754,sar,sar/sar_001778.tif
sar_001779,id_001755,sar,sar/sar_001779.tif
sar_001780,id_001756,sar,sar/sar_001780.tif
sar_001781,id_001757,sar,sar/sar_001781.tif
sar_001782,id_001758,sar,sar/sar_001782.tif
sar_001783,id_001759,sar,sar/sar_001783.tif
sar_001784,id_001760,sar,sar/sar_001784.tif
sar_001785,id_001761,sar,sar/sar_001785.tif
sar_001786,id_001762,sar,sar/sar_001786.tif
sar_001787,id_001763,sar,sar/sar_001787.tif
sar_001788,id_001764,sar,sar/sar_001788.tif
sar_001789,id_001765,sar,sar/sar_001789.tif
sar_001790,id_001766,sar,sar/sar_001790.tif
sar_001791,id_001767,sar,sar/sar_001791.tif
sar_001792,id_001768,sar,sar/sar_001792.tif
sar_001793,id_001769,sar,sar/sar_001793.tif
sar_001794,id_001770,sar,sar/sar_001794.tif
sar_001795,id_001771,sar,sar/sar_001795.tif
sar_001796,id_001772,sar,sar/sar_001796.tif
sar_001797,id_001773,sar,sar/sar_001797.tif
sar_001798,id_001774,sar,sar/sar_001798.tif
sar_001799,id_001775,sar,sar/sar_001799.tif
sar_001800,id_001776,sar,sar/sar_001800.tif
sar_001801,id_001777,sar,sar/sar_001801.tif
sar_001802,id_001778,sar,sar/sar_001802.tif
sar_001803,id_001779,sar,sar/sar_001803.tif
sar_001804,id_001780,sar,sar/sar_001804.tif
sar_001805,id_001781,sar,sar/sar_001805.tif
sar_001806,id_001782,sar,sar/sar_001806.tif
sar_001807,id_001783,sar,sar/sar_001807.tif
sar_001808,id_001784,sar,sar/sar_001808.tif
sar_001809,id_001785,sar,sar/sar_001809.tif
sar_001810,id_001786,sar,sar/sar_001810.tif
sar_001811,id_001787,sar,sar/sar_001811.tif
sar_001812,id_001788,sar,sar/sar_001812.tif
sar_001813,id_001789,sar,sar/sar_001813.tif
sar_001814,id_001790,sar,sar/sar_001814.tif
sar_001815,id_001791,sar,sar/sar_001815.tif
sar_001816,id_001792,sar,sar/sar_001816.tif
sar_001817,id_001793,sar,sar/sar_001817.tif
sar_001818,id_001794,sar,sar/sar_001818.tif
sar_001819,id_001795,sar,sar/sar_001819.tif
sar_001820,id_001796,sar,sar/sar_001820.tif
sar_001821,id_001797,sar,sar/sar_001821.tif
sar_001822,id_001798,sar,sar/sar_001822.tif
sar_001823,id_001799,sar,sar/sar_001823.tif
sar_001824,id_001800,sar,sar/sar_001824.tif
sar_001825,id_001801,sar,sar/sar_001825.tif
sar_001826,id_001802,sar,sar/sar_001826.tif
sar_001827,id_001803,sar,sar/sar_001827.tif
sar_001828,id_001804,sar,sar/sar_001828.tif
sar_001829,id_001805,sar,sar/sar_001829.tif
sar_001830,id_001806,sar,sar/sar_001830.tif
sar_001831,id_001807,sar,sar/sar_001831.tif
sar_001832,id_001808,sar,sar/sar_001832.tif
sar_001833,id_001808,sar,sar/sar_001833.tif
sar_001834,id_001809,sar,sar/sar_001834.tif
sar_001835,id_001810,sar,sar/sar_001835.tif
sar_001836,id_001811,sar,sar/sar_001836.tif
sar_001837,id_001812,sar,sar/sar_001837.tif
sar_001838,id_001813,sar,sar/sar_001838.tif
sar_001839,id_001814,sar,sar/sar_001839.tif
sar_001840,id_001815,sar,sar/sar_001840.tif
sar_001841,id_001816,sar,sar/sar_001841.tif
sar_001842,id_001817,sar,sar/sar_001842.tif
sar_001843,id_001818,sar,sar/sar_001843.tif
sar_001844,id_001819,sar,sar/sar_001844.tif
sar_001845,id_001820,sar,sar/sar_001845.tif
sar_001846,id_001821,sar,sar/sar_001846.tif
sar_001847,id_001822,sar,sar/sar_001847.tif
sar_001848,id_001823,sar,sar/sar_001848.tif
sar_001849,id_001824,sar,sar/sar_001849.tif
sar_001850,id_001825,sar,sar/sar_001850.tif
sar_001851,id_001826,sar,sar/sar_001851.tif
sar_001852,id_001827,sar,sar/sar_001852.tif
sar_001853,id_001828,sar,sar/sar_001853.tif
sar_001854,id_001829,sar,sar/sar_001854.tif
sar_001855,id_001830,sar,sar/sar_001855.tif
sar_001856,id_001831,sar,sar/sar_001856.tif
sar_001857,id_001832,sar,sar/sar_001857.tif
sar_001858,id_001833,sar,sar/sar_001858.tif
sar_001859,id_001834,sar,sar/sar_001859.tif
sar_001860,id_001835,sar,sar/sar_001860.tif
sar_001861,id_001836,sar,sar/sar_001861.tif
sar_001862,id_001837,sar,sar/sar_001862.tif
sar_001863,id_001838,sar,sar/sar_001863.tif
sar_001864,id_001839,sar,sar/sar_001864.tif
sar_001865,id_001840,sar,sar/sar_001865.tif
sar_001866,id_001841,sar,sar/sar_001866.tif
sar_001867,id_001842,sar,sar/sar_001867.tif
sar_001868,id_001843,sar,sar/sar_001868.tif
sar_001869,id_001844,sar,sar/sar_001869.tif
sar_001870,id_001845,sar,sar/sar_001870.tif
sar_001871,id_001846,sar,sar/sar_001871.tif
sar_001872,id_001847,sar,sar/sar_001872.tif
sar_001873,id_001848,sar,sar/sar_001873.tif
sar_001874,id_001849,sar,sar/sar_001874.tif
sar_001875,id_001850,sar,sar/sar_001875.tif
sar_001876,id_001851,sar,sar/sar_001876.tif
sar_001877,id_001852,sar,sar/sar_001877.tif
sar_001878,id_001853,sar,sar/sar_001878.tif
sar_001879,id_001854,sar,sar/sar_001879.tif
sar_001880,id_001855,sar,sar/sar_001880.tif
sar_001881,id_001856,sar,sar/sar_001881.tif
sar_001882,id_001857,sar,sar/sar_001882.tif
sar_001883,id_001858,sar,sar/sar_001883.tif
sar_001884,id_001859,sar,sar/sar_001884.tif
sar_001885,id_001860,sar,sar/sar_001885.tif
sar_001886,id_001861,sar,sar/sar_001886.tif
sar_001887,id_001862,sar,sar/sar_001887.tif
sar_001888,id_001863,sar,sar/sar_001888.tif
sar_001889,id_001864,sar,sar/sar_001889.tif
sar_001890,id_001865,sar,sar/sar_001890.tif
sar_001891,id_001866,sar,sar/sar_001891.tif
sar_001892,id_001867,sar,sar/sar_001892.tif
sar_001893,id_001868,sar,sar/sar_001893.tif
sar_001894,id_001868,sar,sar/sar_001894.tif
sar_001895,id_001869,sar,sar/sar_001895.tif
sar_001896,id_001870,sar,sar/sar_001896.tif
sar_001897,id_001871,sar,sar/sar_001897.tif
sar_001898,id_001872,sar,sar/sar_001898.tif
sar_001899,id_001873,sar,sar/sar_001899.tif
sar_001900,id_001874,sar,sar/sar_001900.tif
sar_001901,id_001875,sar,sar/sar_001901.tif
sar_001902,id_001876,sar,sar/sar_001902.tif
sar_001903,id_001877,sar,sar/sar_001903.tif
sar_001904,id_001878,sar,sar/sar_001904.tif
sar_001905,id_001879,sar,sar/sar_001905.tif
sar_001906,id_001880,sar,sar/sar_001906.tif
sar_001907,id_001881,sar,sar/sar_001907.tif
sar_001908,id_001882,sar,sar/sar_001908.tif
sar_001909,id_001883,sar,sar/sar_001909.tif
sar_001910,id_001884,sar,sar/sar_001910.tif
sar_001911,id_001885,sar,sar/sar_001911.tif
sar_001912,id_001886,sar,sar/sar_001912.tif
sar_001913,id_001887,sar,sar/sar_001913.tif
sar_001914,id_001888,sar,sar/sar_001914.tif
sar_001915,id_001889,sar,sar/sar_001915.tif
sar_001916,id_001890,sar,sar/sar_001916.tif
sar_001917,id_001891,sar,sar/sar_001917.tif
sar_001918,id_001892,sar,sar/sar_001918.tif
sar_001919,id_001893,sar,sar/sar_001919.tif
sar_001920,id_001894,sar,sar/sar_001920.tif
sar_001921,id_001895,sar,sar/sar_001921.tif
sar_001922,id_001896,sar,sar/sar_001922.tif
sar_001923,id_001897,sar,sar/sar_001923.tif
sar_001924,id_001898,sar,sar/sar_001924.tif
sar_001925,id_001899,sar,sar/sar_001925.tif
sar_001926,id_001900,sar,sar/sar_001926.tif
sar_001927,id_001901,sar,sar/sar_001927.tif
sar_001928,id_001902,sar,sar/sar_001928.tif
sar_001929,id_001903,sar,sar/sar_001929.tif
sar_001930,id_001904,sar,sar/sar_001930.tif
sar_001931,id_001905,sar,sar/sar_001931.tif
sar_001932,id_001906,sar,sar/sar_001932.tif
sar_001933,id_001907,sar,sar/sar_001933.tif
sar_001934,id_001908,sar,sar/sar_001934.tif
sar_001935,id_001909,sar,sar/sar_001935.tif
sar_001936,id_001910,sar,sar/sar_001936.tif
sar_001937,id_001911,sar,sar/sar_001937.tif
sar_001938,id_001912,sar,sar/sar_001938.tif
sar_001939,id_001913,sar,sar/sar_001939.tif
sar_001940,id_001914,sar,sar/sar_001940.tif
sar_001941,id_001915,sar,sar/sar_001941.tif
sar_001942,id_001915,sar,sar/sar_001942.tif
sar_001943,id_001916,sar,sar/sar_001943.tif
sar_001944,id_001917,sar,sar/sar_001944.tif
sar_001945,id_001917,sar,sar/sar_001945.tif
sar_001946,id_001918,sar,sar/sar_001946.tif
sar_001947,id_001919,sar,sar/sar_001947.tif
sar_001948,id_001920,sar,sar/sar_001948.tif
sar_001949,id_001921,sar,sar/sar_001949.tif
sar_001950,id_001922,sar,sar/sar_001950.tif
sar_001951,id_001922,sar,sar/sar_001951.tif
sar_001952,id_001923,sar,sar/sar_001952.tif
sar_001953,id_001924,sar,sar/sar_001953.tif
sar_001954,id_001925,sar,sar/sar_001954.tif
sar_001955,id_001926,sar,sar/sar_001955.tif
sar_001956,id_001927,sar,sar/sar_001956.tif
sar_001957,id_001928,sar,sar/sar_001957.tif
sar_001958,id_001929,sar,sar/sar_001958.tif
sar_001959,id_001930,sar,sar/sar_001959.tif
sar_001960,id_001931,sar,sar/sar_001960.tif
sar_001961,id_001932,sar,sar/sar_001961.tif
sar_001962,id_001933,sar,sar/sar_001962.tif
sar_001963,id_001934,sar,sar/sar_001963.tif
sar_001964,id_001935,sar,sar/sar_001964.tif
sar_001965,id_001936,sar,sar/sar_001965.tif
sar_001966,id_001937,sar,sar/sar_001966.tif
sar_001967,id_001938,sar,sar/sar_001967.tif
sar_001968,id_001939,sar,sar/sar_001968.tif
sar_001969,id_001940,sar,sar/sar_001969.tif
sar_001970,id_001941,sar,sar/sar_001970.tif
sar_001971,id_001942,sar,sar/sar_001971.tif
sar_001972,id_001943,sar,sar/sar_001972.tif
sar_001973,id_001944,sar,sar/sar_001973.tif
sar_001974,id_001945,sar,sar/sar_001974.tif
sar_001975,id_001946,sar,sar/sar_001975.tif
sar_001976,id_001946,sar,sar/sar_001976.tif
sar_001977,id_001947,sar,sar/sar_001977.tif
sar_001978,id_001948,sar,sar/sar_001978.tif
sar_001979,id_001949,sar,sar/sar_001979.tif
sar_001980,id_001950,sar,sar/sar_001980.tif
sar_001981,id_001951,sar,sar/sar_001981.tif
sar_001982,id_001952,sar,sar/sar_001982.tif
sar_001983,id_001953,sar,sar/sar_001983.tif
sar_001984,id_001954,sar,sar/sar_001984.tif
sar_001985,id_001955,sar,sar/sar_001985.tif
sar_001986,id_001956,sar,sar/sar_001986.tif
sar_001987,id_001957,sar,sar/sar_001987.tif
sar_001988,id_001958,sar,sar/sar_001988.tif
sar_001989,id_001959,sar,sar/sar_001989.tif
sar_001990,id_001960,sar,sar/sar_001990.tif
sar_001991,id_001961,sar,sar/sar_001991.tif
sar_001992,id_001962,sar,sar/sar_001992.tif
sar_001993,id_001963,sar,sar/sar_001993.tif
sar_001994,id_001964,sar,sar/sar_001994.tif
sar_001995,id_001965,sar,sar/sar_001995.tif
sar_001996,id_001966,sar,sar/sar_001996.tif
sar_001997,id_001967,sar,sar/sar_001997.tif
sar_001998,id_001968,sar,sar/sar_001998.tif
sar_001999,id_001969,sar,sar/sar_001999.tif
sar_002000,id_001970,sar,sar/sar_002000.tif
sar_002001,id_001971,sar,sar/sar_002001.tif
sar_002002,id_001972,sar,sar/sar_002002.tif
sar_002003,id_001973,sar,sar/sar_002003.tif
sar_002004,id_001974,sar,sar/sar_002004.tif
sar_002005,id_001975,sar,sar/sar_002005.tif
sar_002006,id_001976,sar,sar/sar_002006.tif
sar_002007,id_001977,sar,sar/sar_002007.tif
sar_002008,id_001978,sar,sar/sar_002008.tif
sar_002009,id_001979,sar,sar/sar_002009.tif
sar_002010,id_001980,sar,sar/sar_002010.tif
sar_002011,id_001981,sar,sar/sar_002011.tif
sar_002012,id_001982,sar,sar/sar_002012.tif
sar_002013,id_001983,sar,sar/sar_002013.tif
sar_002014,id_001984,sar,sar/sar_002014.tif
sar_002015,id_001985,sar,sar/sar_002015.tif
sar_002016,id_001986,sar,sar/sar_002016.tif
sar_002017,id_001987,sar,sar/sar_002017.tif
sar_002018,id_001988,sar,sar/sar_002018.tif
sar_002019,id_001989,sar,sar/sar_002019.tif
sar_002020,id_001990,sar,sar/sar_002020.tif
sar_002021,id_001991,sar,sar/sar_002021.tif
sar_002022,id_001992,sar,sar/sar_002022.tif
sar_002023,id_001993,sar,sar/sar_002023.tif
sar_002024,id_001994,sar,sar/sar_002024.tif
sar_002025,id_001995,sar,sar/sar_002025.tif
sar_002026,id_001996,sar,sar/sar_002026.tif
sar_002027,id_001997,sar,sar/sar_002027.tif
sar_002028,id_001997,sar,sar/sar_002028.tif
sar_002029,id_001998,sar,sar/sar_002029.tif
sar_002030,id_001999,sar,sar/sar_002030.tif
sar_002031,id_002000,sar,sar/sar_002031.tif
sar_002032,id_002001,sar,sar/sar_002032.tif
sar_002033,id_002002,sar,sar/sar_002033.tif
sar_002034,id_002003,sar,sar/sar_002034.tif
sar_002035,id_002004,sar,sar/sar_002035.tif
sar_002036,id_002005,sar,sar/sar_002036.tif
sar_002037,id_002006,sar,sar/sar_002037.tif
sar_002038,id_002007,sar,sar/sar_002038.tif
sar_002039,id_002008,sar,sar/sar_002039.tif
sar_002040,id_002009,sar,sar/sar_002040.tif
sar_002041,id_002010,sar,sar/sar_002041.tif
sar_002042,id_002011,sar,sar/sar_002042.tif
sar_002043,id_002012,sar,sar/sar_002043.tif
sar_002044,id_002013,sar,sar/sar_002044.tif
sar_002045,id_002014,sar,sar/sar_002045.tif
sar_002046,id_002015,sar,sar/sar_002046.tif
sar_002047,id_002015,sar,sar/sar_002047.tif
sar_002048,id_002016,sar,sar/sar_002048.tif
sar_002049,id_002017,sar,sar/sar_002049.tif
sar_002050,id_002018,sar,sar/sar_002050.tif
sar_002051,id_002019,sar,sar/sar_002051.tif
sar_002052,id_002020,sar,sar/sar_002052.tif
sar_002053,id_002021,sar,sar/sar_002053.tif
sar_002054,id_002022,sar,sar/sar_002054.tif
sar_002055,id_002023,sar,sar/sar_002055.tif
sar_002056,id_002024,sar,sar/sar_002056.tif
sar_002057,id_002025,sar,sar/sar_002057.tif
sar_002058,id_002026,sar,sar/sar_002058.tif
sar_002059,id_002027,sar,sar/sar_002059.tif
sar_002060,id_002028,sar,sar/sar_002060.tif
sar_002061,id_002029,sar,sar/sar_002061.tif
sar_002062,id_002030,sar,sar/sar_002062.tif
sar_002063,id_002031,sar,sar/sar_002063.tif
sar_002064,id_002032,sar,sar/sar_002064.tif
sar_002065,id_002033,sar,sar/sar_002065.tif
sar_002066,id_002034,sar,sar/sar_002066.tif
sar_002067,id_002035,sar,sar/sar_002067.tif
sar_002068,id_002036,sar,sar/sar_002068.tif
sar_002069,id_002037,sar,sar/sar_002069.tif
sar_002070,id_002038,sar,sar/sar_002070.tif
sar_002071,id_002039,sar,sar/sar_002071.tif
sar_002072,id_002040,sar,sar/sar_002072.tif
sar_002073,id_002041,sar,sar/sar_002073.tif
sar_002074,id_002042,sar,sar/sar_002074.tif
sar_002075,id_002043,sar,sar/sar_002075.tif
sar_002076,id_002044,sar,sar/sar_002076.tif
sar_002077,id_002045,sar,sar/sar_002077.tif
sar_002078,id_002046,sar,sar/sar_002078.tif
sar_002079,id_002047,sar,sar/sar_002079.tif
sar_002080,id_002048,sar,sar/sar_002080.tif
sar_002081,id_002049,sar,sar/sar_002081.tif
sar_002082,id_002050,sar,sar/sar_002082.tif
sar_002083,id_002051,sar,sar/sar_002083.tif
sar_002084,id_002052,sar,sar/sar_002084.tif
sar_002085,id_002053,sar,sar/sar_002085.tif
sar_002086,id_002054,sar,sar/sar_002086.tif
sar_002087,id_002055,sar,sar/sar_002087.tif
sar_002088,id_002056,sar,sar/sar_002088.tif
sar_002089,id_002057,sar,sar/sar_002089.tif
sar_002090,id_002058,sar,sar/sar_002090.tif
sar_002091,id_002059,sar,sar/sar_002091.tif
sar_002092,id_002060,sar,sar/sar_002092.tif
sar_002093,id_002061,sar,sar/sar_002093.tif
sar_002094,id_002062,sar,sar/sar_002094.tif
sar_002095,id_002063,sar,sar/sar_002095.tif
sar_002096,id_002064,sar,sar/sar_002096.tif
sar_002097,id_002065,sar,sar/sar_002097.tif
sar_002098,id_002066,sar,sar/sar_002098.tif
sar_002099,id_002067,sar,sar/sar_002099.tif
sar_002100,id_002068,sar,sar/sar_002100.tif
sar_002101,id_002069,sar,sar/sar_002101.tif
sar_002102,id_002070,sar,sar/sar_002102.tif
sar_002103,id_002071,sar,sar/sar_002103.tif
sar_002104,id_002072,sar,sar/sar_002104.tif
sar_002105,id_002073,sar,sar/sar_002105.tif
sar_002106,id_002074,sar,sar/sar_002106.tif
sar_002107,id_002075,sar,sar/sar_002107.tif
sar_002108,id_002076,sar,sar/sar_002108.tif
sar_002109,id_002077,sar,sar/sar_002109.tif
sar_002110,id_002078,sar,sar/sar_002110.tif
sar_002111,id_002079,sar,sar/sar_002111.tif
sar_002112,id_002080,sar,sar/sar_002112.tif
sar_002113,id_002081,sar,sar/sar_002113.tif
sar_002114,id_002082,sar,sar/sar_002114.tif
sar_002115,id_002083,sar,sar/sar_002115.tif
sar_002116,id_002084,sar,sar/sar_002116.tif
sar_002117,id_002085,sar,sar/sar_002117.tif
sar_002118,id_002086,sar,sar/sar_002118.tif
sar_002119,id_002087,sar,sar/sar_002119.tif
sar_002120,id_002087,sar,sar/sar_002120.tif
sar_002121,id_002088,sar,sar/sar_002121.tif
sar_002122,id_002089,sar,sar/sar_002122.tif
sar_002123,id_002090,sar,sar/sar_002123.tif
sar_002124,id_002091,sar,sar/sar_002124.tif
sar_002125,id_002092,sar,sar/sar_002125.tif
sar_002126,id_002093,sar,sar/sar_002126.tif
sar_002127,id_002094,sar,sar/sar_002127.tif
sar_002128,id_002095,sar,sar/sar_002128.tif
sar_002129,id_002096,sar,sar/sar_002129.tif
sar_002130,id_002097,sar,sar/sar_002130.tif
sar_002131,id_002098,sar,sar/sar_002131.tif
sar_002132,id_002099,sar,sar/sar_002132.tif
sar_002133,id_002100,sar,sar/sar_002133.tif
sar_002134,id_002101,sar,sar/sar_002134.tif
sar_002135,id_002102,sar,sar/sar_002135.tif
sar_002136,id_002103,sar,sar/sar_002136.tif
sar_002137,id_002104,sar,sar/sar_002137.tif
sar_002138,id_002105,sar,sar/sar_002138.tif
sar_002139,id_002106,sar,sar/sar_002139.tif
sar_002140,id_002107,sar,sar/sar_002140.tif
sar_002141,id_002108,sar,sar/sar_002141.tif
sar_002142,id_002109,sar,sar/sar_002142.tif
sar_002143,id_002110,sar,sar/sar_002143.tif
sar_002144,id_002111,sar,sar/sar_002144.tif
sar_002145,id_002112,sar,sar/sar_002145.tif
sar_002146,id_002113,sar,sar/sar_002146.tif
sar_002147,id_002114,sar,sar/sar_002147.tif
sar_002148,id_002115,sar,sar/sar_002148.tif
sar_002149,id_002116,sar,sar/sar_002149.tif
sar_002150,id_002117,sar,sar/sar_002150.tif
sar_002151,id_002118,sar,sar/sar_002151.tif
sar_002152,id_002119,sar,sar/sar_002152.tif
sar_002153,id_002120,sar,sar/sar_002153.tif
sar_002154,id_002121,sar,sar/sar_002154.tif
sar_002155,id_002122,sar,sar/sar_002155.tif
sar_002156,id_002123,sar,sar/sar_002156.tif
sar_002157,id_002124,sar,sar/sar_002157.tif
sar_002158,id_002125,sar,sar/sar_002158.tif
sar_002159,id_002126,sar,sar/sar_002159.tif
sar_002160,id_002127,sar,sar/sar_002160.tif
sar_002161,id_002128,sar,sar/sar_002161.tif
sar_002162,id_002129,sar,sar/sar_002162.tif
sar_002163,id_002130,sar,sar/sar_002163.tif
sar_002164,id_002131,sar,sar/sar_002164.tif
sar_002165,id_002132,sar,sar/sar_002165.tif
sar_002166,id_002133,sar,sar/sar_002166.tif
sar_002167,id_002134,sar,sar/sar_002167.tif
sar_002168,id_002135,sar,sar/sar_002168.tif
sar_002169,id_002136,sar,sar/sar_002169.tif
sar_002170,id_002137,sar,sar/sar_002170.tif
sar_002171,id_002138,sar,sar/sar_002171.tif
sar_002172,id_002139,sar,sar/sar_002172.tif
sar_002173,id_002140,sar,sar/sar_002173.tif
sar_002174,id_002141,sar,sar/sar_002174.tif
sar_002175,id_002142,sar,sar/sar_002175.tif
sar_002176,id_002143,sar,sar/sar_002176.tif
sar_002177,id_002144,sar,sar/sar_002177.tif
sar_002178,id_002145,sar,sar/sar_002178.tif
sar_002179,id_002146,sar,sar/sar_002179.tif
sar_002180,id_002147,sar,sar/sar_002180.tif
sar_002181,id_002148,sar,sar/sar_002181.tif
sar_002182,id_002148,sar,sar/sar_002182.tif
sar_002183,id_002149,sar,sar/sar_002183.tif
sar_002184,id_002150,sar,sar/sar_002184.tif
sar_002185,id_002151,sar,sar/sar_002185.tif
sar_002186,id_002152,sar,sar/sar_002186.tif
sar_002187,id_002153,sar,sar/sar_002187.tif
sar_002188,id_002154,sar,sar/sar_002188.tif
sar_002189,id_002155,sar,sar/sar_002189.tif
sar_002190,id_002156,sar,sar/sar_002190.tif
sar_002191,id_002157,sar,sar/sar_002191.tif
sar_002192,id_002158,sar,sar/sar_002192.tif
sar_002193,id_002159,sar,sar/sar_002193.tif
sar_002194,id_002160,sar,sar/sar_002194.tif
sar_002195,id_002161,sar,sar/sar_002195.tif
sar_002196,id_002162,sar,sar/sar_002196.tif
sar_002197,id_002163,sar,sar/sar_002197.tif
sar_002198,id_002164,sar,sar/sar_002198.tif
sar_002199,id_002165,sar,sar/sar_002199.tif
sar_002200,id_002166,sar,sar/sar_002200.tif
sar_002201,id_002167,sar,sar/sar_002201.tif
sar_002202,id_002168,sar,sar/sar_002202.tif
sar_002203,id_002169,sar,sar/sar_002203.tif
sar_002204,id_002170,sar,sar/sar_002204.tif
sar_002205,id_002171,sar,sar/sar_002205.tif
sar_002206,id_002172,sar,sar/sar_002206.tif
sar_002207,id_002173,sar,sar/sar_002207.tif
sar_002208,id_002174,sar,sar/sar_002208.tif
sar_002209,id_002175,sar,sar/sar_002209.tif
sar_002210,id_002176,sar,sar/sar_002210.tif
sar_002211,id_002177,sar,sar/sar_002211.tif
sar_002212,id_002178,sar,sar/sar_002212.tif
sar_002213,id_002179,sar,sar/sar_002213.tif
sar_002214,id_002180,sar,sar/sar_002214.tif
sar_002215,id_002181,sar,sar/sar_002215.tif
sar_002216,id_002182,sar,sar/sar_002216.tif
sar_002217,id_002183,sar,sar/sar_002217.tif
sar_002218,id_002184,sar,sar/sar_002218.tif
sar_002219,id_002185,sar,sar/sar_002219.tif
sar_002220,id_002186,sar,sar/sar_002220.tif
sar_002221,id_002187,sar,sar/sar_002221.tif
sar_002222,id_002188,sar,sar/sar_002222.tif
sar_002223,id_002189,sar,sar/sar_002223.tif
sar_002224,id_002190,sar,sar/sar_002224.tif
sar_002225,id_002191,sar,sar/sar_002225.tif
sar_002226,id_002192,sar,sar/sar_002226.tif
sar_002227,id_002193,sar,sar/sar_002227.tif
sar_002228,id_002194,sar,sar/sar_002228.tif
sar_002229,id_002195,sar,sar/sar_002229.tif
sar_002230,id_002196,sar,sar/sar_002230.tif
sar_002231,id_002197,sar,sar/sar_002231.tif
sar_002232,id_002198,sar,sar/sar_002232.tif
sar_002233,id_002199,sar,sar/sar_002233.tif
sar_002234,id_002200,sar,sar/sar_002234.tif
sar_002235,id_002201,sar,sar/sar_002235.tif
sar_002236,id_002202,sar,sar/sar_002236.tif
sar_002237,id_002203,sar,sar/sar_002237.tif
sar_002238,id_002204,sar,sar/sar_002238.tif
sar_002239,id_002205,sar,sar/sar_002239.tif
sar_002240,id_002206,sar,sar/sar_002240.tif
sar_002241,id_002207,sar,sar/sar_002241.tif
sar_002242,id_002208,sar,sar/sar_002242.tif
sar_002243,id_002209,sar,sar/sar_002243.tif
sar_002244,id_002210,sar,sar/sar_002244.tif
sar_002245,id_002211,sar,sar/sar_002245.tif
sar_002246,id_002212,sar,sar/sar_002246.tif
sar_002247,id_002213,sar,sar/sar_002247.tif
sar_002248,id_002214,sar,sar/sar_002248.tif
sar_002249,id_002215,sar,sar/sar_002249.tif
sar_002250,id_002216,sar,sar/sar_002250.tif
sar_002251,id_002217,sar,sar/sar_002251.tif
sar_002252,id_002218,sar,sar/sar_002252.tif
sar_002253,id_002219,sar,sar/sar_002253.tif
sar_002254,id_002220,sar,sar/sar_002254.tif
sar_002255,id_002221,sar,sar/sar_002255.tif
sar_002256,id_002222,sar,sar/sar_002256.tif
sar_002257,id_002223,sar,sar/sar_002257.tif
sar_002258,id_002224,sar,sar/sar_002258.tif
sar_002259,id_002225,sar,sar/sar_002259.tif
sar_002260,id_002226,sar,sar/sar_002260.tif
sar_002261,id_002227,sar,sar/sar_002261.tif
sar_002262,id_002228,sar,sar/sar_002262.tif
sar_002263,id_002229,sar,sar/sar_002263.tif
sar_002264,id_002230,sar,sar/sar_002264.tif
sar_002265,id_002231,sar,sar/sar_002265.tif
sar_002266,id_002232,sar,sar/sar_002266.tif
sar_002267,id_002233,sar,sar/sar_002267.tif
sar_002268,id_002234,sar,sar/sar_002268.tif
sar_002269,id_002235,sar,sar/sar_002269.tif
sar_002270,id_002236,sar,sar/sar_002270.tif
sar_002271,id_002237,sar,sar/sar_002271.tif
sar_002272,id_002238,sar,sar/sar_002272.tif
sar_002273,id_002239,sar,sar/sar_002273.tif
sar_002274,id_002240,sar,sar/sar_002274.tif
sar_002275,id_002241,sar,sar/sar_002275.tif
sar_002276,id_002242,sar,sar/sar_002276.tif
sar_002277,id_002243,sar,sar/sar_002277.tif
sar_002278,id_002244,sar,sar/sar_002278.tif
sar_002279,id_002245,sar,sar/sar_002279.tif
sar_002280,id_002246,sar,sar/sar_002280.tif
sar_002281,id_002247,sar,sar/sar_002281.tif
sar_002282,id_002248,sar,sar/sar_002282.tif
sar_002283,id_002249,sar,sar/sar_002283.tif
sar_002284,id_002250,sar,sar/sar_002284.tif
sar_002285,id_002251,sar,sar/sar_002285.tif
sar_002286,id_002252,sar,sar/sar_002286.tif
sar_002287,id_002253,sar,sar/sar_002287.tif
sar_002288,id_002254,sar,sar/sar_002288.tif
sar_002289,id_002255,sar,sar/sar_002289.tif
sar_002290,id_002256,sar,sar/sar_002290.tif
sar_002291,id_002257,sar,sar/sar_002291.tif
sar_002292,id_002258,sar,sar/sar_002292.tif
sar_002293,id_002259,sar,sar/sar_002293.tif
sar_002294,id_002260,sar,sar/sar_002294.tif
sar_002295,id_002261,sar,sar/sar_002295.tif
sar_002296,id_002262,sar,sar/sar_002296.tif
sar_002297,id_002263,sar,sar/sar_002297.tif
sar_002298,id_002264,sar,sar/sar_002298.tif
sar_002299,id_002265,sar,sar/sar_002299.tif
sar_002300,id_002266,sar,sar/sar_002300.tif
sar_002301,id_002267,sar,sar/sar_002301.tif
sar_002302,id_002268,sar,sar/sar_002302.tif
sar_002303,id_002269,sar,sar/sar_002303.tif
sar_002304,id_002270,sar,sar/sar_002304.tif
sar_002305,id_002271,sar,sar/sar_002305.tif
sar_002306,id_002272,sar,sar/sar_002306.tif
sar_002307,id_002273,sar,sar/sar_002307.tif
sar_002308,id_002274,sar,sar/sar_002308.tif
sar_002309,id_002275,sar,sar/sar_002309.tif
sar_002310,id_002276,sar,sar/sar_002310.tif
sar_002311,id_002277,sar,sar/sar_002311.tif
sar_002312,id_002278,sar,sar/sar_002312.tif
sar_002313,id_002279,sar,sar/sar_002313.tif
sar_002314,id_002280,sar,sar/sar_002314.tif
sar_002315,id_002281,sar,sar/sar_002315.tif
sar_002316,id_002282,sar,sar/sar_002316.tif
sar_002317,id_002283,sar,sar/sar_002317.tif
sar_002318,id_002284,sar,sar/sar_002318.tif
sar_002319,id_002285,sar,sar/sar_002319.tif
sar_002320,id_002286,sar,sar/sar_002320.tif
sar_002321,id_002287,sar,sar/sar_002321.tif
sar_002322,id_002288,sar,sar/sar_002322.tif
sar_002323,id_002289,sar,sar/sar_002323.tif
sar_002324,id_002290,sar,sar/sar_002324.tif
sar_002325,id_002291,sar,sar/sar_002325.tif
sar_002326,id_002292,sar,sar/sar_002326.tif
sar_002327,id_002293,sar,sar/sar_002327.tif
sar_002328,id_002294,sar,sar/sar_002328.tif
sar_002329,id_002295,sar,sar/sar_002329.tif
sar_002330,id_002296,sar,sar/sar_002330.tif
sar_002331,id_002297,sar,sar/sar_002331.tif
sar_002332,id_002298,sar,sar/sar_002332.tif
sar_002333,id_002299,sar,sar/sar_002333.tif
sar_002334,id_002300,sar,sar/sar_002334.tif
sar_002335,id_002301,sar,sar/sar_002335.tif
sar_002336,id_002302,sar,sar/sar_002336.tif
sar_002337,id_002303,sar,sar/sar_002337.tif
sar_002338,id_002304,sar,sar/sar_002338.tif
sar_002339,id_002305,sar,sar/sar_002339.tif
sar_002340,id_002306,sar,sar/sar_002340.tif
sar_002341,id_002307,sar,sar/sar_002341.tif
sar_002342,id_002308,sar,sar/sar_002342.tif
sar_002343,id_002309,sar,sar/sar_002343.tif
sar_002344,id_002310,sar,sar/sar_002344.tif
sar_002345,id_002311,sar,sar/sar_002345.tif
sar_002346,id_002312,sar,sar/sar_002346.tif
sar_002347,id_002313,sar,sar/sar_002347.tif
sar_002348,id_002314,sar,sar/sar_002348.tif
sar_002349,id_002315,sar,sar/sar_002349.tif
sar_002350,id_002316,sar,sar/sar_002350.tif
sar_002351,id_002317,sar,sar/sar_002351.tif
sar_002352,id_002318,sar,sar/sar_002352.tif
sar_002353,id_002319,sar,sar/sar_002353.tif
sar_002354,id_002320,sar,sar/sar_002354.tif
sar_002355,id_002321,sar,sar/sar_002355.tif
sar_002356,id_002322,sar,sar/sar_002356.tif
sar_002357,id_002323,sar,sar/sar_002357.tif
sar_002358,id_002324,sar,sar/sar_002358.tif
sar_002359,id_002325,sar,sar/sar_002359.tif
sar_002360,id_002326,sar,sar/sar_002360.tif
sar_002361,id_002327,sar,sar/sar_002361.tif
sar_002362,id_002328,sar,sar/sar_002362.tif
sar_002363,id_002329,sar,sar/sar_002363.tif
sar_002364,id_002330,sar,sar/sar_002364.tif
sar_002365,id_002331,sar,sar/sar_002365.tif
sar_002366,id_002332,sar,sar/sar_002366.tif
sar_002367,id_002333,sar,sar/sar_002367.tif
sar_002368,id_002334,sar,sar/sar_002368.tif
sar_002369,id_002335,sar,sar/sar_002369.tif
sar_002370,id_002336,sar,sar/sar_002370.tif
sar_002371,id_002337,sar,sar/sar_002371.tif
sar_002372,id_002338,sar,sar/sar_002372.tif
sar_002373,id_002339,sar,sar/sar_002373.tif
sar_002374,id_002340,sar,sar/sar_002374.tif
sar_002375,id_002341,sar,sar/sar_002375.tif
sar_002376,id_002342,sar,sar/sar_002376.tif
sar_002377,id_002343,sar,sar/sar_002377.tif
sar_002378,id_002344,sar,sar/sar_002378.tif
sar_002379,id_002345,sar,sar/sar_002379.tif
sar_002380,id_002346,sar,sar/sar_002380.tif
sar_002381,id_002347,sar,sar/sar_002381.tif
sar_002382,id_002348,sar,sar/sar_002382.tif
sar_002383,id_002349,sar,sar/sar_002383.tif
sar_002384,id_002350,sar,sar/sar_002384.tif
sar_002385,id_002351,sar,sar/sar_002385.tif
sar_002386,id_002352,sar,sar/sar_002386.tif
sar_002387,id_002353,sar,sar/sar_002387.tif
sar_002388,id_002354,sar,sar/sar_002388.tif
sar_002389,id_002355,sar,sar/sar_002389.tif
sar_002390,id_002356,sar,sar/sar_002390.tif
sar_002391,id_002357,sar,sar/sar_002391.tif
sar_002392,id_002358,sar,sar/sar_002392.tif
sar_002393,id_002359,sar,sar/sar_002393.tif
sar_002394,id_002360,sar,sar/sar_002394.tif
sar_002395,id_002361,sar,sar/sar_002395.tif
sar_002396,id_002362,sar,sar/sar_002396.tif
sar_002397,id_002363,sar,sar/sar_002397.tif
sar_002398,id_002364,sar,sar/sar_002398.tif
sar_002399,id_002365,sar,sar/sar_002399.tif
sar_002400,id_002366,sar,sar/sar_002400.tif
sar_002401,id_002367,sar,sar/sar_002401.tif
sar_002402,id_002368,sar,sar/sar_002402.tif
sar_002403,id_002369,sar,sar/sar_002403.tif
sar_002404,id_002370,sar,sar/sar_002404.tif
sar_002405,id_002371,sar,sar/sar_002405.tif
sar_002406,id_002372,sar,sar/sar_002406.tif
sar_002407,id_002373,sar,sar/sar_002407.tif
sar_002408,id_002374,sar,sar/sar_002408.tif
sar_002409,id_002375,sar,sar/sar_002409.tif
sar_002410,id_002376,sar,sar/sar_002410.tif
sar_002411,id_002377,sar,sar/sar_002411.tif
sar_002412,id_002378,sar,sar/sar_002412.tif
sar_002413,id_002379,sar,sar/sar_002413.tif
sar_002414,id_002380,sar,sar/sar_002414.tif
sar_002415,id_002381,sar,sar/sar_002415.tif
sar_002416,id_002382,sar,sar/sar_002416.tif
sar_002417,id_002383,sar,sar/sar_002417.tif
sar_002418,id_002384,sar,sar/sar_002418.tif
sar_002419,id_002385,sar,sar/sar_002419.tif
sar_002420,id_002386,sar,sar/sar_002420.tif
sar_002421,id_002387,sar,sar/sar_002421.tif
sar_002422,id_002388,sar,sar/sar_002422.tif
sar_002423,id_002389,sar,sar/sar_002423.tif
sar_002424,id_002390,sar,sar/sar_002424.tif
sar_002425,id_002391,sar,sar/sar_002425.tif
sar_002426,id_002392,sar,sar/sar_002426.tif
sar_002427,id_002393,sar,sar/sar_002427.tif
sar_002428,id_002394,sar,sar/sar_002428.tif
sar_002429,id_002395,sar,sar/sar_002429.tif
sar_002430,id_002396,sar,sar/sar_002430.tif
sar_002431,id_002397,sar,sar/sar_002431.tif
sar_002432,id_002398,sar,sar/sar_002432.tif
sar_002433,id_002399,sar,sar/sar_002433.tif
sar_002434,id_002400,sar,sar/sar_002434.tif
sar_002435,id_002401,sar,sar/sar_002435.tif
sar_002436,id_002402,sar,sar/sar_002436.tif
sar_002437,id_002403,sar,sar/sar_002437.tif
sar_002438,id_002404,sar,sar/sar_002438.tif
sar_002439,id_002405,sar,sar/sar_002439.tif
sar_002440,id_002406,sar,sar/sar_002440.tif
sar_002441,id_002407,sar,sar/sar_002441.tif
sar_002442,id_002408,sar,sar/sar_002442.tif
sar_002443,id_002409,sar,sar/sar_002443.tif
sar_002444,id_002410,sar,sar/sar_002444.tif
sar_002445,id_002411,sar,sar/sar_002445.tif
sar_002446,id_002412,sar,sar/sar_002446.tif
sar_002447,id_002413,sar,sar/sar_002447.tif
sar_002448,id_002414,sar,sar/sar_002448.tif
sar_002449,id_002415,sar,sar/sar_002449.tif
sar_002450,id_002416,sar,sar/sar_002450.tif
sar_002451,id_002417,sar,sar/sar_002451.tif
sar_002452,id_002418,sar,sar/sar_002452.tif
sar_002453,id_002419,sar,sar/sar_002453.tif
sar_002454,id_002420,sar,sar/sar_002454.tif
sar_002455,id_002421,sar,sar/sar_002455.tif
sar_002456,id_002422,sar,sar/sar_002456.tif
sar_002457,id_002423,sar,sar/sar_002457.tif
sar_002458,id_002424,sar,sar/sar_002458.tif
sar_002459,id_002425,sar,sar/sar_002459.tif
sar_002460,id_002426,sar,sar/sar_002460.tif
sar_002461,id_002427,sar,sar/sar_002461.tif
sar_002462,id_002428,sar,sar/sar_002462.tif
sar_002463,id_002429,sar,sar/sar_002463.tif
sar_002464,id_002430,sar,sar/sar_002464.tif
sar_002465,id_002431,sar,sar/sar_002465.tif
sar_002466,id_002432,sar,sar/sar_002466.tif
sar_002467,id_002433,sar,sar/sar_002467.tif
sar_002468,id_002434,sar,sar/sar_002468.tif
sar_002469,id_002435,sar,sar/sar_002469.tif
sar_002470,id_002436,sar,sar/sar_002470.tif
sar_002471,id_002437,sar,sar/sar_002471.tif
sar_002472,id_002438,sar,sar/sar_002472.tif
sar_002473,id_002439,sar,sar/sar_002473.tif
sar_002474,id_002440,sar,sar/sar_002474.tif
sar_002475,id_002441,sar,sar/sar_002475.tif
sar_002476,id_002442,sar,sar/sar_002476.tif
sar_002477,id_002443,sar,sar/sar_002477.tif
sar_002478,id_002444,sar,sar/sar_002478.tif
sar_002479,id_002445,sar,sar/sar_002479.tif
sar_002480,id_002446,sar,sar/sar_002480.tif
sar_002481,id_002447,sar,sar/sar_002481.tif
sar_002482,id_002448,sar,sar/sar_002482.tif
sar_002483,id_002449,sar,sar/sar_002483.tif
sar_002484,id_002450,sar,sar/sar_002484.tif
sar_002485,id_002451,sar,sar/sar_002485.tif
sar_002486,id_002452,sar,sar/sar_002486.tif
sar_002487,id_002453,sar,sar/sar_002487.tif
sar_002488,id_002454,sar,sar/sar_002488.tif
sar_002489,id_002455,sar,sar/sar_002489.tif
sar_002490,id_002456,sar,sar/sar_002490.tif
sar_002491,id_002457,sar,sar/sar_002491.tif
sar_002492,id_002458,sar,sar/sar_002492.tif
sar_002493,id_002459,sar,sar/sar_002493.tif
sar_002494,id_002460,sar,sar/sar_002494.tif
sar_002495,id_002461,sar,sar/sar_002495.tif
sar_002496,id_002462,sar,sar/sar_002496.tif
sar_002497,id_002462,sar,sar/sar_002497.tif
sar_002498,id_002463,sar,sar/sar_002498.tif
sar_002499,id_002464,sar,sar/sar_002499.tif
sar_002500,id_002465,sar,sar/sar_002500.tif
sar_002501,id_002466,sar,sar/sar_002501.tif
sar_002502,id_002467,sar,sar/sar_002502.tif
sar_002503,id_002468,sar,sar/sar_002503.tif
sar_002504,id_002469,sar,sar/sar_002504.tif
sar_002505,id_002470,sar,sar/sar_002505.tif
sar_002506,id_002471,sar,sar/sar_002506.tif
sar_002507,id_002472,sar,sar/sar_002507.tif
sar_002508,id_002473,sar,sar/sar_002508.tif
sar_002509,id_002474,sar,sar/sar_002509.tif
sar_002510,id_002475,sar,sar/sar_002510.tif
sar_002511,id_002476,sar,sar/sar_002511.tif
sar_002512,id_002477,sar,sar/sar_002512.tif
sar_002513,id_002478,sar,sar/sar_002513.tif
sar_002514,id_002479,sar,sar/sar_002514.tif
sar_002515,id_002480,sar,sar/sar_002515.tif
sar_002516,id_002481,sar,sar/sar_002516.tif
sar_002517,id_002482,sar,sar/sar_002517.tif
sar_002518,id_002483,sar,sar/sar_002518.tif
sar_002519,id_002484,sar,sar/sar_002519.tif
sar_002520,id_002485,sar,sar/sar_002520.tif
sar_002521,id_002486,sar,sar/sar_002521.tif
sar_002522,id_002487,sar,sar/sar_002522.tif
sar_002523,id_002488,sar,sar/sar_002523.tif
sar_002524,id_002488,sar,sar/sar_002524.tif
sar_002525,id_002489,sar,sar/sar_002525.tif
sar_002526,id_002490,sar,sar/sar_002526.tif
sar_002527,id_002491,sar,sar/sar_002527.tif
sar_002528,id_002492,sar,sar/sar_002528.tif
sar_002529,id_002493,sar,sar/sar_002529.tif
sar_002530,id_002494,sar,sar/sar_002530.tif
sar_002531,id_002495,sar,sar/sar_002531.tif
sar_002532,id_002496,sar,sar/sar_002532.tif
sar_002533,id_002497,sar,sar/sar_002533.tif
sar_002534,id_002498,sar,sar/sar_002534.tif
sar_002535,id_002499,sar,sar/sar_002535.tif
sar_002536,id_002500,sar,sar/sar_002536.tif
sar_002537,id_002501,sar,sar/sar_002537.tif
sar_002538,id_002502,sar,sar/sar_002538.tif
sar_002539,id_002503,sar,sar/sar_002539.tif
sar_002540,id_002504,sar,sar/sar_002540.tif
sar_002541,id_002505,sar,sar/sar_002541.tif
sar_002542,id_002506,sar,sar/sar_002542.tif
sar_002543,id_002507,sar,sar/sar_002543.tif
sar_002544,id_002508,sar,sar/sar_002544.tif
sar_002545,id_002509,sar,sar/sar_002545.tif
sar_002546,id_002510,sar,sar/sar_002546.tif
sar_002547,id_002511,sar,sar/sar_002547.tif
sar_002548,id_002512,sar,sar/sar_002548.tif
sar_002549,id_002513,sar,sar/sar_002549.tif
sar_002550,id_002514,sar,sar/sar_002550.tif
sar_002551,id_002515,sar,sar/sar_002551.tif
sar_002552,id_002516,sar,sar/sar_002552.tif
sar_002553,id_002517,sar,sar/sar_002553.tif
sar_002554,id_002518,sar,sar/sar_002554.tif
sar_002555,id_002519,sar,sar/sar_002555.tif
sar_002556,id_002520,sar,sar/sar_002556.tif
sar_002557,id_002521,sar,sar/sar_002557.tif
sar_002558,id_002522,sar,sar/sar_002558.tif
sar_002559,id_002523,sar,sar/sar_002559.tif
sar_002560,id_002524,sar,sar/sar_002560.tif
sar_002561,id_002525,sar,sar/sar_002561.tif
sar_002562,id_002526,sar,sar/sar_002562.tif
sar_002563,id_002527,sar,sar/sar_002563.tif
sar_002564,id_002528,sar,sar/sar_002564.tif
sar_002565,id_002529,sar,sar/sar_002565.tif
sar_002566,id_002530,sar,sar/sar_002566.tif
sar_002567,id_002531,sar,sar/sar_002567.tif
sar_002568,id_002532,sar,sar/sar_002568.tif
sar_002569,id_002533,sar,sar/sar_002569.tif
sar_002570,id_002534,sar,sar/sar_002570.tif
sar_002571,id_002535,sar,sar/sar_002571.tif
sar_002572,id_002536,sar,sar/sar_002572.tif
sar_002573,id_002537,sar,sar/sar_002573.tif
sar_002574,id_002538,sar,sar/sar_002574.tif
sar_002575,id_002539,sar,sar/sar_002575.tif
sar_002576,id_002540,sar,sar/sar_002576.tif
sar_002577,id_002541,sar,sar/sar_002577.tif
sar_002578,id_002542,sar,sar/sar_002578.tif
sar_002579,id_002543,sar,sar/sar_002579.tif
sar_002580,id_002544,sar,sar/sar_002580.tif
sar_002581,id_002545,sar,sar/sar_002581.tif
sar_002582,id_002546,sar,sar/sar_002582.tif
sar_002583,id_002547,sar,sar/sar_002583.tif
sar_002584,id_002548,sar,sar/sar_002584.tif
sar_002585,id_002549,sar,sar/sar_002585.tif
sar_002586,id_002550,sar,sar/sar_002586.tif
sar_002587,id_002551,sar,sar/sar_002587.tif
sar_002588,id_002552,sar,sar/sar_002588.tif
sar_002589,id_002553,sar,sar/sar_002589.tif
sar_002590,id_002554,sar,sar/sar_002590.tif
sar_002591,id_002555,sar,sar/sar_002591.tif
sar_002592,id_002556,sar,sar/sar_002592.tif
sar_002593,id_002557,sar,sar/sar_002593.tif
sar_002594,id_002558,sar,sar/sar_002594.tif
sar_002595,id_002559,sar,sar/sar_002595.tif
sar_002596,id_002560,sar,sar/sar_002596.tif
sar_002597,id_002561,sar,sar/sar_002597.tif
sar_002598,id_002562,sar,sar/sar_002598.tif
sar_002599,id_002563,sar,sar/sar_002599.tif
sar_002600,id_002564,sar,sar/sar_002600.tif
sar_002601,id_002565,sar,sar/sar_002601.tif
sar_002602,id_002566,sar,sar/sar_002602.tif
sar_002603,id_002567,sar,sar/sar_002603.tif
sar_002604,id_002568,sar,sar/sar_002604.tif
sar_002605,id_002569,sar,sar/sar_002605.tif
sar_002606,id_002570,sar,sar/sar_002606.tif
sar_002607,id_002571,sar,sar/sar_002607.tif
sar_002608,id_002572,sar,sar/sar_002608.tif
sar_002609,id_002573,sar,sar/sar_002609.tif
sar_002610,id_002574,sar,sar/sar_002610.tif
sar_002611,id_002575,sar,sar/sar_002611.tif
sar_002612,id_002576,sar,sar/sar_002612.tif
sar_002613,id_002577,sar,sar/sar_002613.tif
sar_002614,id_002578,sar,sar/sar_002614.tif
sar_002615,id_002579,sar,sar/sar_002615.tif
sar_002616,id_002580,sar,sar/sar_002616.tif
sar_002617,id_002581,sar,sar/sar_002617.tif
sar_002618,id_002582,sar,sar/sar_002618.tif
sar_002619,id_002583,sar,sar/sar_002619.tif
sar_002620,id_002584,sar,sar/sar_002620.tif
sar_002621,id_002585,sar,sar/sar_002621.tif
sar_002622,id_002586,sar,sar/sar_002622.tif
sar_002623,id_002586,sar,sar/sar_002623.tif
sar_002624,id_002587,sar,sar/sar_002624.tif
sar_002625,id_002588,sar,sar/sar_002625.tif
sar_002626,id_002589,sar,sar/sar_002626.tif
sar_002627,id_002590,sar,sar/sar_002627.tif
sar_002628,id_002591,sar,sar/sar_002628.tif
sar_002629,id_002592,sar,sar/sar_002629.tif
sar_002630,id_002593,sar,sar/sar_002630.tif
sar_002631,id_002594,sar,sar/sar_002631.tif
sar_002632,id_002595,sar,sar/sar_002632.tif
sar_002633,id_002596,sar,sar/sar_002633.tif
sar_002634,id_002597,sar,sar/sar_002634.tif
sar_002635,id_002598,sar,sar/sar_002635.tif
sar_002636,id_002599,sar,sar/sar_002636.tif
sar_002637,id_002600,sar,sar/sar_002637.tif
sar_002638,id_002601,sar,sar/sar_002638.tif
sar_002639,id_002602,sar,sar/sar_002639.tif
sar_002640,id_002603,sar,sar/sar_002640.tif
sar_002641,id_002604,sar,sar/sar_002641.tif
sar_002642,id_002605,sar,sar/sar_002642.tif
sar_002643,id_002606,sar,sar/sar_002643.tif
sar_002644,id_002607,sar,sar/sar_002644.tif
sar_002645,id_002608,sar,sar/sar_002645.tif
sar_002646,id_002609,sar,sar/sar_002646.tif
sar_002647,id_002610,sar,sar/sar_002647.tif
sar_002648,id_002611,sar,sar/sar_002648.tif
sar_002649,id_002612,sar,sar/sar_002649.tif
sar_002650,id_002613,sar,sar/sar_002650.tif
sar_002651,id_002614,sar,sar/sar_002651.tif
sar_002652,id_002615,sar,sar/sar_002652.tif
sar_002653,id_002616,sar,sar/sar_002653.tif
sar_002654,id_002617,sar,sar/sar_002654.tif
sar_002655,id_002618,sar,sar/sar_002655.tif
sar_002656,id_002619,sar,sar/sar_002656.tif
sar_002657,id_002620,sar,sar/sar_002657.tif
sar_002658,id_002621,sar,sar/sar_002658.tif
sar_002659,id_002622,sar,sar/sar_002659.tif
sar_002660,id_002623,sar,sar/sar_002660.tif
sar_002661,id_002624,sar,sar/sar_002661.tif
sar_002662,id_002625,sar,sar/sar_002662.tif
sar_002663,id_002626,sar,sar/sar_002663.tif
sar_002664,id_002627,sar,sar/sar_002664.tif
sar_002665,id_002628,sar,sar/sar_002665.tif
sar_002666,id_002629,sar,sar/sar_002666.tif
sar_002667,id_002630,sar,sar/sar_002667.tif
sar_002668,id_002631,sar,sar/sar_002668.tif
sar_002669,id_002632,sar,sar/sar_002669.tif
sar_002670,id_002633,sar,sar/sar_002670.tif
sar_002671,id_002634,sar,sar/sar_002671.tif
sar_002672,id_002635,sar,sar/sar_002672.tif
sar_002673,id_002636,sar,sar/sar_002673.tif
sar_002674,id_002637,sar,sar/sar_002674.tif
sar_002675,id_002638,sar,sar/sar_002675.tif
sar_002676,id_002639,sar,sar/sar_002676.tif
sar_002677,id_002640,sar,sar/sar_002677.tif
sar_002678,id_002641,sar,sar/sar_002678.tif
sar_002679,id_002642,sar,sar/sar_002679.tif
sar_002680,id_002643,sar,sar/sar_002680.tif
sar_002681,id_002644,sar,sar/sar_002681.tif
sar_002682,id_002645,sar,sar/sar_002682.tif
sar_002683,id_002646,sar,sar/sar_002683.tif
sar_002684,id_002647,sar,sar/sar_002684.tif
sar_002685,id_002648,sar,sar/sar_002685.tif
sar_002686,id_002649,sar,sar/sar_002686.tif
sar_002687,id_002650,sar,sar/sar_002687.tif
sar_002688,id_002651,sar,sar/sar_002688.tif
sar_002689,id_002652,sar,sar/sar_002689.tif
sar_002690,id_002653,sar,sar/sar_002690.tif
sar_002691,id_002654,sar,sar/sar_002691.tif
sar_002692,id_002655,sar,sar/sar_002692.tif
sar_002693,id_002656,sar,sar/sar_002693.tif
sar_002694,id_002657,sar,sar/sar_002694.tif
sar_002695,id_002658,sar,sar/sar_002695.tif
sar_002696,id_002659,sar,sar/sar_002696.tif
sar_002697,id_002660,sar,sar/sar_002697.tif
sar_002698,id_002661,sar,sar/sar_002698.tif
sar_002699,id_002662,sar,sar/sar_002699.tif
sar_002700,id_002663,sar,sar/sar_002700.tif
sar_002701,id_002664,sar,sar/sar_002701.tif
sar_002702,id_002665,sar,sar/sar_002702.tif
sar_002703,id_002666,sar,sar/sar_002703.tif
sar_002704,id_002667,sar,sar/sar_002704.tif
sar_002705,id_002668,sar,sar/sar_002705.tif
sar_002706,id_002669,sar,sar/sar_002706.tif
sar_002707,id_002670,sar,sar/sar_002707.tif
sar_002708,id_002671,sar,sar/sar_002708.tif
sar_002709,id_002672,sar,sar/sar_002709.tif
sar_002710,id_002673,sar,sar/sar_002710.tif
sar_002711,id_002674,sar,sar/sar_002711.tif
sar_002712,id_002675,sar,sar/sar_002712.tif
sar_002713,id_002676,sar,sar/sar_002713.tif
sar_002714,id_002677,sar,sar/sar_002714.tif
sar_002715,id_002678,sar,sar/sar_002715.tif
sar_002716,id_002679,sar,sar/sar_002716.tif
sar_002717,id_002680,sar,sar/sar_002717.tif
sar_002718,id_002681,sar,sar/sar_002718.tif
sar_002719,id_002682,sar,sar/sar_002719.tif
sar_002720,id_002683,sar,sar/sar_002720.tif
sar_002721,id_002684,sar,sar/sar_002721.tif
sar_002722,id_002685,sar,sar/sar_002722.tif
sar_002723,id_002686,sar,sar/sar_002723.tif
sar_002724,id_002687,sar,sar/sar_002724.tif
sar_002725,id_002688,sar,sar/sar_002725.tif
sar_002726,id_002689,sar,sar/sar_002726.tif
sar_002727,id_002690,sar,sar/sar_002727.tif
sar_002728,id_002691,sar,sar/sar_002728.tif
sar_002729,id_002692,sar,sar/sar_002729.tif
sar_002730,id_002693,sar,sar/sar_002730.tif
sar_002731,id_002694,sar,sar/sar_002731.tif
sar_002732,id_002695,sar,sar/sar_002732.tif
sar_002733,id_002695,sar,sar/sar_002733.tif
sar_002734,id_002696,sar,sar/sar_002734.tif
sar_002735,id_002697,sar,sar/sar_002735.tif
sar_002736,id_002698,sar,sar/sar_002736.tif
sar_002737,id_002699,sar,sar/sar_002737.tif
sar_002738,id_002700,sar,sar/sar_002738.tif
sar_002739,id_002701,sar,sar/sar_002739.tif
sar_002740,id_002702,sar,sar/sar_002740.tif
sar_002741,id_002703,sar,sar/sar_002741.tif
sar_002742,id_002704,sar,sar/sar_002742.tif
sar_002743,id_002705,sar,sar/sar_002743.tif
sar_002744,id_002706,sar,sar/sar_002744.tif
sar_002745,id_002707,sar,sar/sar_002745.tif
sar_002746,id_002708,sar,sar/sar_002746.tif
sar_002747,id_002709,sar,sar/sar_002747.tif
sar_002748,id_002710,sar,sar/sar_002748.tif
sar_002749,id_002711,sar,sar/sar_002749.tif
sar_002750,id_002712,sar,sar/sar_002750.tif
sar_002751,id_002712,sar,sar/sar_002751.tif
sar_002752,id_002713,sar,sar/sar_002752.tif
sar_002753,id_002714,sar,sar/sar_002753.tif
sar_002754,id_002715,sar,sar/sar_002754.tif
sar_002755,id_002716,sar,sar/sar_002755.tif
sar_002756,id_002717,sar,sar/sar_002756.tif
sar_002757,id_002718,sar,sar/sar_002757.tif
sar_002758,id_002719,sar,sar/sar_002758.tif
sar_002759,id_002720,sar,sar/sar_002759.tif
sar_002760,id_002721,sar,sar/sar_002760.tif
sar_002761,id_002722,sar,sar/sar_002761.tif
sar_002762,id_002723,sar,sar/sar_002762.tif
sar_002763,id_002724,sar,sar/sar_002763.tif
sar_002764,id_002725,sar,sar/sar_002764.tif
sar_002765,id_002726,sar,sar/sar_002765.tif
sar_002766,id_002727,sar,sar/sar_002766.tif
sar_002767,id_002728,sar,sar/sar_002767.tif
sar_002768,id_002729,sar,sar/sar_002768.tif
sar_002769,id_002730,sar,sar/sar_002769.tif
sar_002770,id_002731,sar,sar/sar_002770.tif
sar_002771,id_002732,sar,sar/sar_002771.tif
sar_002772,id_002733,sar,sar/sar_002772.tif
sar_002773,id_002734,sar,sar/sar_002773.tif
sar_002774,id_002735,sar,sar/sar_002774.tif
sar_002775,id_002736,sar,sar/sar_002775.tif
sar_002776,id_002737,sar,sar/sar_002776.tif
sar_002777,id_002738,sar,sar/sar_002777.tif
sar_002778,id_002739,sar,sar/sar_002778.tif
sar_002779,id_002740,sar,sar/sar_002779.tif
sar_002780,id_002741,sar,sar/sar_002780.tif
sar_002781,id_002742,sar,sar/sar_002781.tif
sar_002782,id_002743,sar,sar/sar_002782.tif
sar_002783,id_002744,sar,sar/sar_002783.tif
sar_002784,id_002745,sar,sar/sar_002784.tif
sar_002785,id_002746,sar,sar/sar_002785.tif
sar_002786,id_002746,sar,sar/sar_002786.tif
sar_002787,id_002747,sar,sar/sar_002787.tif
sar_002788,id_002748,sar,sar/sar_002788.tif
sar_002789,id_002749,sar,sar/sar_002789.tif
sar_002790,id_002750,sar,sar/sar_002790.tif
sar_002791,id_002751,sar,sar/sar_002791.tif
sar_002792,id_002752,sar,sar/sar_002792.tif
sar_002793,id_002753,sar,sar/sar_002793.tif
sar_002794,id_002754,sar,sar/sar_002794.tif
sar_002795,id_002755,sar,sar/sar_002795.tif
sar_002796,id_002756,sar,sar/sar_002796.tif
sar_002797,id_002757,sar,sar/sar_002797.tif
sar_002798,id_002758,sar,sar/sar_002798.tif
sar_002799,id_002759,sar,sar/sar_002799.tif
sar_002800,id_002760,sar,sar/sar_002800.tif
sar_002801,id_002761,sar,sar/sar_002801.tif
sar_002802,id_002762,sar,sar/sar_002802.tif
sar_002803,id_002763,sar,sar/sar_002803.tif
sar_002804,id_002764,sar,sar/sar_002804.tif
sar_002805,id_002765,sar,sar/sar_002805.tif
sar_002806,id_002766,sar,sar/sar_002806.tif
sar_002807,id_002767,sar,sar/sar_002807.tif
sar_002808,id_002768,sar,sar/sar_002808.tif
sar_002809,id_002769,sar,sar/sar_002809.tif
sar_002810,id_002770,sar,sar/sar_002810.tif
sar_002811,id_002771,sar,sar/sar_002811.tif
sar_002812,id_002772,sar,sar/sar_002812.tif
sar_002813,id_002773,sar,sar/sar_002813.tif
sar_002814,id_002774,sar,sar/sar_002814.tif
sar_002815,id_002775,sar,sar/sar_002815.tif
sar_002816,id_002776,sar,sar/sar_002816.tif
sar_002817,id_002777,sar,sar/sar_002817.tif
sar_002818,id_002778,sar,sar/sar_002818.tif
sar_002819,id_002779,sar,sar/sar_002819.tif
sar_002820,id_002780,sar,sar/sar_002820.tif
sar_002821,id_002781,sar,sar/sar_002821.tif
sar_002822,id_002782,sar,sar/sar_002822.tif
sar_002823,id_002783,sar,sar/sar_002823.tif
sar_002824,id_002784,sar,sar/sar_002824.tif
sar_002825,id_002785,sar,sar/sar_002825.tif
sar_002826,id_002786,sar,sar/sar_002826.tif
sar_002827,id_002787,sar,sar/sar_002827.tif
sar_002828,id_002788,sar,sar/sar_002828.tif
sar_002829,id_002789,sar,sar/sar_002829.tif
sar_002830,id_002790,sar,sar/sar_002830.tif
sar_002831,id_002791,sar,sar/sar_002831.tif
sar_002832,id_002792,sar,sar/sar_002832.tif
sar_002833,id_002793,sar,sar/sar_002833.tif
sar_002834,id_002794,sar,sar/sar_002834.tif
sar_002835,id_002795,sar,sar/sar_002835.tif
sar_002836,id_002796,sar,sar/sar_002836.tif
sar_002837,id_002796,sar,sar/sar_002837.tif
sar_002838,id_002797,sar,sar/sar_002838.tif
sar_002839,id_002798,sar,sar/sar_002839.tif
sar_002840,id_002799,sar,sar/sar_002840.tif
sar_002841,id_002800,sar,sar/sar_002841.tif
sar_002842,id_002801,sar,sar/sar_002842.tif
sar_002843,id_002802,sar,sar/sar_002843.tif
sar_002844,id_002803,sar,sar/sar_002844.tif
sar_002845,id_002804,sar,sar/sar_002845.tif
sar_002846,id_002805,sar,sar/sar_002846.tif
sar_002847,id_002806,sar,sar/sar_002847.tif
sar_002848,id_002807,sar,sar/sar_002848.tif
sar_002849,id_002808,sar,sar/sar_002849.tif
sar_002850,id_002809,sar,sar/sar_002850.tif
sar_002851,id_002810,sar,sar/sar_002851.tif
sar_002852,id_002811,sar,sar/sar_002852.tif
sar_002853,id_002812,sar,sar/sar_002853.tif
sar_002854,id_002813,sar,sar/sar_002854.tif
sar_002855,id_002814,sar,sar/sar_002855.tif
sar_002856,id_002815,sar,sar/sar_002856.tif
sar_002857,id_002816,sar,sar/sar_002857.tif
sar_002858,id_002817,sar,sar/sar_002858.tif
sar_002859,id_002818,sar,sar/sar_002859.tif
sar_002860,id_002819,sar,sar/sar_002860.tif
sar_002861,id_002820,sar,sar/sar_002861.tif
sar_002862,id_002820,sar,sar/sar_002862.tif
sar_002863,id_002821,sar,sar/sar_002863.tif
sar_002864,id_002822,sar,sar/sar_002864.tif
sar_002865,id_002823,sar,sar/sar_002865.tif
sar_002866,id_002824,sar,sar/sar_002866.tif
sar_002867,id_002825,sar,sar/sar_002867.tif
sar_002868,id_002826,sar,sar/sar_002868.tif
sar_002869,id_002827,sar,sar/sar_002869.tif
sar_002870,id_002828,sar,sar/sar_002870.tif
sar_002871,id_002829,sar,sar/sar_002871.tif
sar_002872,id_002830,sar,sar/sar_002872.tif
sar_002873,id_002831,sar,sar/sar_002873.tif
sar_002874,id_002831,sar,sar/sar_002874.tif
sar_002875,id_002832,sar,sar/sar_002875.tif
sar_002876,id_002833,sar,sar/sar_002876.tif
sar_002877,id_002834,sar,sar/sar_002877.tif
sar_002878,id_002835,sar,sar/sar_002878.tif
sar_002879,id_002836,sar,sar/sar_002879.tif
sar_002880,id_002837,sar,sar/sar_002880.tif
sar_002881,id_002838,sar,sar/sar_002881.tif
sar_002882,id_002839,sar,sar/sar_002882.tif
sar_002883,id_002840,sar,sar/sar_002883.tif
sar_002884,id_002841,sar,sar/sar_002884.tif
sar_002885,id_002842,sar,sar/sar_002885.tif
sar_002886,id_002843,sar,sar/sar_002886.tif
sar_002887,id_002844,sar,sar/sar_002887.tif
sar_002888,id_002845,sar,sar/sar_002888.tif
sar_002889,id_002846,sar,sar/sar_002889.tif
sar_002890,id_002847,sar,sar/sar_002890.tif
sar_002891,id_002848,sar,sar/sar_002891.tif
sar_002892,id_002849,sar,sar/sar_002892.tif
sar_002893,id_002850,sar,sar/sar_002893.tif
sar_002894,id_002851,sar,sar/sar_002894.tif
sar_002895,id_002852,sar,sar/sar_002895.tif
sar_002896,id_002853,sar,sar/sar_002896.tif
sar_002897,id_002853,sar,sar/sar_002897.tif
sar_002898,id_002854,sar,sar/sar_002898.tif
sar_002899,id_002855,sar,sar/sar_002899.tif
sar_002900,id_002856,sar,sar/sar_002900.tif
sar_002901,id_002857,sar,sar/sar_002901.tif
sar_002902,id_002858,sar,sar/sar_002902.tif
sar_002903,id_002859,sar,sar/sar_002903.tif
sar_002904,id_002860,sar,sar/sar_002904.tif
sar_002905,id_002861,sar,sar/sar_002905.tif
sar_002906,id_002862,sar,sar/sar_002906.tif
sar_002907,id_002863,sar,sar/sar_002907.tif
sar_002908,id_002864,sar,sar/sar_002908.tif
sar_002909,id_002865,sar,sar/sar_002909.tif
sar_002910,id_002866,sar,sar/sar_002910.tif
sar_002911,id_002867,sar,sar/sar_002911.tif
sar_002912,id_002868,sar,sar/sar_002912.tif
sar_002913,id_002869,sar,sar/sar_002913.tif
sar_002914,id_002870,sar,sar/sar_002914.tif
sar_002915,id_002871,sar,sar/sar_002915.tif
sar_002916,id_002872,sar,sar/sar_002916.tif
sar_002917,id_002873,sar,sar/sar_002917.tif
sar_002918,id_002874,sar,sar/sar_002918.tif
sar_002919,id_002875,sar,sar/sar_002919.tif
sar_002920,id_002876,sar,sar/sar_002920.tif
sar_002921,id_002877,sar,sar/sar_002921.tif
sar_002922,id_002878,sar,sar/sar_002922.tif
sar_002923,id_002879,sar,sar/sar_002923.tif
sar_002924,id_002880,sar,sar/sar_002924.tif
sar_002925,id_002881,sar,sar/sar_002925.tif
sar_002926,id_002881,sar,sar/sar_002926.tif
sar_002927,id_002882,sar,sar/sar_002927.tif
sar_002928,id_002883,sar,sar/sar_002928.tif
sar_002929,id_002884,sar,sar/sar_002929.tif
sar_002930,id_002885,sar,sar/sar_002930.tif
sar_002931,id_002886,sar,sar/sar_002931.tif
sar_002932,id_002887,sar,sar/sar_002932.tif
sar_002933,id_002888,sar,sar/sar_002933.tif
sar_002934,id_002889,sar,sar/sar_002934.tif
sar_002935,id_002890,sar,sar/sar_002935.tif
sar_002936,id_002891,sar,sar/sar_002936.tif
sar_002937,id_002892,sar,sar/sar_002937.tif
sar_002938,id_002893,sar,sar/sar_002938.tif
sar_002939,id_002894,sar,sar/sar_002939.tif
sar_002940,id_002895,sar,sar/sar_002940.tif
sar_002941,id_002896,sar,sar/sar_002941.tif
sar_002942,id_002897,sar,sar/sar_002942.tif
sar_002943,id_002897,sar,sar/sar_002943.tif
sar_002944,id_002898,sar,sar/sar_002944.tif
sar_002945,id_002899,sar,sar/sar_002945.tif
sar_002946,id_002900,sar,sar/sar_002946.tif
sar_002947,id_002901,sar,sar/sar_002947.tif
sar_002948,id_002902,sar,sar/sar_002948.tif
sar_002949,id_002903,sar,sar/sar_002949.tif
sar_002950,id_002904,sar,sar/sar_002950.tif
sar_002951,id_002905,sar,sar/sar_002951.tif
sar_002952,id_002906,sar,sar/sar_002952.tif
sar_002953,id_002907,sar,sar/sar_002953.tif
sar_002954,id_002908,sar,sar/sar_002954.tif
sar_002955,id_002909,sar,sar/sar_002955.tif
sar_002956,id_002910,sar,sar/sar_002956.tif
sar_002957,id_002911,sar,sar/sar_002957.tif
sar_002958,id_002912,sar,sar/sar_002958.tif
sar_002959,id_002913,sar,sar/sar_002959.tif
sar_002960,id_002914,sar,sar/sar_002960.tif
sar_002961,id_002915,sar,sar/sar_002961.tif
sar_002962,id_002916,sar,sar/sar_002962.tif
sar_002963,id_002917,sar,sar/sar_002963.tif
sar_002964,id_002918,sar,sar/sar_002964.tif
sar_002965,id_002919,sar,sar/sar_002965.tif
sar_002966,id_002920,sar,sar/sar_002966.tif
sar_002967,id_002921,sar,sar/sar_002967.tif
sar_002968,id_002921,sar,sar/sar_002968.tif
sar_002969,id_002922,sar,sar/sar_002969.tif
sar_002970,id_002923,sar,sar/sar_002970.tif
sar_002971,id_002924,sar,sar/sar_002971.tif
sar_002972,id_002925,sar,sar/sar_002972.tif
sar_002973,id_002926,sar,sar/sar_002973.tif
sar_002974,id_002927,sar,sar/sar_002974.tif
sar_002975,id_002928,sar,sar/sar_002975.tif
sar_002976,id_002929,sar,sar/sar_002976.tif
sar_002977,id_002930,sar,sar/sar_002977.tif
sar_002978,id_002931,sar,sar/sar_002978.tif
sar_002979,id_002932,sar,sar/sar_002979.tif
sar_002980,id_002933,sar,sar/sar_002980.tif
sar_002981,id_002934,sar,sar/sar_002981.tif
sar_002982,id_002935,sar,sar/sar_002982.tif
sar_002983,id_002936,sar,sar/sar_002983.tif
sar_002984,id_002937,sar,sar/sar_002984.tif
sar_002985,id_002938,sar,sar/sar_002985.tif
sar_002986,id_002939,sar,sar/sar_002986.tif
sar_002987,id_002940,sar,sar/sar_002987.tif
sar_002988,id_002941,sar,sar/sar_002988.tif
sar_002989,id_002942,sar,sar/sar_002989.tif
sar_002990,id_002943,sar,sar/sar_002990.tif
sar_002991,id_002944,sar,sar/sar_002991.tif
sar_002992,id_002945,sar,sar/sar_002992.tif
sar_002993,id_002946,sar,sar/sar_002993.tif
sar_002994,id_002947,sar,sar/sar_002994.tif
sar_002995,id_002948,sar,sar/sar_002995.tif
sar_002996,id_002949,sar,sar/sar_002996.tif
sar_002997,id_002950,sar,sar/sar_002997.tif
sar_002998,id_002951,sar,sar/sar_002998.tif
sar_002999,id_002952,sar,sar/sar_002999.tif
sar_003000,id_002953,sar,sar/sar_003000.tif
sar_003001,id_002954,sar,sar/sar_003001.tif
sar_003002,id_002955,sar,sar/sar_003002.tif
sar_003003,id_002956,sar,sar/sar_003003.tif
sar_003004,id_002957,sar,sar/sar_003004.tif
sar_003005,id_002958,sar,sar/sar_003005.tif
sar_003006,id_002959,sar,sar/sar_003006.tif
sar_003007,id_002960,sar,sar/sar_003007.tif
sar_003008,id_002961,sar,sar/sar_003008.tif
sar_003009,id_002962,sar,sar/sar_003009.tif
sar_003010,id_002963,sar,sar/sar_003010.tif
sar_003011,id_002964,sar,sar/sar_003011.tif
sar_003012,id_002965,sar,sar/sar_003012.tif
sar_003013,id_002966,sar,sar/sar_003013.tif
sar_003014,id_002967,sar,sar/sar_003014.tif
sar_003015,id_002968,sar,sar/sar_003015.tif
sar_003016,id_002969,sar,sar/sar_003016.tif
sar_003017,id_002970,sar,sar/sar_003017.tif
sar_003018,id_002971,sar,sar/sar_003018.tif
sar_003019,id_002972,sar,sar/sar_003019.tif
sar_003020,id_002973,sar,sar/sar_003020.tif
sar_003021,id_002974,sar,sar/sar_003021.tif
sar_003022,id_002975,sar,sar/sar_003022.tif
sar_003023,id_002976,sar,sar/sar_003023.tif
sar_003024,id_002977,sar,sar/sar_003024.tif
sar_003025,id_002978,sar,sar/sar_003025.tif
sar_003026,id_002979,sar,sar/sar_003026.tif
sar_003027,id_002980,sar,sar/sar_003027.tif
sar_003028,id_002981,sar,sar/sar_003028.tif
sar_003029,id_002982,sar,sar/sar_003029.tif
sar_003030,id_002983,sar,sar/sar_003030.tif
sar_003031,id_002984,sar,sar/sar_003031.tif
sar_003032,id_002985,sar,sar/sar_003032.tif
sar_003033,id_002986,sar,sar/sar_003033.tif
sar_003034,id_002987,sar,sar/sar_003034.tif
sar_003035,id_002988,sar,sar/sar_003035.tif
sar_003036,id_002989,sar,sar/sar_003036.tif
sar_003037,id_002990,sar,sar/sar_003037.tif
sar_003038,id_002991,sar,sar/sar_003038.tif
sar_003039,id_002992,sar,sar/sar_003039.tif
sar_003040,id_002993,sar,sar/sar_003040.tif
sar_003041,id_002994,sar,sar/sar_003041.tif
sar_003042,id_002995,sar,sar/sar_003042.tif
sar_003043,id_002996,sar,sar/sar_003043.tif
sar_003044,id_002997,sar,sar/sar_003044.tif
sar_003045,id_002998,sar,sar/sar_003045.tif
sar_003046,id_002999,sar,sar/sar_003046.tif
sar_003047,id_003000,sar,sar/sar_003047.tif
sar_003048,id_003001,sar,sar/sar_003048.tif
sar_003049,id_003002,sar,sar/sar_003049.tif
sar_003050,id_003003,sar,sar/sar_003050.tif
sar_003051,id_003004,sar,sar/sar_003051.tif
sar_003052,id_003005,sar,sar/sar_003052.tif
sar_003053,id_003006,sar,sar/sar_003053.tif
sar_003054,id_003007,sar,sar/sar_003054.tif
sar_003055,id_003008,sar,sar/sar_003055.tif
sar_003056,id_003009,sar,sar/sar_003056.tif
sar_003057,id_003010,sar,sar/sar_003057.tif
sar_003058,id_003011,sar,sar/sar_003058.tif
sar_003059,id_003012,sar,sar/sar_003059.tif
sar_003060,id_003013,sar,sar/sar_003060.tif
sar_003061,id_003014,sar,sar/sar_003061.tif
sar_003062,id_003015,sar,sar/sar_003062.tif
sar_003063,id_003016,sar,sar/sar_003063.tif
sar_003064,id_003017,sar,sar/sar_003064.tif
sar_003065,id_003018,sar,sar/sar_003065.tif
sar_003066,id_003019,sar,sar/sar_003066.tif
sar_003067,id_003020,sar,sar/sar_003067.tif
sar_003068,id_003021,sar,sar/sar_003068.tif
sar_003069,id_003022,sar,sar/sar_003069.tif
sar_003070,id_003023,sar,sar/sar_003070.tif
sar_003071,id_003024,sar,sar/sar_003071.tif
sar_003072,id_003025,sar,sar/sar_003072.tif
sar_003073,id_003025,sar,sar/sar_003073.tif
sar_003074,id_003026,sar,sar/sar_003074.tif
sar_003075,id_003027,sar,sar/sar_003075.tif
sar_003076,id_003028,sar,sar/sar_003076.tif
sar_003077,id_003029,sar,sar/sar_003077.tif
sar_003078,id_003030,sar,sar/sar_003078.tif
sar_003079,id_003031,sar,sar/sar_003079.tif
sar_003080,id_003032,sar,sar/sar_003080.tif
sar_003081,id_003033,sar,sar/sar_003081.tif
sar_003082,id_003034,sar,sar/sar_003082.tif
sar_003083,id_003035,sar,sar/sar_003083.tif
sar_003084,id_003036,sar,sar/sar_003084.tif
sar_003085,id_003037,sar,sar/sar_003085.tif
sar_003086,id_003038,sar,sar/sar_003086.tif
sar_003087,id_003039,sar,sar/sar_003087.tif
sar_003088,id_003040,sar,sar/sar_003088.tif
sar_003089,id_003041,sar,sar/sar_003089.tif
sar_003090,id_003042,sar,sar/sar_003090.tif
sar_003091,id_003043,sar,sar/sar_003091.tif
sar_003092,id_003044,sar,sar/sar_003092.tif
sar_003093,id_003045,sar,sar/sar_003093.tif
sar_003094,id_003046,sar,sar/sar_003094.tif
sar_003095,id_003047,sar,sar/sar_003095.tif
sar_003096,id_003048,sar,sar/sar_003096.tif
sar_003097,id_003049,sar,sar/sar_003097.tif
sar_003098,id_003050,sar,sar/sar_003098.tif
sar_003099,id_003051,sar,sar/sar_003099.tif
sar_003100,id_003052,sar,sar/sar_003100.tif
sar_003101,id_003053,sar,sar/sar_003101.tif
sar_003102,id_003054,sar,sar/sar_003102.tif
sar_003103,id_003055,sar,sar/sar_003103.tif
sar_003104,id_003056,sar,sar/sar_003104.tif
sar_003105,id_003057,sar,sar/sar_003105.tif
sar_003106,id_003058,sar,sar/sar_003106.tif
sar_003107,id_003059,sar,sar/sar_003107.tif
sar_003108,id_003060,sar,sar/sar_003108.tif
sar_003109,id_003061,sar,sar/sar_003109.tif
sar_003110,id_003062,sar,sar/sar_003110.tif
sar_003111,id_003063,sar,sar/sar_003111.tif
sar_003112,id_003064,sar,sar/sar_003112.tif
sar_003113,id_003065,sar,sar/sar_003113.tif
sar_003114,id_003066,sar,sar/sar_003114.tif
sar_003115,id_003067,sar,sar/sar_003115.tif
sar_003116,id_003068,sar,sar/sar_003116.tif
sar_003117,id_003069,sar,sar/sar_003117.tif
sar_003118,id_003070,sar,sar/sar_003118.tif
sar_003119,id_003071,sar,sar/sar_003119.tif
sar_003120,id_003072,sar,sar/sar_003120.tif
sar_003121,id_003073,sar,sar/sar_003121.tif
sar_003122,id_003074,sar,sar/sar_003122.tif
sar_003123,id_003075,sar,sar/sar_003123.tif
sar_003124,id_003076,sar,sar/sar_003124.tif
sar_003125,id_003077,sar,sar/sar_003125.tif
sar_003126,id_003078,sar,sar/sar_003126.tif
sar_003127,id_003079,sar,sar/sar_003127.tif
sar_003128,id_003080,sar,sar/sar_003128.tif
sar_003129,id_003081,sar,sar/sar_003129.tif
sar_003130,id_003082,sar,sar/sar_003130.tif
sar_003131,id_003083,sar,sar/sar_003131.tif
sar_003132,id_003084,sar,sar/sar_003132.tif
sar_003133,id_003085,sar,sar/sar_003133.tif
sar_003134,id_003086,sar,sar/sar_003134.tif
sar_003135,id_003087,sar,sar/sar_003135.tif
sar_003136,id_003088,sar,sar/sar_003136.tif
sar_003137,id_003089,sar,sar/sar_003137.tif
sar_003138,id_003090,sar,sar/sar_003138.tif
sar_003139,id_003091,sar,sar/sar_003139.tif
sar_003140,id_003092,sar,sar/sar_003140.tif
sar_003141,id_003093,sar,sar/sar_003141.tif
sar_003142,id_003094,sar,sar/sar_003142.tif
sar_003143,id_003095,sar,sar/sar_003143.tif
sar_003144,id_003096,sar,sar/sar_003144.tif
sar_003145,id_003097,sar,sar/sar_003145.tif
sar_003146,id_003098,sar,sar/sar_003146.tif
sar_003147,id_003099,sar,sar/sar_003147.tif
sar_003148,id_003100,sar,sar/sar_003148.tif
sar_003149,id_003101,sar,sar/sar_003149.tif
sar_003150,id_003102,sar,sar/sar_003150.tif
sar_003151,id_003103,sar,sar/sar_003151.tif
sar_003152,id_003104,sar,sar/sar_003152.tif
sar_003153,id_003105,sar,sar/sar_003153.tif
sar_003154,id_003106,sar,sar/sar_003154.tif
sar_003155,id_003107,sar,sar/sar_003155.tif
sar_003156,id_003108,sar,sar/sar_003156.tif
sar_003157,id_003109,sar,sar/sar_003157.tif
sar_003158,id_003110,sar,sar/sar_003158.tif
sar_003159,id_003111,sar,sar/sar_003159.tif
sar_003160,id_003112,sar,sar/sar_003160.tif
sar_003161,id_003113,sar,sar/sar_003161.tif
sar_003162,id_003114,sar,sar/sar_003162.tif
sar_003163,id_003115,sar,sar/sar_003163.tif
sar_003164,id_003116,sar,sar/sar_003164.tif
sar_003165,id_003117,sar,sar/sar_003165.tif
sar_003166,id_003118,sar,sar/sar_003166.tif
sar_003167,id_003119,sar,sar/sar_003167.tif
sar_003168,id_003120,sar,sar/sar_003168.tif
sar_003169,id_003121,sar,sar/sar_003169.tif
sar_003170,id_003122,sar,sar/sar_003170.tif
sar_003171,id_003123,sar,sar/sar_003171.tif
sar_003172,id_003124,sar,sar/sar_003172.tif
sar_003173,id_003125,sar,sar/sar_003173.tif
sar_003174,id_003126,sar,sar/sar_003174.tif
sar_003175,id_003127,sar,sar/sar_003175.tif
sar_003176,id_003128,sar,sar/sar_003176.tif
sar_003177,id_003129,sar,sar/sar_003177.tif
sar_003178,id_003130,sar,sar/sar_003178.tif
sar_003179,id_003131,sar,sar/sar_003179.tif
sar_003180,id_003132,sar,sar/sar_003180.tif
sar_003181,id_003133,sar,sar/sar_003181.tif
sar_003182,id_003134,sar,sar/sar_003182.tif
sar_003183,id_003135,sar,sar/sar_003183.tif
sar_003184,id_003135,sar,sar/sar_003184.tif
sar_003185,id_003136,sar,sar/sar_003185.tif
sar_003186,id_003137,sar,sar/sar_003186.tif
sar_003187,id_003138,sar,sar/sar_003187.tif
sar_003188,id_003139,sar,sar/sar_003188.tif
sar_003189,id_003140,sar,sar/sar_003189.tif
sar_003190,id_003141,sar,sar/sar_003190.tif
sar_003191,id_003142,sar,sar/sar_003191.tif
sar_003192,id_003143,sar,sar/sar_003192.tif
sar_003193,id_003144,sar,sar/sar_003193.tif
sar_003194,id_003145,sar,sar/sar_003194.tif
sar_003195,id_003146,sar,sar/sar_003195.tif
sar_003196,id_003147,sar,sar/sar_003196.tif
sar_003197,id_003148,sar,sar/sar_003197.tif
sar_003198,id_003149,sar,sar/sar_003198.tif
sar_003199,id_003150,sar,sar/sar_003199.tif
sar_003200,id_003151,sar,sar/sar_003200.tif
sar_003201,id_003152,sar,sar/sar_003201.tif
sar_003202,id_003153,sar,sar/sar_003202.tif
sar_003203,id_003154,sar,sar/sar_003203.tif
sar_003204,id_003155,sar,sar/sar_003204.tif
sar_003205,id_003156,sar,sar/sar_003205.tif
sar_003206,id_003157,sar,sar/sar_003206.tif
sar_003207,id_003158,sar,sar/sar_003207.tif
sar_003208,id_003158,sar,sar/sar_003208.tif
sar_003209,id_003159,sar,sar/sar_003209.tif
sar_003210,id_003160,sar,sar/sar_003210.tif
sar_003211,id_003161,sar,sar/sar_003211.tif
sar_003212,id_003162,sar,sar/sar_003212.tif
sar_003213,id_003163,sar,sar/sar_003213.tif
sar_003214,id_003164,sar,sar/sar_003214.tif
sar_003215,id_003165,sar,sar/sar_003215.tif
sar_003216,id_003166,sar,sar/sar_003216.tif
sar_003217,id_003167,sar,sar/sar_003217.tif
sar_003218,id_003167,sar,sar/sar_003218.tif
sar_003219,id_003168,sar,sar/sar_003219.tif
sar_003220,id_003169,sar,sar/sar_003220.tif
sar_003221,id_003170,sar,sar/sar_003221.tif
sar_003222,id_003171,sar,sar/sar_003222.tif
sar_003223,id_003172,sar,sar/sar_003223.tif
sar_003224,id_003173,sar,sar/sar_003224.tif
sar_003225,id_003174,sar,sar/sar_003225.tif
sar_003226,id_003175,sar,sar/sar_003226.tif
sar_003227,id_003176,sar,sar/sar_003227.tif
sar_003228,id_003177,sar,sar/sar_003228.tif
sar_003229,id_003178,sar,sar/sar_003229.tif
sar_003230,id_003179,sar,sar/sar_003230.tif
sar_003231,id_003180,sar,sar/sar_003231.tif
sar_003232,id_003181,sar,sar/sar_003232.tif
sar_003233,id_003182,sar,sar/sar_003233.tif
sar_003234,id_003183,sar,sar/sar_003234.tif
sar_003235,id_003184,sar,sar/sar_003235.tif
sar_003236,id_003185,sar,sar/sar_003236.tif
sar_003237,id_003186,sar,sar/sar_003237.tif
sar_003238,id_003187,sar,sar/sar_003238.tif
sar_003239,id_003188,sar,sar/sar_003239.tif
sar_003240,id_003189,sar,sar/sar_003240.tif
sar_003241,id_003190,sar,sar/sar_003241.tif
sar_003242,id_003191,sar,sar/sar_003242.tif
sar_003243,id_003192,sar,sar/sar_003243.tif
sar_003244,id_003193,sar,sar/sar_003244.tif
sar_003245,id_003194,sar,sar/sar_003245.tif
sar_003246,id_003195,sar,sar/sar_003246.tif
sar_003247,id_003196,sar,sar/sar_003247.tif
sar_003248,id_003197,sar,sar/sar_003248.tif
sar_003249,id_003198,sar,sar/sar_003249.tif
sar_003250,id_003199,sar,sar/sar_003250.tif
sar_003251,id_003200,sar,sar/sar_003251.tif
sar_003252,id_003201,sar,sar/sar_003252.tif
sar_003253,id_003202,sar,sar/sar_003253.tif
sar_003254,id_003203,sar,sar/sar_003254.tif
sar_003255,id_003204,sar,sar/sar_003255.tif
sar_003256,id_003205,sar,sar/sar_003256.tif
sar_003257,id_003206,sar,sar/sar_003257.tif
sar_003258,id_003207,sar,sar/sar_003258.tif
sar_003259,id_003208,sar,sar/sar_003259.tif
sar_003260,id_003209,sar,sar/sar_003260.tif
sar_003261,id_003210,sar,sar/sar_003261.tif
sar_003262,id_003211,sar,sar/sar_003262.tif
sar_003263,id_003212,sar,sar/sar_003263.tif
sar_003264,id_003213,sar,sar/sar_003264.tif
sar_003265,id_003214,sar,sar/sar_003265.tif
sar_003266,id_003215,sar,sar/sar_003266.tif
sar_003267,id_003216,sar,sar/sar_003267.tif
sar_003268,id_003217,sar,sar/sar_003268.tif
sar_003269,id_003218,sar,sar/sar_003269.tif
sar_003270,id_003219,sar,sar/sar_003270.tif
sar_003271,id_003220,sar,sar/sar_003271.tif
sar_003272,id_003221,sar,sar/sar_003272.tif
sar_003273,id_003222,sar,sar/sar_003273.tif
sar_003274,id_003223,sar,sar/sar_003274.tif
sar_003275,id_003224,sar,sar/sar_003275.tif
sar_003276,id_003225,sar,sar/sar_003276.tif
sar_003277,id_003226,sar,sar/sar_003277.tif
sar_003278,id_003227,sar,sar/sar_003278.tif
sar_003279,id_003228,sar,sar/sar_003279.tif
sar_003280,id_003229,sar,sar/sar_003280.tif
sar_003281,id_003230,sar,sar/sar_003281.tif
sar_003282,id_003231,sar,sar/sar_003282.tif
sar_003283,id_003232,sar,sar/sar_003283.tif
sar_003284,id_003233,sar,sar/sar_003284.tif
sar_003285,id_003234,sar,sar/sar_003285.tif
sar_003286,id_003235,sar,sar/sar_003286.tif
sar_003287,id_003236,sar,sar/sar_003287.tif
sar_003288,id_003237,sar,sar/sar_003288.tif
sar_003289,id_003238,sar,sar/sar_003289.tif
sar_003290,id_003239,sar,sar/sar_003290.tif
sar_003291,id_003240,sar,sar/sar_003291.tif
sar_003292,id_003241,sar,sar/sar_003292.tif
sar_003293,id_003242,sar,sar/sar_003293.tif
sar_003294,id_003243,sar,sar/sar_003294.tif
sar_003295,id_003244,sar,sar/sar_003295.tif
sar_003296,id_003245,sar,sar/sar_003296.tif
sar_003297,id_003246,sar,sar/sar_003297.tif
sar_003298,id_003247,sar,sar/sar_003298.tif
sar_003299,id_003248,sar,sar/sar_003299.tif
sar_003300,id_003249,sar,sar/sar_003300.tif
sar_003301,id_003250,sar,sar/sar_003301.tif
sar_003302,id_003251,sar,sar/sar_003302.tif
sar_003303,id_003252,sar,sar/sar_003303.tif
sar_003304,id_003253,sar,sar/sar_003304.tif
sar_003305,id_003254,sar,sar/sar_003305.tif
sar_003306,id_003255,sar,sar/sar_003306.tif
sar_003307,id_003256,sar,sar/sar_003307.tif
sar_003308,id_003257,sar,sar/sar_003308.tif
sar_003309,id_003258,sar,sar/sar_003309.tif
sar_003310,id_003259,sar,sar/sar_003310.tif
sar_003311,id_003260,sar,sar/sar_003311.tif
sar_003312,id_003261,sar,sar/sar_003312.tif
sar_003313,id_003262,sar,sar/sar_003313.tif
sar_003314,id_003263,sar,sar/sar_003314.tif
sar_003315,id_003264,sar,sar/sar_003315.tif
sar_003316,id_003265,sar,sar/sar_003316.tif
sar_003317,id_003266,sar,sar/sar_003317.tif
sar_003318,id_003267,sar,sar/sar_003318.tif
sar_003319,id_003268,sar,sar/sar_003319.tif
sar_003320,id_003269,sar,sar/sar_003320.tif
sar_003321,id_003270,sar,sar/sar_003321.tif
sar_003322,id_003271,sar,sar/sar_003322.tif
sar_003323,id_003272,sar,sar/sar_003323.tif
sar_003324,id_003273,sar,sar/sar_003324.tif
sar_003325,id_003274,sar,sar/sar_003325.tif
sar_003326,id_003275,sar,sar/sar_003326.tif
sar_003327,id_003276,sar,sar/sar_003327.tif
sar_003328,id_003277,sar,sar/sar_003328.tif
sar_003329,id_003278,sar,sar/sar_003329.tif
sar_003330,id_003279,sar,sar/sar_003330.tif
sar_003331,id_003280,sar,sar/sar_003331.tif
sar_003332,id_003281,sar,sar/sar_003332.tif
sar_003333,id_003282,sar,sar/sar_003333.tif
sar_003334,id_003283,sar,sar/sar_003334.tif
sar_003335,id_003284,sar,sar/sar_003335.tif
sar_003336,id_003285,sar,sar/sar_003336.tif
sar_003337,id_003286,sar,sar/sar_003337.tif
sar_003338,id_003287,sar,sar/sar_003338.tif
sar_003339,id_003288,sar,sar/sar_003339.tif
sar_003340,id_003289,sar,sar/sar_003340.tif
sar_003341,id_003290,sar,sar/sar_003341.tif
sar_003342,id_003291,sar,sar/sar_003342.tif
sar_003343,id_003292,sar,sar/sar_003343.tif
sar_003344,id_003293,sar,sar/sar_003344.tif
sar_003345,id_003294,sar,sar/sar_003345.tif
sar_003346,id_003295,sar,sar/sar_003346.tif
sar_003347,id_003296,sar,sar/sar_003347.tif
sar_003348,id_003297,sar,sar/sar_003348.tif
sar_003349,id_003298,sar,sar/sar_003349.tif
sar_003350,id_003299,sar,sar/sar_003350.tif
sar_003351,id_003300,sar,sar/sar_003351.tif
sar_003352,id_003301,sar,sar/sar_003352.tif
sar_003353,id_003302,sar,sar/sar_003353.tif
sar_003354,id_003303,sar,sar/sar_003354.tif
sar_003355,id_003304,sar,sar/sar_003355.tif
sar_003356,id_003305,sar,sar/sar_003356.tif
sar_003357,id_003306,sar,sar/sar_003357.tif
sar_003358,id_003307,sar,sar/sar_003358.tif
sar_003359,id_003308,sar,sar/sar_003359.tif
sar_003360,id_003309,sar,sar/sar_003360.tif
sar_003361,id_003310,sar,sar/sar_003361.tif
sar_003362,id_003311,sar,sar/sar_003362.tif
sar_003363,id_003312,sar,sar/sar_003363.tif
sar_003364,id_003313,sar,sar/sar_003364.tif
sar_003365,id_003314,sar,sar/sar_003365.tif
sar_003366,id_003315,sar,sar/sar_003366.tif
sar_003367,id_003316,sar,sar/sar_003367.tif
sar_003368,id_003317,sar,sar/sar_003368.tif
sar_003369,id_003318,sar,sar/sar_003369.tif
sar_003370,id_003319,sar,sar/sar_003370.tif
sar_003371,id_003320,sar,sar/sar_003371.tif
sar_003372,id_003321,sar,sar/sar_003372.tif
sar_003373,id_003322,sar,sar/sar_003373.tif
sar_003374,id_003323,sar,sar/sar_003374.tif
sar_003375,id_003324,sar,sar/sar_003375.tif
sar_003376,id_003325,sar,sar/sar_003376.tif
sar_003377,id_003326,sar,sar/sar_003377.tif
sar_003378,id_003327,sar,sar/sar_003378.tif
sar_003379,id_003328,sar,sar/sar_003379.tif
sar_003380,id_003329,sar,sar/sar_003380.tif
sar_003381,id_003330,sar,sar/sar_003381.tif
sar_003382,id_003331,sar,sar/sar_003382.tif
sar_003383,id_003331,sar,sar/sar_003383.tif
sar_003384,id_003332,sar,sar/sar_003384.tif
sar_003385,id_003333,sar,sar/sar_003385.tif
sar_003386,id_003334,sar,sar/sar_003386.tif
sar_003387,id_003335,sar,sar/sar_003387.tif
sar_003388,id_003336,sar,sar/sar_003388.tif
sar_003389,id_003337,sar,sar/sar_003389.tif
sar_003390,id_003338,sar,sar/sar_003390.tif
sar_003391,id_003339,sar,sar/sar_003391.tif
sar_003392,id_003340,sar,sar/sar_003392.tif
sar_003393,id_003341,sar,sar/sar_003393.tif
sar_003394,id_003342,sar,sar/sar_003394.tif
sar_003395,id_003343,sar,sar/sar_003395.tif
sar_003396,id_003344,sar,sar/sar_003396.tif
sar_003397,id_003345,sar,sar/sar_003397.tif
sar_003398,id_003346,sar,sar/sar_003398.tif
sar_003399,id_003347,sar,sar/sar_003399.tif
sar_003400,id_003348,sar,sar/sar_003400.tif
sar_003401,id_003349,sar,sar/sar_003401.tif
sar_003402,id_003350,sar,sar/sar_003402.tif
sar_003403,id_003351,sar,sar/sar_003403.tif
sar_003404,id_003352,sar,sar/sar_003404.tif
sar_003405,id_003353,sar,sar/sar_003405.tif
sar_003406,id_003354,sar,sar/sar_003406.tif
sar_003407,id_003355,sar,sar/sar_003407.tif
sar_003408,id_003356,sar,sar/sar_003408.tif
sar_003409,id_003357,sar,sar/sar_003409.tif
sar_003410,id_003358,sar,sar/sar_003410.tif
sar_003411,id_003359,sar,sar/sar_003411.tif
sar_003412,id_003360,sar,sar/sar_003412.tif
sar_003413,id_003361,sar,sar/sar_003413.tif
sar_003414,id_003361,sar,sar/sar_003414.tif
sar_003415,id_003362,sar,sar/sar_003415.tif
sar_003416,id_003363,sar,sar/sar_003416.tif
sar_003417,id_003364,sar,sar/sar_003417.tif
sar_003418,id_003365,sar,sar/sar_003418.tif
sar_003419,id_003366,sar,sar/sar_003419.tif
sar_003420,id_003367,sar,sar/sar_003420.tif
sar_003421,id_003368,sar,sar/sar_003421.tif
sar_003422,id_003369,sar,sar/sar_003422.tif
sar_003423,id_003370,sar,sar/sar_003423.tif
sar_003424,id_003371,sar,sar/sar_003424.tif
sar_003425,id_003372,sar,sar/sar_003425.tif
sar_003426,id_003373,sar,sar/sar_003426.tif
sar_003427,id_003374,sar,sar/sar_003427.tif
sar_003428,id_003375,sar,sar/sar_003428.tif
sar_003429,id_003376,sar,sar/sar_003429.tif
sar_003430,id_003377,sar,sar/sar_003430.tif
sar_003431,id_003378,sar,sar/sar_003431.tif
sar_003432,id_003379,sar,sar/sar_003432.tif
sar_003433,id_003380,sar,sar/sar_003433.tif
sar_003434,id_003381,sar,sar/sar_003434.tif
sar_003435,id_003382,sar,sar/sar_003435.tif
sar_003436,id_003383,sar,sar/sar_003436.tif
sar_003437,id_003384,sar,sar/sar_003437.tif
sar_003438,id_003385,sar,sar/sar_003438.tif
sar_003439,id_003386,sar,sar/sar_003439.tif
sar_003440,id_003387,sar,sar/sar_003440.tif
sar_003441,id_003388,sar,sar/sar_003441.tif
sar_003442,id_003389,sar,sar/sar_003442.tif
sar_003443,id_003390,sar,sar/sar_003443.tif
sar_003444,id_003391,sar,sar/sar_003444.tif
sar_003445,id_003392,sar,sar/sar_003445.tif
sar_003446,id_003393,sar,sar/sar_003446.tif
sar_003447,id_003394,sar,sar/sar_003447.tif
sar_003448,id_003395,sar,sar/sar_003448.tif
sar_003449,id_003396,sar,sar/sar_003449.tif
sar_003450,id_003397,sar,sar/sar_003450.tif
sar_003451,id_003397,sar,sar/sar_003451.tif
sar_003452,id_003398,sar,sar/sar_003452.tif
sar_003453,id_003399,sar,sar/sar_003453.tif
sar_003454,id_003400,sar,sar/sar_003454.tif
sar_003455,id_003401,sar,sar/sar_003455.tif
sar_003456,id_003402,sar,sar/sar_003456.tif
sar_003457,id_003403,sar,sar/sar_003457.tif
sar_003458,id_003404,sar,sar/sar_003458.tif
sar_003459,id_003405,sar,sar/sar_003459.tif
sar_003460,id_003406,sar,sar/sar_003460.tif
sar_003461,id_003407,sar,sar/sar_003461.tif
sar_003462,id_003408,sar,sar/sar_003462.tif
sar_003463,id_003409,sar,sar/sar_003463.tif
sar_003464,id_003410,sar,sar/sar_003464.tif
sar_003465,id_003411,sar,sar/sar_003465.tif
sar_003466,id_003412,sar,sar/sar_003466.tif
sar_003467,id_003413,sar,sar/sar_003467.tif
sar_003468,id_003414,sar,sar/sar_003468.tif
sar_003469,id_003415,sar,sar/sar_003469.tif
sar_003470,id_003416,sar,sar/sar_003470.tif
sar_003471,id_003417,sar,sar/sar_003471.tif
sar_003472,id_003418,sar,sar/sar_003472.tif
sar_003473,id_003419,sar,sar/sar_003473.tif
sar_003474,id_003420,sar,sar/sar_003474.tif
sar_003475,id_003421,sar,sar/sar_003475.tif
sar_003476,id_003422,sar,sar/sar_003476.tif
sar_003477,id_003423,sar,sar/sar_003477.tif
sar_003478,id_003424,sar,sar/sar_003478.tif
sar_003479,id_003425,sar,sar/sar_003479.tif
sar_003480,id_003426,sar,sar/sar_003480.tif
sar_003481,id_003427,sar,sar/sar_003481.tif
sar_003482,id_003428,sar,sar/sar_003482.tif
sar_003483,id_003429,sar,sar/sar_003483.tif
sar_003484,id_003430,sar,sar/sar_003484.tif
sar_003485,id_003431,sar,sar/sar_003485.tif
sar_003486,id_003432,sar,sar/sar_003486.tif
sar_003487,id_003433,sar,sar/sar_003487.tif
sar_003488,id_003434,sar,sar/sar_003488.tif
sar_003489,id_003435,sar,sar/sar_003489.tif
sar_003490,id_003436,sar,sar/sar_003490.tif
sar_003491,id_003437,sar,sar/sar_003491.tif
sar_003492,id_003438,sar,sar/sar_003492.tif
sar_003493,id_003439,sar,sar/sar_003493.tif
sar_003494,id_003440,sar,sar/sar_003494.tif
sar_003495,id_003440,sar,sar/sar_003495.tif
sar_003496,id_003441,sar,sar/sar_003496.tif
sar_003497,id_003442,sar,sar/sar_003497.tif
sar_003498,id_003443,sar,sar/sar_003498.tif
sar_003499,id_003444,sar,sar/sar_003499.tif
sar_003500,id_003445,sar,sar/sar_003500.tif
sar_003501,id_003446,sar,sar/sar_003501.tif
sar_003502,id_003447,sar,sar/sar_003502.tif
sar_003503,id_003448,sar,sar/sar_003503.tif
sar_003504,id_003449,sar,sar/sar_003504.tif
sar_003505,id_003450,sar,sar/sar_003505.tif
sar_003506,id_003451,sar,sar/sar_003506.tif
sar_003507,id_003452,sar,sar/sar_003507.tif
sar_003508,id_003453,sar,sar/sar_003508.tif
sar_003509,id_003454,sar,sar/sar_003509.tif
sar_003510,id_003455,sar,sar/sar_003510.tif
sar_003511,id_003456,sar,sar/sar_003511.tif
sar_003512,id_003457,sar,sar/sar_003512.tif
sar_003513,id_003458,sar,sar/sar_003513.tif
sar_003514,id_003459,sar,sar/sar_003514.tif
sar_003515,id_003460,sar,sar/sar_003515.tif
sar_003516,id_003461,sar,sar/sar_003516.tif
sar_003517,id_003462,sar,sar/sar_003517.tif
sar_003518,id_003463,sar,sar/sar_003518.tif
sar_003519,id_003464,sar,sar/sar_003519.tif
sar_003520,id_003464,sar,sar/sar_003520.tif
sar_003521,id_003465,sar,sar/sar_003521.tif
sar_003522,id_003466,sar,sar/sar_003522.tif
sar_003523,id_003467,sar,sar/sar_003523.tif
sar_003524,id_003468,sar,sar/sar_003524.tif
sar_003525,id_003468,sar,sar/sar_003525.tif
sar_003526,id_003469,sar,sar/sar_003526.tif
sar_003527,id_003470,sar,sar/sar_003527.tif
sar_003528,id_003471,sar,sar/sar_003528.tif
sar_003529,id_003472,sar,sar/sar_003529.tif
sar_003530,id_003473,sar,sar/sar_003530.tif
sar_003531,id_003474,sar,sar/sar_003531.tif
sar_003532,id_003475,sar,sar/sar_003532.tif
sar_003533,id_003476,sar,sar/sar_003533.tif
sar_003534,id_003477,sar,sar/sar_003534.tif
sar_003535,id_003478,sar,sar/sar_003535.tif
sar_003536,id_003479,sar,sar/sar_003536.tif
sar_003537,id_003480,sar,sar/sar_003537.tif
sar_003538,id_003481,sar,sar/sar_003538.tif
sar_003539,id_003482,sar,sar/sar_003539.tif
sar_003540,id_003483,sar,sar/sar_003540.tif
sar_003541,id_003484,sar,sar/sar_003541.tif
sar_003542,id_003485,sar,sar/sar_003542.tif
sar_003543,id_003486,sar,sar/sar_003543.tif
sar_003544,id_003487,sar,sar/sar_003544.tif
sar_003545,id_003488,sar,sar/sar_003545.tif
sar_003546,id_003489,sar,sar/sar_003546.tif
sar_003547,id_003489,sar,sar/sar_003547.tif
sar_003548,id_003490,sar,sar/sar_003548.tif
sar_003549,id_003491,sar,sar/sar_003549.tif
sar_003550,id_003492,sar,sar/sar_003550.tif
sar_003551,id_003492,sar,sar/sar_003551.tif
sar_003552,id_003493,sar,sar/sar_003552.tif
sar_003553,id_003494,sar,sar/sar_003553.tif
sar_003554,id_003495,sar,sar/sar_003554.tif
sar_003555,id_003496,sar,sar/sar_003555.tif
sar_003556,id_003497,sar,sar/sar_003556.tif
sar_003557,id_003498,sar,sar/sar_003557.tif
sar_003558,id_003499,sar,sar/sar_003558.tif
sar_003559,id_003500,sar,sar/sar_003559.tif
sar_003560,id_003501,sar,sar/sar_003560.tif
sar_003561,id_003502,sar,sar/sar_003561.tif
sar_003562,id_003503,sar,sar/sar_003562.tif
sar_003563,id_003504,sar,sar/sar_003563.tif
sar_003564,id_003505,sar,sar/sar_003564.tif
sar_003565,id_003506,sar,sar/sar_003565.tif
sar_003566,id_003507,sar,sar/sar_003566.tif
sar_003567,id_003508,sar,sar/sar_003567.tif
sar_003568,id_003509,sar,sar/sar_003568.tif
sar_003569,id_003510,sar,sar/sar_003569.tif
sar_003570,id_003511,sar,sar/sar_003570.tif
sar_003571,id_003512,sar,sar/sar_003571.tif
sar_003572,id_003513,sar,sar/sar_003572.tif
sar_003573,id_003514,sar,sar/sar_003573.tif
sar_003574,id_003515,sar,sar/sar_003574.tif
sar_003575,id_003516,sar,sar/sar_003575.tif
sar_003576,id_003517,sar,sar/sar_003576.tif
sar_003577,id_003518,sar,sar/sar_003577.tif
sar_003578,id_003519,sar,sar/sar_003578.tif
sar_003579,id_003520,sar,sar/sar_003579.tif
sar_003580,id_003521,sar,sar/sar_003580.tif
sar_003581,id_003522,sar,sar/sar_003581.tif
sar_003582,id_003523,sar,sar/sar_003582.tif
sar_003583,id_003524,sar,sar/sar_003583.tif
sar_003584,id_003525,sar,sar/sar_003584.tif
sar_003585,id_003526,sar,sar/sar_003585.tif
sar_003586,id_003527,sar,sar/sar_003586.tif
sar_003587,id_003528,sar,sar/sar_003587.tif
sar_003588,id_003529,sar,sar/sar_003588.tif
sar_003589,id_003530,sar,sar/sar_003589.tif
sar_003590,id_003531,sar,sar/sar_003590.tif
sar_003591,id_003532,sar,sar/sar_003591.tif
sar_003592,id_003533,sar,sar/sar_003592.tif
sar_003593,id_003534,sar,sar/sar_003593.tif
